symbol,baseAsset,name,quoteVolume,days,firstOpenTime,lastOpenTime,tickSize,displayPriceDecimals,status,spotAllowed,quoteAsset,exclusion,metadataTags,sha256,rank
USDCUSDT,USDC,USDC,446794808663.54901000,261,1767225600000,1789689600000,0.00001000,5,TRADING,True,USDT,stablecoin (including depegged stablecoin designs),['stablecoin'],9e781693536489a9d7758c22ed8893456d78800c580ee3edd1d9fc5180afcb88,
BTCUSDT,BTC,Bitcoin,345068324138.67507920,261,1767225600000,1789689600000,0.01000000,2,TRADING,True,USDT,existing_universe,"['Payments', 'mining-zone']",db8d328a7cd19a5083bac90561cc04809caa8645fa49e4b66967c4b040c46435,
ETHUSDT,ETH,Ethereum,202016876818.06690700,261,1767225600000,1789689600000,0.01000000,2,TRADING,True,USDT,existing_universe,"['Layer1_Layer2', 'pos', 'mining-zone']",90102a11c628f5d580cab3bb201be35515bb7bab76bdd3da367fd0d23b4c5850,
SOLUSDT,SOL,Solana,64473748608.21184000,261,1767225600000,1789689600000,0.01000000,2,TRADING,True,USDT,existing_universe,"['Layer1_Layer2', 'pos', 'mining-zone', 'Solana']",7758a872572e885dc8d8d9b1df3e683c560d04a8838d6218b3e8ddd7bb4acc20,
USD1USDT,USD1,World Liberty Financial USD,44351057507.62996000,261,1767225600000,1789689600000,0.00001000,5,TRADING,True,USDT,stablecoin (including depegged stablecoin designs),['stablecoin'],eacc5a42f39e15fe30fa0c59493f98cca346cb8ffff6c7b814f22cb18c6f2d03,
XRPUSDT,XRP,XRP,42191947297.53636000,261,1767225600000,1789689600000,0.00010000,4,TRADING,True,USDT,existing_universe,"['Layer1_Layer2', 'Payments']",50ebcb9fd517cd6590cca08e5f052967033a6ea3fb2a8e05c690376aef2af5cb,
ZECUSDT,ZEC,Zcash,30276050996.82210000,261,1767225600000,1789689600000,0.01000000,2,TRADING,True,USDT,existing_universe,"['Payments', 'Layer1_Layer2']",c4a359eb201999282a624f7bc3c2c3091a86775467cfa3005135ba96482bcd52,
BNBUSDT,BNB,BNB,25131282041.93273000,261,1767225600000,1789689600000,0.01000000,2,TRADING,True,USDT,existing_universe,"['Layer1_Layer2', 'pos', 'BSC']",639509165452ef0788f6642680ed56ab9c9e4ecd084f03d7144d47b8011508f1,
DOGEUSDT,DOGE,Dogecoin,20464105091.23329000,261,1767225600000,1789689600000,0.00001000,5,TRADING,True,USDT,existing_universe,"['Meme', 'mining-zone']",aa41c37be74d20d3c2142deacca6a3ae5f048d113c0f71f66bd5876197874923,
FDUSDUSDT,FDUSD,First Digital USD,11719388119.94690000,261,1767225600000,1789689600000,0.00010000,4,TRADING,True,USDT,stablecoin (including depegged stablecoin designs),['stablecoin'],2f08fa7098bd3ce18f90f5844c1d89fdd19d6f3bd229b72e4c9cf5161f444a4e,
SUIUSDT,SUI,Sui,11524719209.76761000,261,1767225600000,1789689600000,0.00010000,4,TRADING,True,USDT,,"['Layer1_Layer2', 'Launchpool', 'pos']",2e2b684101c9ef6fc5e8e85fd5cd3491df5252b0f127e3492340cdec23dfc7b8,1
PAXGUSDT,PAXG,PAX Gold,11379496194.11146300,261,1767225600000,1789689600000,0.01000000,2,TRADING,True,USDT,commodity-pegged representation,['tCommodities'],0e82075fa615872e52f763d6777ddc4c52f1c8377fc92e3659469b22423515da,
TRXUSDT,TRX,TRON,10128968314.98334000,261,1767225600000,1789689600000,0.00010000,4,TRADING,True,USDT,existing_universe,"['Layer1_Layer2', 'mining-zone', 'pos']",a009175ca608c2f2e216f68358267e402f88dd9e6f907ccfcf7e6bd82b8a03c0,
NIGHTUSDT,NIGHT,Midnight,9905832262.18606000,192,1773187200000,1789689600000,0.00001000,5,TRADING,True,USDT,,"['Infrastructure', 'Layer1_Layer2', 'Seed']",ca9c6b4cbb94d66084df0a56f37140844c0e583cbf1b2b3924cc31200b6e1ced,2
NEARUSDT,NEAR,NEAR Protocol,9557436410.06610000,261,1767225600000,1789689600000,0.00100000,3,TRADING,True,USDT,,"['Layer1_Layer2', 'pos']",3ee9a5512c4e3d7c61304444f92db0f19a044f48b664da101ae59d6f868a4b85,3
PEPEUSDT,PEPE,Pepe,9393896856.05057355,261,1767225600000,1789689600000,0.00000001,8,TRADING,True,USDT,,"['Meme', 'innovation-zone']",38604c8208492fa2bd1d21a2a1d4e5cbf68b0812eba094779972a86b858eb756,4
ADAUSDT,ADA,Cardano,8801209042.52876000,261,1767225600000,1789689600000,0.00010000,4,TRADING,True,USDT,,"['Layer1_Layer2', 'pos', 'mining-zone']",ef07645de7f79c9d56930dd5445df7bf9e384be5b9b6a9026b6fad5495bc88a5,5
TAOUSDT,TAO,Bittensor,8719733267.53339000,261,1767225600000,1789689600000,0.10000000,1,TRADING,True,USDT,,"['Layer1_Layer2', 'AI']",f9b59aad556b5cd1676ca705f8efd735ff56b7a7234111b3694c9fa149e62175,6
RLUSDUSDT,RLUSD,Ripple USD,8100822106.29960000,240,1769040000000,1789689600000,0.00010000,4,TRADING,True,USDT,stablecoin (including depegged stablecoin designs),['stablecoin'],7bbb31da939c843fd3f9446f45e0a769bed013e547c0f7fc9a6776e9df129fe3,
WLDUSDT,WLD,Worldcoin,7908521895.59872000,261,1767225600000,1789689600000,0.00010000,4,TRADING,True,USDT,,"['AI', 'Infrastructure']",e8d40eaf4824e033b5d0daf8c4c00f75b011acd37f9c5bc5f56a0da034a3a7bc,7
LINKUSDT,LINK,ChainLink,6740063466.39738000,261,1767225600000,1789689600000,0.00100000,3,TRADING,True,USDT,existing_universe,"['AI', 'RWA', 'defi']",f5185655ef134226e1528a04a6e3a0da5dd636b125ab96ac378737909e47a38d,
XAUTUSDT,XAUT,Tether Gold,5772527798.78727700,177,1774483200000,1789689600000,0.01000000,2,TRADING,True,USDT,commodity-pegged representation,['tCommodities'],812dd4a6148043f371ee0fe7165cf0e1d7ad80575202a9282009bab558679a23,
ENAUSDT,ENA,Ethena,5685639156.57166100,261,1767225600000,1789689600000,0.00010000,4,TRADING,True,USDT,,"['defi', 'Launchpool']",93459d64f918fdb30aab85b3891497c2cc320ebeeb474403b0809117056cfd26,8
AVAXUSDT,AVAX,Avalanche,5632948921.55401000,261,1767225600000,1789689600000,0.00100000,3,TRADING,True,USDT,,"['Layer1_Layer2', 'pos', 'RWA']",db4862d334f81d2dd05275d8aad3f6292b2caa1fe416e648e3c054599eedcad2,9
UNIUSDT,UNI,Uniswap,5430831844.05916000,261,1767225600000,1789689600000,0.00100000,3,TRADING,True,USDT,,['defi'],abb77f4226bd86d0c781d29b48b233c120c611e1b7a7495d32b3f14f1d6fba11,10
CHIPUSDT,CHIP,USD.AI,5248815187.94492000,151,1776729600000,1789689600000,0.00001000,5,TRADING,True,USDT,,"['defi', 'AI', 'Seed']",78672c54c20070d4a4afa7838473cbefc79989db9af179f9bec46ceed278fe98,11
EURUSDT,EUR,Euro,5226250821.34226000,261,1767225600000,1789689600000,0.00010000,4,TRADING,True,USDT,"fiat, not a plain crypto asset",[],e3f97c2bc0fe0e96aad0eceafb9ba24913a6cecb988d3065d993288b2b5882bc,
UUSDT,U,United Stables,5203453795.80390000,249,1768262400000,1789689600000,0.00010000,4,TRADING,True,USDT,stablecoin (including depegged stablecoin designs),['stablecoin'],12e271496ead02ebc74ae24cb7065dd608624394fb0e500fe5abb3a8c77a6048,
LTCUSDT,LTC,Litecoin,5117111157.98885000,261,1767225600000,1789689600000,0.01000000,2,TRADING,True,USDT,,"['Payments', 'mining-zone']",efbf5515dbb948c8d8b7244bd2018f34bcb8f7ac4fd13825db7b50e43e188d17,12
XLMUSDT,XLM,Stellar Lumens,4894109881.67580000,261,1767225600000,1789689600000,0.00010000,4,TRADING,True,USDT,existing_universe,"['Layer1_Layer2', 'mining-zone']",e2b0ddc6f67db9611106538dd297e76da46c4dab35e2fbe1ae4de3a3d55a42b1,
ASTERUSDT,ASTER,Aster,4366964196.58235000,261,1767225600000,1789689600000,0.00100000,3,TRADING,True,USDT,,"['defi', 'Seed', 'BSC']",ebc22a495a5b10cdf596d9e83d7498f8d203984062460a9d5525f9d22e1fd191,13
币安人生USDT,币安人生,币安人生,4322866810.68175000,255,1767744000000,1789689600000,0.00010000,4,TRADING,True,USDT,,"['Meme', 'Seed', 'BSC']",9a5377402091e826bfccbedcd1a30284ca01e05433c4df937b52d24f69e3f7b7,14
TRUMPUSDT,TRUMP,OFFICIAL TRUMP,4305546133.53216700,261,1767225600000,1789689600000,0.00100000,3,TRADING,True,USDT,,"['Meme', 'Seed']",21573422cc8087d2d0a73c58a827b22173c0eaa1b5376a917ed1ddecfec05a89,15
XPLUSDT,XPL,Plasma,4296979948.95189200,261,1767225600000,1789689600000,0.00001000,5,TRADING,True,USDT,,"['Seed', 'HODLer']",679db94e0e14f3fec59052657774aea4241a9180b5c360163f1af100403373b9,16
PUMPUSDT,PUMP,Pump.Fun,4202478252.21368700,261,1767225600000,1789689600000,0.00000100,6,TRADING,True,USDT,,['Seed'],564adcafc4e2d8e8cc579f8fda02a3bf6e35a6a37fe6103b4fa862f61e6af8b2,17
REUSDT,RE,Re,4109804967.72126000,93,1781740800000,1789689600000,0.00010000,4,TRADING,True,USDT,,"['Seed', 'defi']",ad298af8a729db04ef3ffa12bd05c6a5a2440038d3af5ff089604de5e8f1cf6e,18
DASHUSDT,DASH,Dash,4040952521.17637000,261,1767225600000,1789689600000,0.01000000,2,TRADING,True,USDT,,"['Payments', 'mining-zone', 'pos']",fe8f42b11ad81a056113e6aa4d1299c3827625b15defaf59c7b5bcf45bd60b1c,19
SENTUSDT,SENT,Sentient,4036393753.89689000,240,1769040000000,1789689600000,0.00001000,5,TRADING,True,USDT,,"['AI', 'Seed']",fc60063417fc58291533b933ba968966ef6d589bce3f6f42ab8a208b82324d5e,20
BCHUSDT,BCH,Bitcoin Cash,3981003136.08540000,261,1767225600000,1789689600000,0.10000000,1,TRADING,True,USDT,,"['Payments', 'mining-zone']",75475bcaf8b313f46ee0723fa6f33cc06c027f24b039fe7199fae6ede8f71cc4,21
AAVEUSDT,AAVE,Aave,3969287467.81536000,261,1767225600000,1789689600000,0.01000000,2,TRADING,True,USDT,,['defi'],5620818ab99d79cac33e14b08d0c455f1a82b8bdcc649683e4f401db429182b5,22
FETUSDT,FET,Artificial Superintelligence Alliance,3189886964.74142000,261,1767225600000,1789689600000,0.00010000,4,TRADING,True,USDT,,"['Infrastructure', 'pos', 'Launchpad', 'AI']",fbe0adc6b6b6c87b6e664a5941720a1c3c616a66991c30b029a58725522f72a9,23
PENGUUSDT,PENGU,Pudgy Penguins,3122197148.33307000,261,1767225600000,1789689600000,0.00000100,6,TRADING,True,USDT,,"['NFT', 'Solana', 'Meme', 'Launchpool']",d104901c51d09c1f797fdc6b880f1b850006ed58dde8fa194555244e9b2e6e88,24
ONDOUSDT,ONDO,Ondo,2932895914.27619000,261,1767225600000,1789689600000,0.00010000,4,TRADING,True,USDT,,"['Infrastructure', 'RWA']",3bdb1c93a45f535eab445982c1852930801af2a3e97f068d1a07b4ffacd996ee,25
ZAMAUSDT,ZAMA,ZAMA,2863562889.32267000,229,1769990400000,1789689600000,0.00001000,5,TRADING,True,USDT,,"['Infrastructure', 'Seed']",0b5360581eaa15ac05919eb382aaa184733f5be051bad0b8933e5a2b69ede235,26
WLFIUSDT,WLFI,World Liberty Financial,2819612448.16425000,261,1767225600000,1789689600000,0.00010000,4,TRADING,True,USDT,,"['defi', 'Seed']",618bf6808b17739e9c5e39b8e76449771e12be9b13f8f2f56d0979c4db09431b,27
FILUSDT,FIL,Filecoin,2812349182.05274000,261,1767225600000,1789689600000,0.00010000,4,TRADING,True,USDT,,['storage-zone'],40e567e8ad231db8e8ddf27b61c32bf426a45cf886f4c2eca7ebeee78981cfc8,28
HBARUSDT,HBAR,Hedera Hashgraph,2768307028.13390000,261,1767225600000,1789689600000,0.00001000,5,TRADING,True,USDT,,"['Layer1_Layer2', 'pos']",948325210c7048fa3c4ecdc558524502a19adf2c9e4fd1c5033d75d5def5ea4e,29
FOGOUSDT,FOGO,FOGO,2734142969.03838000,247,1768435200000,1789689600000,0.00001000,5,TRADING,True,USDT,,"['Infrastructure', 'Layer1_Layer2', 'Seed']",cbf642ea09afff994778f8455bffcf03d01def5cebc361a69b39fe1289c0183e,30
ARBUSDT,ARB,Arbitrum,2623548663.22135000,261,1767225600000,1789689600000,0.00010000,4,TRADING,True,USDT,,['Layer1_Layer2'],3b59f2acd2dd891b027d4f7c770374be12df22a70bfe11ee0ec661521e07d13b,31
KITEUSDT,KITE,KITE,2452213561.28122000,261,1767225600000,1789689600000,0.00010000,4,TRADING,True,USDT,,"['Seed', 'AI', 'Launchpool']",a75240b4989ce0a6ef5b972aa36eaad81bd5c6e6df1a05b2b396afa645adb379,32
OPNUSDT,OPN,OPINION,2450230622.14825000,198,1772668800000,1789689600000,0.00010000,4,TRADING,True,USDT,,"['defi', 'Seed', 'Launchpool']",faf8d36309e7d10688d8fa1fc4a12bd9068d87d2ca62b0aaa0a3c384ad0305ea,33
ICPUSDT,ICP,Internet Computer,2429931383.61260000,261,1767225600000,1789689600000,0.00100000,3,TRADING,True,USDT,,"['Layer1_Layer2', 'RWA']",979f91017aa5433538dfa94726390f5151f6f5f1712676faca8708b767bf12c8,34
DOTUSDT,DOT,Polkadot,2318373555.29073000,261,1767225600000,1789689600000,0.00100000,3,TRADING,True,USDT,,"['Layer1_Layer2', 'pos']",7e837dfa156274494835536f83e2534798f3d0c5d64714e661bec540d2280aa0,35
SNDKBUSDT,SNDKB,SanDisk (bStocks),2270183159.47161500,100,1781136000000,1789689600000,0.01000000,2,TRADING,True,USDT,tokenized stock/ETF representation (including leveraged ETFs),['bStocks'],c692428e4af47d9cf9631ebb7ddcd82539fe7fece0a720b42a6561f6c944094e,
ALLOUSDT,ALLO,Allora,2206379686.39665000,261,1767225600000,1789689600000,0.00010000,4,TRADING,True,USDT,,"['AI', 'Seed', 'HODLer']",64f154c2491bbc1cf1e15ba39db4a19f3757b7462379fa9c557c98c61908480c,36
VIRTUALUSDT,VIRTUAL,Virtuals Protocol,2089818271.21151000,261,1767225600000,1789689600000,0.00010000,4,TRADING,True,USDT,,['AI'],2be3ca1e137c847cf37966477daadbc7efbb0c019e2166c921dad34f640a5fb9,37
SPCXBUSDT,SPCXB,SpaceX (bStocks),2033746853.12991000,99,1781222400000,1789689600000,0.01000000,2,TRADING,True,USDT,tokenized stock/ETF representation (including leveraged ETFs),['bStocks'],19faaa4cc8a46be576f9bf9b5d32e0f399213d097107037538262022a3cafb28,
APTUSDT,APT,Aptos,1959491329.52053000,261,1767225600000,1789689600000,0.00100000,3,TRADING,True,USDT,,['Layer1_Layer2'],98869f0fd74e62742c427169dbb6a968303691b97badc545b41e93ee75edc69a,38
RENDERUSDT,RENDER,Render,1864836127.82208000,261,1767225600000,1789689600000,0.00100000,3,TRADING,True,USDT,,"['Infrastructure', 'Solana']",0517b41314369d4c3cf53aff771cf267e1c2a24939c0ef7585b93316de762a9b,39
BONKUSDT,BONK,Bonk,1834812110.70217890,261,1767225600000,1789689600000,0.00000001,8,TRADING,True,USDT,,"['Meme', 'Solana']",24083269abd612beacb189d100db1688be0e0af6ef3a3e815c42322ac59a951e,40
GIGGLEUSDT,GIGGLE,Giggle Fund,1808610325.87200000,261,1767225600000,1789689600000,0.01000000,2,TRADING,True,USDT,,"['Meme', 'Seed', 'BSC']",625e21f88f5e4ef704b7a544795c413506a43f26fd9917e82665905acd5628cf,41
DEXEUSDT,DEXE,DeXe,1804993838.22381000,261,1767225600000,1789689600000,0.00100000,3,TRADING,True,USDT,,"['defi', 'innovation-zone', 'Seed']",6756e5042580d240041fbecaa300fac07f604d4c114a54b5818bc5ac6977805e,42
INJUSDT,INJ,Injective,1801983208.86527000,261,1767225600000,1789689600000,0.00100000,3,TRADING,True,USDT,,"['Layer1_Layer2', 'pos', 'Launchpad', 'defi', 'AI', 'RWA', 'BSC']",c62713523bda93c791a6411b81f920945d7cfe44c5f4f078a673c3c18a606424,43
SHIBUSDT,SHIB,SHIBA INU,1768438028.91486477,261,1767225600000,1789689600000,0.00000001,8,TRADING,True,USDT,,['Meme'],9f113888371912f14286daed6d55c679c1ab6b87ef5f188a62a11a79ed1c18a6,44
ZROUSDT,ZRO,LayerZero,1727086003.16011000,261,1767225600000,1789689600000,0.00100000,3,TRADING,True,USDT,,['Infrastructure'],332b6dac2e9b97ef0cd20a50e5d6e456c73f85e5aef6e39e32c421fa50394f39,45
BARDUSDT,BARD,Lombard,1711728400.32033000,261,1767225600000,1789689600000,0.00010000,4,TRADING,True,USDT,,"['defi', 'Seed', 'HODLer']",c2d8c9c7e94ff6edce3377371d8ae769e0d372381f0a6e5e932bb94e4037ae51,46
XUSDUSDT,XUSD,XUSD,1659454081.77410000,261,1767225600000,1789689600000,0.00010000,4,TRADING,True,USDT,stablecoin (including depegged stablecoin designs),['stablecoin'],35bad6ad0aa66163eb51b058618d386455e7ddf11fd5c19f11457e45ca5f2c47,
WIFUSDT,WIF,Dogwifhat,1592762783.47445700,261,1767225600000,1789689600000,0.00010000,4,TRADING,True,USDT,,"['Monitoring', 'Seed', 'Solana', 'Meme']",242f563bffbfd6a39d7f37db6c00df4b93c599dc71b0f4e085f3c97f8fab7756,47
BANKUSDT,BANK,Lorenzo Protocol,1590698880.91119000,261,1767225600000,1789689600000,0.00010000,4,TRADING,True,USDT,,"['defi', 'Seed']",697d542ce0f43aae11d6105dede7d3be54059e881526a67cea62b520dd2c6f2a,48
POLUSDT,POL,Polygon Ecosystem Token,1574263289.75123700,261,1767225600000,1789689600000,0.00001000,5,TRADING,True,USDT,,"['Layer1_Layer2', 'Launchpad']",c503c55cefde280f90abd0c1e58a4899b75434a88fd9f4664b95cd473944bb81,49
TUTUSDT,TUT,Tutorial,1573564819.27238000,261,1767225600000,1789689600000,0.00001000,5,TRADING,True,USDT,,"['Seed', 'Meme', 'BSC']",d5ea15cf51b546dd0107f7bfba80deeceeb666e7b92eeb7c728e17ec3e5817aa,50
BREVUSDT,BREV,Brevis,1548469923.09553000,256,1767657600000,1789689600000,0.00010000,4,TRADING,True,USDT,,"['Infrastructure', 'HODLer', 'Seed']",bc0b75189aef010697b0757dc061b2ae67176ca2a9f2fd86379b141ba3f27c2a,51
AXSUSDT,AXS,Axie Infinity,1539073479.29955000,261,1767225600000,1789689600000,0.00100000,3,TRADING,True,USDT,,"['Gaming', 'Launchpad', 'NFT']",72cc5705952e59fa2aada988b5b787ef55e2130c87628a5e2f17ea22d53811f1,52
ENSOUSDT,ENSO,Enso,1538990612.68816000,261,1767225600000,1789689600000,0.00100000,3,TRADING,True,USDT,,"['Infrastructure', 'Seed', 'HODLer']",6699faf09671c4e238b608b07f5993f38e879f664bc5f093cdc7cc8fb87e6aca,53
MEGAUSDT,MEGA,MEGA,1508906237.55916500,142,1777507200000,1789689600000,0.00001000,5,TRADING,True,USDT,,"['Infrastructure', 'Layer1_Layer2', 'Seed']",4705627eae770e232ff2ca5f248fe4de3de2d56f60d323aa513b1b5deb333601,54
STOUSDT,STO,StakeStone,1506444566.71483000,261,1767225600000,1789689600000,0.00010000,4,TRADING,True,USDT,,"['defi', 'Seed', 'Launchpool']",36c3096b7e8934cd1d9a035cf8543ea6e615ed3582b3ffae1e67db15381f1bb4,55
SAHARAUSDT,SAHARA,Sahara AI,1475506226.75059000,261,1767225600000,1789689600000,0.00001000,5,TRADING,True,USDT,,"['AI', 'HODLer', 'Seed']",e246446d6a59ecd4c98abb1bf547c316029cc3c1ba4ecca8d961cd339a081c7f,56
ORDIUSDT,ORDI,ORDI,1472338668.01277000,261,1767225600000,1789689600000,0.00100000,3,TRADING,True,USDT,,"['Meme', 'Seed']",eeab9f73a501c0656593d918dc0e3b635ce0bde4ed9654a6d1d9109c5ece7764,57
BIOUSDT,BIO,Bio Protocol,1392009008.73490400,261,1767225600000,1789689600000,0.00001000,5,TRADING,True,USDT,,['Launchpool'],6a85157937b5188725e2b256b094cb519b915c25801af07a6f586ff47079e866,58
ZENUSDT,ZEN,Horizen,1391019535.78051000,261,1767225600000,1789689600000,0.00100000,3,TRADING,True,USDT,,['Infrastructure'],5236c93f28416f71c09e83068c147ee8ab9df2bd147b6e60ac61f142f0a13269,59
ROBOUSDT,ROBO,Fabric Protocol,1370157602.95480000,199,1772582400000,1789689600000,0.00001000,5,TRADING,True,USDT,,"['AI', 'Seed']",fcbe77132dfee00bea5362dbc7e6b47631d820c1b417d21604d1f056bab782ab,60
CHZUSDT,CHZ,Chiliz,1352804574.13861000,261,1767225600000,1789689600000,0.00001000,5,TRADING,True,USDT,,"['Layer1_Layer2', 'fan_token', 'NFT']",3802a993d48ade9e8566d62c90c7fc595eb77925f3d29b69c830889b9745ac6f,61
SEIUSDT,SEI,Sei,1328434080.10556100,261,1767225600000,1789689600000,0.00001000,5,TRADING,True,USDT,,"['Layer1_Layer2', 'Launchpool']",05163e9a13134c521168ea66eb66220e5222e0d8ce61c4899b62e733b04ac9ed,62
SPKUSDT,SPK,Spark,1280948414.28182900,261,1767225600000,1789689600000,0.00000100,6,TRADING,True,USDT,,"['defi', 'Seed', 'Launchpool', 'HODLer']",aec1cef2acb3de770031b9ee07eb819c91d40c90521e95c6a5c31ab7782fa52e,63
LUNCUSDT,LUNC,Terra Classic,1227590777.90836153,261,1767225600000,1789689600000,0.00000001,8,TRADING,True,USDT,,"['Layer1_Layer2', 'pos', 'defi']",405714028263432276730d136869f9de8525d2d22c3cecabd7deebd0e2f4e80e,64
OPUSDT,OP,Optimism,1210959199.54293400,261,1767225600000,1789689600000,0.00010000,4,TRADING,True,USDT,,['Layer1_Layer2'],3b6ca05070a83a9eb5eca770f66f71fb9059025a4fefe4783424885adfc21fd3,65
PROMUSDT,PROM,Prometeus,1137007463.03852000,261,1767225600000,1789689600000,0.00100000,3,TRADING,True,USDT,,"['Infrastructure', 'Seed']",90f88e7d2e2f1f0e0dbd8cdf70d56af0622135889fc5a7b7bb30ea9fa427c52d,66
HOMEUSDT,HOME,Defi App,1134003742.65994000,261,1767225600000,1789689600000,0.00001000,5,TRADING,True,USDT,,"['defi', 'Seed', 'Launchpool', 'HODLer']",bbf2a642d2a512904ecc419deb703d881b51b799bb9821100b0537a5de31415b,67
PENDLEUSDT,PENDLE,Pendle,1130644050.30350000,261,1767225600000,1789689600000,0.00100000,3,TRADING,True,USDT,,"['defi', 'innovation-zone', 'Launchpool', 'RWA']",17a3cc16384ff9d3c7b6b854a9470dbc0cd77ea0e1af25d6f1f0ef27fbd13f6e,68
PYTHUSDT,PYTH,Pyth Network,1120941517.08818300,261,1767225600000,1789689600000,0.00001000,5,TRADING,True,USDT,,"['Infrastructure', 'Solana']",7567939e0c60eeee907860d068dcfca60a594b7b87b3ef83db010d343ca9ec6a,69
CRVUSDT,CRV,Curve,1103434616.72442000,261,1767225600000,1789689600000,0.00010000,4,TRADING,True,USDT,,['defi'],1d06df91f9dfeedf6bca4475c5460c5e9e26b4bbb55199ef0725dca42eff8938,70
TIAUSDT,TIA,Celestia,1101490327.08215900,261,1767225600000,1789689600000,0.00010000,4,TRADING,True,USDT,,['Infrastructure'],8a5b2cc2030e12d666d32f131fb4793da1047c12c5a43ec52e5a2c2af5009fdc,71
WBTCUSDT,WBTC,Wrapped Bitcoin,1098929213.83991570,261,1767225600000,1789689600000,0.01000000,2,TRADING,True,USDT,wrapped/staked representation of another crypto asset,[],3a64d77a65b0ec3012dd44ca8dcb3dc3e7ee257df6d810a4ff4d3bbd95f1340c,
ZKPUSDT,ZKP,zkPass,1095947202.52060000,255,1767744000000,1789689600000,0.00010000,4,TRADING,True,USDT,,"['Infrastructure', 'Seed']",f1d1d56d3858346369ea1b48ce6991f6ad9cfe27367f3d42f365b804e87e2c1f,72
PLUMEUSDT,PLUME,PLUME,1082939758.86392000,261,1767225600000,1789689600000,0.00001000,5,TRADING,True,USDT,,"['Infrastructure', 'HODLer', 'Layer1_Layer2', 'RWA']",6eadc62854ed2595426e57ce0ac62488da5d76c5c8e879df235356f817e13750,73
BFUSDUSDT,BFUSD,BFUSD,1070099755.02860000,261,1767225600000,1789689600000,0.00010000,4,TRADING,True,USDT,stablecoin (including depegged stablecoin designs),['stablecoin'],968c978ed8d0bc0926e1f9622fbc264f062337da5ef76487f8bf37d3f04ec720,
USDEUSDT,USDE,USD Ethena,1067525051.03320000,261,1767225600000,1789689600000,0.00010000,4,TRADING,True,USDT,stablecoin (including depegged stablecoin designs),['stablecoin'],2676cba23a529a9eabcaacb8935afb82e93b37236a7ee47705e22e7c7c3d663b,
BABYUSDT,BABY,Babylon,1052415912.64095000,261,1767225600000,1789689600000,0.00001000,5,TRADING,True,USDT,,"['Layer1_Layer2', 'Seed']",2fc519ece8a2725c6bb7931f80d3e458331a94d0fab315c175684d565993e933,74
SYNUSDT,SYN,Synapse,1039435896.46503300,261,1767225600000,1789689600000,0.00001000,5,TRADING,True,USDT,,"['Monitoring', 'innovation-zone', 'Seed', 'defi']",7e5ee028b06bb8c05b447cf302e79c01c8e8efadfbe332f669f0fe4dcfd0466a,75
ETHFIUSDT,ETHFI,ether.fi,1038852127.11406000,261,1767225600000,1789689600000,0.00010000,4,TRADING,True,USDT,,"['defi', 'Launchpool']",95dc346b08e30e7693d579ee88f4dddb9234f17b96863c4ae14831bf548b3534,76
AEROUSDT,AERO,Aerodrome,1033888660.37511000,64,1784246400000,1789689600000,0.00010000,4,TRADING,True,USDT,,"['defi', 'Seed']",a40fe83f8d8bb244b3484e991076045937ad118397e5bdd0e093963cb5882cea,77
JTOUSDT,JTO,JITO,996076887.99534000,261,1767225600000,1789689600000,0.00010000,4,TRADING,True,USDT,,"['defi', 'Solana']",1aeab4069006b25969df0ff016780d80bcd3ab383c75701501a3803f399c319c,78
ACEUSDT,ACE,Fusionist,985761152.32073000,261,1767225600000,1789689600000,0.00010000,4,TRADING,True,USDT,,"['Gaming', 'Launchpool', 'Seed']",c19f0377405c24cb56a9fa5068c468965fc9007780dea57f57b38f40c6e7ee20,79
BERAUSDT,BERA,BERACHAIN,984693542.37935930,261,1767225600000,1789689600000,0.00010000,4,TRADING,True,USDT,,"['Layer1_Layer2', 'Launchpool']",da8b9527b1464c0030dd4967c17c3dca286c1063e59767e5c17c05d4d7176e34,80
CAKEUSDT,CAKE,PancakeSwap,971867167.51064000,261,1767225600000,1789689600000,0.00100000,3,TRADING,True,USDT,,"['defi', 'BSC']",f0c8252565d25bfbd444a6b11932d2f5ab6e332bc280efc3e2d3ce26e1142e28,81
EIGENUSDT,EIGEN,EigenLayer,961744376.66808000,261,1767225600000,1789689600000,0.00010000,4,TRADING,True,USDT,,"['Infrastructure', 'defi']",7f0197d4b6bc91fc3d00b613bbc19adf3391e93a46c99b8325156acdfa774851,82
GRAMUSDT,GRAM,Gram,959645542.59184000,79,1782950400000,1789689600000,0.00100000,3,TRADING,True,USDT,,['Layer1_Layer2'],9f90258d07544fd0a18636d477b2c7e252db8e058b824b65fb261b489ec642ee,83
HEMIUSDT,HEMI,HEMI,956660114.32700900,261,1767225600000,1789689600000,0.00001000,5,TRADING,True,USDT,,"['Layer1_Layer2', 'Seed', 'HODLer']",8db7dd2eadcfea6b964f04f8bc8945172040fcbf96e424ab9292f236e92eaebc,84
LDOUSDT,LDO,Lido DAO,950054116.84239500,261,1767225600000,1789689600000,0.00010000,4,TRADING,True,USDT,,['defi'],12285aa956e3c95ee1b691efe2af9739f8d3bae7e6c51da74e08f99d38463df4,85
ZBTUSDT,ZBT,Zerobase,942919599.09794000,261,1767225600000,1789689600000,0.00010000,4,TRADING,True,USDT,,"['defi', 'Seed', 'HODLer']",f5e8b19545c4e59789fd03ff79e01c8a266a0cdb4995248e8254b8759e9021ba,86
KATUSDT,KAT,Katana,941232829.97132000,185,1773792000000,1789689600000,0.00001000,5,TRADING,True,USDT,,"['Infrastructure', 'Layer1_Layer2', 'Seed', 'defi']",7a32a184a693d310cf9c864f325302940360038bdc856143902bb6c0aa3607a1,87
HEIUSDT,HEI,Heima,925790283.02617000,261,1767225600000,1789689600000,0.00010000,4,TRADING,True,USDT,,"['Monitoring', 'Launchpool', 'Seed', 'defi', 'Infrastructure']",4f86b4c76e0ca1dc78a16956d151f6f10a801283adc2488f54247702369e1994,88
BROCCOLI714USDT,BROCCOLI714,CZ’s Dog,923463604.83998000,261,1767225600000,1789689600000,0.00001000,5,TRADING,True,USDT,,"['Seed', 'Meme', 'BSC']",fd60c84df31d31ab12ff780f76af2ab07d02ef7a2ca55dc306a2beea26c1ee48,89
MMTUSDT,MMT,Momentum,918735559.47548000,261,1767225600000,1789689600000,0.00010000,4,TRADING,True,USDT,,"['defi', 'Seed', 'HODLer']",cbef0b19d887771ac7c49097940fef2b803d92a69ac0fd74a263c8c302b921b2,90
STRKUSDT,STRK,Starknet Token,896394908.74310420,261,1767225600000,1789689600000,0.00001000,5,TRADING,True,USDT,,['Layer1_Layer2'],9df85a3f180c7e774f373a66403f924132cfb7810d78568e1b3a6f67e1d0aca8,91
MUBUSDT,MUB,Micron Technology (bStocks),883330546.79352000,100,1781136000000,1789689600000,0.01000000,2,TRADING,True,USDT,tokenized stock/ETF representation (including leveraged ETFs),['bStocks'],826d90d6d0f2a8799e8db14b4b222f2acddd23492e1ce517a1ab0c9930a10e74,
GENIUSUSDT,GENIUS,Genius Terminal,882540352.87626000,120,1779408000000,1789689600000,0.00010000,4,TRADING,True,USDT,,"['defi', 'Seed']",962bbcf11b4edc98f532b2231b924aad5ceeebce5fc97f605b845ec4169d56f6,92
FLOKIUSDT,FLOKI,FLOKI,871872938.17555981,261,1767225600000,1789689600000,0.00000001,8,TRADING,True,USDT,,"['Meme', 'innovation-zone', 'Gaming', 'Seed', 'BSC']",3f284a623b58d8bc956338701a22f91e3cbc3acc4814fe57f888eb09c5aa8585,93
ALGOUSDT,ALGO,Algorand,869013812.71280000,261,1767225600000,1789689600000,0.00010000,4,TRADING,True,USDT,,"['Layer1_Layer2', 'mining-zone', 'pos']",b619d5836ff5030bafedb265f5ffb9b863984cf6dc937513b05283903ffa160e,94
NOMUSDT,NOM,Nomina,864164378.00021000,261,1767225600000,1789689600000,0.00001000,5,TRADING,True,USDT,,"['Monitoring', 'Seed', 'Layer1_Layer2']",92910f58b4756449ab43b6a672ac1c4a7b83f3f407a1f4c32bc8414a272fdf52,95
NEIROUSDT,NEIRO,First Neiro On Ethereum,862249555.23461622,261,1767225600000,1789689600000,0.00000001,8,TRADING,True,USDT,,"['Meme', 'Seed']",a5bf1a63bef83d5c8522fe9521efb8858b906e63365aab98aa4149455e67eb2d,96
ARUSDT,AR,Arweave,862215541.91823000,261,1767225600000,1789689600000,0.00100000,3,TRADING,True,USDT,,['storage-zone'],7db1d650e19b1418d2404528f9d4d7c46e3c1737b2ea5b443380321660432f8c,97
SAGAUSDT,SAGA,Saga,858028256.55151700,261,1767225600000,1789689600000,0.00001000,5,TRADING,True,USDT,,"['Layer1_Layer2', 'Launchpool', 'Seed']",8d0c2a44b977123f9659533c166fcd49f5e989bbcf8985a9b7addcff5e422caf,98
KAITOUSDT,KAITO,Kaito,853134687.77480000,261,1767225600000,1789689600000,0.00010000,4,TRADING,True,USDT,,"['Infrastructure', 'Seed', 'Launchpool', 'AI']",2975a432c58a2ef7a9a367ad4bf963c05a206e88b50685c54f19e7595ef0c74d,99
BANANAS31USDT,BANANAS31,Banana For Scale,851895671.00868200,261,1767225600000,1789689600000,0.00000100,6,TRADING,True,USDT,,"['Seed', 'Meme', 'BSC']",0d3e8951b699afb0124023a425e18eff811213ae9fda4f671266c995d631dcfd,100
OPGUSDT,OPG,OpenGradient,845282335.56476000,120,1779408000000,1789689600000,0.00010000,4,TRADING,True,USDT,,"['AI', 'Seed', 'Infrastructure']",ba857e18b0c9a1da34b8df71cd84e7bc6ef4b845399145dcb3ea0c55f8aaf434,101
ETCUSDT,ETC,Ethereum Classic,838055830.19650000,261,1767225600000,1789689600000,0.01000000,2,TRADING,True,USDT,,"['Layer1_Layer2', 'mining-zone']",8330bcee0af0fa36875696d254c16dc0f08fa622695f896481b7d590f1026230,102
ENJUSDT,ENJ,Enjin Coin,819912346.25149300,261,1767225600000,1789689600000,0.00001000,5,TRADING,True,USDT,,"['Layer1_Layer2', 'NFT', 'Gaming']",a7b6ebe2206f5ed4ee899d83519f815ad81f736bc342e5c99f7f3b1605ca7069,103
FFUSDT,FF,Falcon Finance,817080797.21687900,261,1767225600000,1789689600000,0.00001000,5,TRADING,True,USDT,,"['defi', 'Seed']",0c2c415e2b8c389f9aeb94199136c5e2046bab3e55e2bf98e99310a72cb4f3b5,104
ZKUSDT,ZK,zkSync,813494030.57177400,261,1767225600000,1789689600000,0.00001000,5,TRADING,True,USDT,,"['Layer1_Layer2', 'Infrastructure']",4108102d1311241f5f5e752b3832782954d17bdd74a9224279f6b73b12539a0c,105
GALAUSDT,GALA,Gala,813374606.25389900,261,1767225600000,1789689600000,0.00000100,6,TRADING,True,USDT,,"['Gaming', 'NFT', 'BSC']",44ae9c84f6d07de227c843c04ec3702c4d0c5a4437b4b206c863e865e24e8ad6,106
CRCLBUSDT,CRCLB,Circle Internet Group (bStocks),812938729.83320000,100,1781136000000,1789689600000,0.01000000,2,TRADING,True,USDT,tokenized stock/ETF representation (including leveraged ETFs),['bStocks'],c395e59d7c93fc3e093988134b547a6e49801843c2857a33e75d09231dc7c75e,
AVNTUSDT,AVNT,Veranta,806482026.92613000,261,1767225600000,1789689600000,0.00010000,4,TRADING,True,USDT,,"['defi', 'Seed']",63ae7f3171c912809ea1c49f7dc3951a8ac7ac8a5aa90ba3d3564ba84c2f74ff,107
ESPUSDT,ESP,Espresso,804192092.20211000,219,1770854400000,1789689600000,0.00001000,5,TRADING,True,USDT,,"['Infrastructure', 'Seed']",903ae097f8551ee2dfbe679b7fd4b5ef2f0385b6073866778d94f3b2e116b457,108
EULUSDT,EUL,Euler,789482861.74269000,261,1767225600000,1789689600000,0.00100000,3,TRADING,True,USDT,,"['Seed', 'HODLer', 'defi']",e730c5b04fb0af33e024d96461330f3401ba474634d5d99565777dbfddf7b72a,109
HOLOUSDT,HOLO,Holoworld AI,784936123.27237000,261,1767225600000,1789689600000,0.00010000,4,TRADING,True,USDT,,"['Seed', 'HODLer', 'AI']",ccda3081d0a95fdb32e465ddec49c297c2394bb34e0479f8306f44505f12baf4,110
BMTUSDT,BMT,Bubblemaps,766623784.74091700,261,1767225600000,1789689600000,0.00001000,5,TRADING,True,USDT,,"['Infrastructure', 'Seed', 'Launchpool', 'BSC']",a75b754f40eb8d7989b76464ac808f5549dc9fb76a1f11c41ad3ded09232ef74,111
JSTUSDT,JST,JUST,766530932.06122100,261,1767225600000,1789689600000,0.00001000,5,TRADING,True,USDT,,['defi'],c4e15f92b56f05ab7024812b85829b2a15a644466f7cf58581278c50c1c107c1,112
JUPUSDT,JUP,Jupiter,761710349.35383000,261,1767225600000,1789689600000,0.00010000,4,TRADING,True,USDT,,"['defi', 'Solana']",7f56ec7b872ffece6682e555acb593f46a8f518c831ad0b65f844f3af389415f,113
ATOMUSDT,ATOM,Cosmos,735610189.94221000,261,1767225600000,1789689600000,0.00100000,3,TRADING,True,USDT,,"['Layer1_Layer2', 'pos']",d0bf988f131d414eff74265f9b69d0695d9c674ebb0a941a850d97ce15d1477c,114
THEUSDT,THE,THENA,734083627.53222000,261,1767225600000,1789689600000,0.00010000,4,TRADING,True,USDT,,"['defi', 'Launchpool', 'Seed', 'BSC']",67e26c5c3d157dd99aee836770b318620d500016de1b037558dc069f91573734,115
VANAUSDT,VANA,Vana,724808506.19945000,261,1767225600000,1789689600000,0.00100000,3,TRADING,True,USDT,,"['Layer1_Layer2', 'Seed', 'Launchpool', 'AI']",191995a45b0545b6c2dc1d14b5ace7f41eec837268ca05a3bdc8a1f6873ece48,116
DUSKUSDT,DUSK,Dusk,705695833.07350000,261,1767225600000,1789689600000,0.00010000,4,TRADING,True,USDT,,"['Infrastructure', 'RWA']",4b43921e5802d0cdbc6c09834592447144a15d4f180157e914cc5600410d97b2,117
GUNUSDT,GUN,GUNZ,695621556.55475000,261,1767225600000,1789689600000,0.00001000,5,TRADING,True,USDT,,"['Layer1_Layer2', 'Launchpool', 'Seed', 'Gaming']",58e07ab6a7e0fc5b8866e3349f02f4c84b75716d41dea5ef1402486114414eb1,118
PORTALUSDT,PORTAL,Portal,692788711.72792100,261,1767225600000,1789689600000,0.00001000,5,TRADING,True,USDT,,"['Monitoring', 'Launchpool', 'Seed', 'Gaming']",61789311c5246d7fbb30d54846656b4b02cf6c2c8b1e9166986db5004c35e600,119
AIGENSYNUSDT,AIGENSYN,Gensyn,674859954.91189000,128,1778716800000,1789689600000,0.00001000,5,TRADING,True,USDT,,"['Infrastructure', 'AI', 'Seed']",d511b1f3641437fe50f3dd25b4b9e4fe244462c8beb60905a123c5e67981c3f5,120
MIRAUSDT,MIRA,Mira,673419450.51949400,261,1767225600000,1789689600000,0.00001000,5,TRADING,True,USDT,,"['AI', 'Seed', 'HODLer']",caf2190db82f8f83f5e8e17d1bc3a453ff3c317f90b0ddf983ca77bb09d14084,121
EDENUSDT,EDEN,OpenEden,671464598.54251800,261,1767225600000,1789689600000,0.00001000,5,TRADING,True,USDT,,"['Seed', 'HODLer', 'RWA']",a9b874d6ef0036b155f7e538eb1a501acb2c658621c0d7cf6be3de5777262dfa,122
CFGUSDT,CFG,Centrifuge,669316059.29624000,187,1773619200000,1789689600000,0.00010000,4,TRADING,True,USDT,,"['defi', 'Seed', 'RWA']",c5c3ff0b9cf61e2010849d8ab8b96920ee2d58a9da47229402d59ce79362ebdb,123
MORPHOUSDT,MORPHO,Morpho Token,663227178.31024000,261,1767225600000,1789689600000,0.00100000,3,TRADING,True,USDT,,"['HODLer', 'Seed', 'defi']",e7ef417fe706fc5ebd528be282c8a1364be2f5f1b382fd85adaf9275e3dddc93,124
APEUSDT,APE,ApeCoin,656039730.34031200,261,1767225600000,1789689600000,0.00010000,4,TRADING,True,USDT,,['NFT'],5b1b04fb56cc47256d79a979fa6cdb2a041742e1519314419d63a5fdf50ee987,125
TSTUSDT,TST,Test,654547242.55038300,261,1767225600000,1789689600000,0.00001000,5,TRADING,True,USDT,,"['Meme', 'Seed', 'BSC']",03f373f260682d0af228150cbffbb52692c8bd070fb32798789b687738ba2413,126
0GUSDT,0G,0G,650606561.29232400,261,1767225600000,1789689600000,0.00010000,4,TRADING,True,USDT,,"['Layer1_Layer2', 'Seed', 'HODLer', 'AI']",1ad3284283ab0c633fab9b1b8ec1ac3ac06ba181965214f0dbe362a832778ab1,127
BICOUSDT,BICO,Biconomy,628281986.63552650,261,1767225600000,1789689600000,0.00001000,5,TRADING,True,USDT,,['Infrastructure'],b72a320294300698afd2b62f950ed2539950179d982b40d0f14d8bdb514b7a58,128
ORCAUSDT,ORCA,Orca,626214114.24922000,261,1767225600000,1789689600000,0.00100000,3,TRADING,True,USDT,,"['defi', 'Seed', 'Solana']",1af66038041e87ef968f2bb97d8bbfaa497dd89921607af484c541b097499217,129
RAYUSDT,RAY,Raydium,625634926.72356000,261,1767225600000,1789689600000,0.00010000,4,TRADING,True,USDT,,"['defi', 'Solana']",779f32a6bbaa8fcddcb854066f55bc4f68323b27f36424f45948d6f898ecd84d,130
SKHYBUSDT,SKHYB,SK Hynix (bStocks),619569770.50792000,68,1783900800000,1789689600000,0.01000000,2,TRADING,True,USDT,tokenized stock/ETF representation (including leveraged ETFs),['bStocks'],dbe1e78f0261864187bdfe244d5cc7c1a46894d29599f459f6ad298aedb947c0,
ERAUSDT,ERA,Caldera,619184825.82921000,261,1767225600000,1789689600000,0.00010000,4,TRADING,True,USDT,,"['Infrastructure', 'Seed', 'HODLer']",505e0080f2bd624b0ffc714c9f2e3c4074e45eaa4556f2134af3e3aefa3e4f23,131
HYPERUSDT,HYPER,Hyperlane,613536688.32647000,261,1767225600000,1789689600000,0.00010000,4,TRADING,True,USDT,,"['Infrastructure', 'Seed', 'Launchpool']",d3de719b49ab341f07cc5396b7eefdcf06d86835ec68ebf33f3663b2256ea3b7,132
EURIUSDT,EURI,Eurite,610037862.09384000,261,1767225600000,1789689600000,0.00010000,4,TRADING,True,USDT,stablecoin (including depegged stablecoin designs),['stablecoin'],0634abaec489e64414e281ba48fe29d3b48ffb8eed6abeb130d476b0080c1728,
REZUSDT,REZ,Renzo,598349718.59389310,261,1767225600000,1789689600000,0.00000100,6,TRADING,True,USDT,,"['defi', 'Launchpool', 'Seed']",77b2a7c12d8f4b4c945f6cb5337a9fffe33aa67059ae80c4d8cc42e02db66ca1,133
CELOUSDT,CELO,Celo,592292847.66188900,261,1767225600000,1789689600000,0.00001000,5,TRADING,True,USDT,,"['Layer1_Layer2', 'defi']",00db875720c79958a882606908a9a20f9ca09e1615a18895830fbb1a48740b20,134
ROSEUSDT,ROSE,Oasis Network,591946025.06691400,261,1767225600000,1789689600000,0.00001000,5,TRADING,True,USDT,,['Layer1_Layer2'],6962ac5c6b355f211b77b83c32b12360bc4189a7d1019571688084fccd8008c5,135
TREEUSDT,TREE,Treehouse,586932277.92771000,261,1767225600000,1789689600000,0.00010000,4,TRADING,True,USDT,,"['Seed', 'HODLer', 'defi']",da19188d83e34985b7bb6d93f97e2500be3266ff1f3cefaf5796fde887ff2603,136
SANDUSDT,SAND,The Sandbox,585937075.84083000,261,1767225600000,1789689600000,0.00001000,5,TRADING,True,USDT,,"['Gaming', 'Launchpad', 'NFT']",37b0014216b5d2631ffd69e590cb025daa8a33c9e803a4eb6525c9e470bbe8ec,137
EPICUSDT,EPIC,Epic Chain,585449670.39929000,261,1767225600000,1789689600000,0.00010000,4,TRADING,True,USDT,,"['Monitoring', 'Seed', 'RWA']",a76ce6145c93d6f6407e83c06c4a9f956a775846b51d48d8ab15eb3e49bd2cca,138
ZKCUSDT,ZKC,Boundless,580230020.46703000,261,1767225600000,1789689600000,0.00010000,4,TRADING,True,USDT,,"['Infrastructure', 'Seed']",0c5ff3869bbae57b5b690f217f557e4c8564fff16b76f973ea01528cb89c3bf3,139
DYDXUSDT,DYDX,dYdX,576483027.74364710,261,1767225600000,1789689600000,0.00001000,5,TRADING,True,USDT,,['defi'],7076ea6b20db8cba50cfe60f12a71594df546d4f2cbaf3680e26bde50230c869,140
RESOLVUSDT,RESOLV,Resolv,573793078.23777300,261,1767225600000,1789689600000,0.00001000,5,TRADING,True,USDT,,"['Monitoring', 'defi', 'Seed']",870b78e530a683cbc66bbd86430b498d8e287f209b88974b3615b8fa4a1cefb8,141
MUBARAKUSDT,MUBARAK,Mubarak,572052183.86429600,261,1767225600000,1789689600000,0.00001000,5,TRADING,True,USDT,,"['Seed', 'Meme', 'BSC']",e8e2a854730e827536bd31f8de832081ec2cec7bf80618702e665f4e195dcae3,142
FIDAUSDT,FIDA,Bonfida,571209173.86917100,261,1767225600000,1789689600000,0.00001000,5,TRADING,True,USDT,,"['Infrastructure', 'Solana']",e37353a8426d76b32c772fe621943218d417aa7bbf60fbeb7a656bb5b4acd6b1,143
MARSCOINUSDT,MARSCOIN,MarsCoin,568721650.38941000,15,1788480000000,1789689600000,0.00010000,4,TRADING,True,USDT,,"['Meme', 'Seed', 'newListing']",c8a42a28d1d43b172599b9ad1448179b45ff182ad4dd8f3c4193db82d1a93df3,144
SUSDT,S,Sonic,567757555.32286100,261,1767225600000,1789689600000,0.00001000,5,TRADING,True,USDT,,['Layer1_Layer2'],0ff778b8ec37855b62157747899af70434a641d513cdbb6179b5651ecdaeb530,145
IOUSDT,IO,IO.NET,564406062.13897300,261,1767225600000,1789689600000,0.00010000,4,TRADING,True,USDT,,"['Infrastructure', 'Launchpool', 'Seed', 'Solana', 'AI']",39af9f82c9c648b00dbd6be0381d3051962a79ec02946321be5ab0ce42df06fe,146
LAYERUSDT,LAYER,Solayer,560860235.16597600,261,1767225600000,1789689600000,0.00010000,4,TRADING,True,USDT,,"['defi', 'Seed', 'Solana', 'Launchpool', 'Infrastructure', 'HODLer']",290a727a6c6644ec69a87191fe11db474d97f53c1ae580222fb550d56c32d149,147
SIGNUSDT,SIGN,Sign,559891390.04442000,261,1767225600000,1789689600000,0.00001000,5,TRADING,True,USDT,,"['Infrastructure', 'Launchpool', 'Seed']",3fdfbed63726ddf6445f259c68869a70e63460d313e9df6d5de480687332c218,148
PARTIUSDT,PARTI,Particle Network,559392111.16408000,261,1767225600000,1789689600000,0.00010000,4,TRADING,True,USDT,,"['Layer1_Layer2', 'Launchpool', 'Infrastructure', 'Seed']",af4d8a246ded4cf2ab9ddd253c61cf1d352bf7f90968b57c31af55986b226645,149
GPSUSDT,GPS,GoPlus Security,553018099.87295200,261,1767225600000,1789689600000,0.00001000,5,TRADING,True,USDT,,"['Infrastructure', 'Seed', 'HODLer']",a5d0c3b98923ad0b8505244fdb7bf082083dfea4e1a7279129baf9711a0f5abc,150
OGUSDT,OG,OG Fan Token,552231569.71500000,261,1767225600000,1789689600000,0.00100000,3,TRADING,True,USDT,,"['fan_token', 'Launchpool', 'innovation-zone', 'Seed', 'BSC']",e033c290ba9e738b2c655aedfa77507e1d9f79ee033355187b93a9bd58607906,151
PNUTUSDT,PNUT,Peanut the Squirrel,537828465.49079000,261,1767225600000,1789689600000,0.00010000,4,TRADING,True,USDT,,"['Meme', 'Solana', 'Seed']",75578d08674d172060c44af8e228cb3ee4a57a54ac45c25e21b569f7e175b88b,152
MEMEUSDT,MEME,Memecoin,537104922.45995100,261,1767225600000,1789689600000,0.00000100,6,TRADING,True,USDT,,"['Meme', 'Seed', 'Launchpool']",fe9d2ad555697b8199f7668c81e62e1f1b9b24e687b713a267522c03c08d6041,153
NILUSDT,NIL,Nillion,537006351.25330900,261,1767225600000,1789689600000,0.00001000,5,TRADING,True,USDT,,"['Layer1_Layer2', 'Launchpool', 'AI', 'Seed']",78ab713853ebe042ab84fb46cb1d883a9a90e6c91ddecd120e4b13cb76948bfb,154
HMSTRUSDT,HMSTR,Hamster Kombat,536707129.95243840,261,1767225600000,1789689600000,0.00000010,7,TRADING,True,USDT,,"['Gaming', 'Launchpool', 'Seed']",c6f57dd2a6cb267f53569ffc619d91a77e183703288d7076e7282589f1ca55a6,155
SKYUSDT,SKY,Sky,533001671.51439000,261,1767225600000,1789689600000,0.00001000,5,TRADING,True,USDT,,"['defi', 'RWA']",d96b16e0c25f29823f53fac6d0066bcd5a7549ee8f49f74e3239283394a2f900,156
SOMIUSDT,SOMI,Somnia,531925402.10555000,261,1767225600000,1789689600000,0.00010000,4,TRADING,True,USDT,,"['Layer1_Layer2', 'HODLer', 'Seed']",6b75d352781912ac1323b3e118dabd708974793b0ec66e54b08a2936673180d4,157
LINEAUSDT,LINEA,Linea,525751020.84389400,261,1767225600000,1789689600000,0.00000100,6,TRADING,True,USDT,,"['Layer1_Layer2', 'Seed', 'HODLer', 'Launchpool']",bbd776e083c8ea71e05568f5fdc935b7f65cb8bdf32f304e0fe9781f78fa4a1f,158
SOXLBUSDT,SOXLB,Semicon Bull 3X ETF (bStocks),519808347.13084000,74,1783382400000,1789689600000,0.01000000,2,TRADING,True,USDT,tokenized stock/ETF representation (including leveraged ETFs),['bStocks'],d0b7591eae9631a8758dba9d92dcf67d03a914a118ecebc8b4f31c11bf0b2dd5,
FORMUSDT,FORM,Four,514703293.18238000,261,1767225600000,1789689600000,0.00010000,4,TRADING,True,USDT,,"['defi', 'Seed', 'BSC']",44e4606033a174981ae84dd6c360e54e984fc3e754943f04966b03170dd89135,159
WBETHUSDT,WBETH,Wrapped Beacon ETH (WBETH),513032124.55905600,261,1767225600000,1789689600000,0.01000000,2,TRADING,True,USDT,wrapped/staked representation of another crypto asset,['defi'],cf73844f054d9c6f3d043f864e8d655dfce17fefdfc7eaa5504a2af3fdf6b6e4,
TLMUSDT,TLM,Alien Worlds,507932984.55928900,261,1767225600000,1789689600000,0.00000100,6,TRADING,True,USDT,,"['Monitoring', 'Launchpool', 'Gaming', 'BSC']",f95748341ef4de4c0739ac4c6fcadebff592f84de245a91a6132fec364fee382,160
LSKUSDT,LSK,Lisk,507765757.19080000,261,1767225600000,1789689600000,0.00010000,4,TRADING,True,USDT,,"['Monitoring', 'mining-zone', 'pos', 'Layer1_Layer2']",54d152a1513517691eea3b067b77209787e9244d23e01a3625b892b54c74fee7,161
HUMAUSDT,HUMA,Huma Finance,502997810.86465000,261,1767225600000,1789689600000,0.00001000,5,TRADING,True,USDT,,"['Payments', 'Seed', 'Launchpool']",aa50a1b8929461392123000c02dec0fcde980f251caf684a9e731eab17f76b01,162
MOVRUSDT,MOVR,Moonriver,501830956.61556700,261,1767225600000,1789689600000,0.00100000,3,TRADING,True,USDT,,"['Monitoring', 'Layer1_Layer2']",7672b82c385711d1765bac6091d276dc67499e06f66f612833ff9d65b902dd5a,163
RUNEUSDT,RUNE,THORChain,499928457.21960000,261,1767225600000,1789689600000,0.00100000,3,TRADING,True,USDT,,['defi'],6ae164204715a86957072fe0e97829209c51806c8b11088a5b657814a7c19cbd,164
BOMEUSDT,BOME,BOOK OF MEME,499652323.96589060,261,1767225600000,1789689600000,0.00000010,7,TRADING,True,USDT,,"['Meme', 'Seed', 'Solana']",ef4d88695f64a251faa97114490df3f8b426235b5f56e7171a869074f3a8260a,165
PIXELUSDT,PIXEL,Pixels,499229349.62439800,261,1767225600000,1789689600000,0.00001000,5,TRADING,True,USDT,,"['Gaming', 'Launchpool', 'Seed']",064401cf4c950d3d8f713f491a179eec623b31bedb7a6ec8941fd92a009080d0,166
WUSDT,W,Wormhole,487963700.15598600,261,1767225600000,1789689600000,0.00001000,5,TRADING,True,USDT,,"['Infrastructure', 'Solana']",214e7e6b6da39ef37ae367a8afe4d3fe32b58710c0a95a0da795b5b11e0f4cb6,167
ARKMUSDT,ARKM,Arkham,486684766.58033000,261,1767225600000,1789689600000,0.00010000,4,TRADING,True,USDT,,"['Infrastructure', 'Launchpad']",dc947d9e147c3b5b9978df7a69b422404180aa97af7659316bcfafb66692dc19,168
OPENUSDT,OPEN,OpenLedger,485635834.62393000,261,1767225600000,1789689600000,0.00010000,4,TRADING,True,USDT,,"['Layer1_Layer2', 'HODLer', 'Seed', 'AI']",b3ca1f1a4b7a8bebe8ba06255bab9305769659545c9d26809cdbeb2f18ba6605,169
DOGSUSDT,DOGS,Dogs,484397378.06260730,261,1767225600000,1789689600000,0.00000001,8,TRADING,True,USDT,,"['Meme', 'Launchpool', 'Seed']",0f8d910df4364be30abe3ef67b7382f06f248732f941d24d062bfc9d5ad0e0cc,170
ONGUSDT,ONG,Ontology Gas,481978630.37593000,261,1767225600000,1789689600000,0.00001000,5,TRADING,True,USDT,,[],49fbe77926a72fb43deef4e41f9351825460f1350e25385da51e54452a3a0629,171
ALTUSDT,ALT,AltLayer,480335061.17619000,261,1767225600000,1789689600000,0.00001000,5,TRADING,True,USDT,,"['Infrastructure', 'Launchpool', 'Seed']",c8c99e01b2bd41b5443174a60279022676a093479dbb3836c5cb6e0bdfcf397b,172
CFXUSDT,CFX,Conflux Network,478061068.95780000,261,1767225600000,1789689600000,0.00001000,5,TRADING,True,USDT,,['Layer1_Layer2'],56d95f4a8f2c1cdc7116f476a9e2a981f845dcc7f2a58821b7784bab55c26db9,173
SYRUPUSDT,SYRUP,Maple Finance,471373432.91087000,261,1767225600000,1789689600000,0.00010000,4,TRADING,True,USDT,,"['defi', 'Seed', 'RWA']",b17ea4295a8674b7300e7837fc517fca2443d1903c314cc7e5852c25b2c82c35,174
STGUSDT,STG,Stargate Finance,465075676.16865000,261,1767225600000,1789689600000,0.00010000,4,TRADING,True,USDT,,"['defi', 'innovation-zone', 'Seed']",9843acca24b24c36432c4e39e96c91f513f9bc053805e06c9554863bfbce8d8d,175
ONTUSDT,ONT,Ontology,464574789.21671000,261,1767225600000,1789689600000,0.00001000,5,TRADING,True,USDT,,"['Layer1_Layer2', 'pos', 'mining-zone', 'BSC']",fc9af7b26a06bd21a59a08a3e1c2b3952201f39b6084e3a38e1d24ca5e09fbf7,176
RIFUSDT,RIF,Rootstock Infrastructure Framework,462158831.75410000,261,1767225600000,1789689600000,0.00010000,4,TRADING,True,USDT,,"['Layer1_Layer2', 'storage-zone', 'defi']",aa6148903445b1968c1af7d46b9f1028b9856a12ba9cb5ee7e5f00c7c0fbf06c,177
COTIUSDT,COTI,COTI,461473656.58562000,261,1767225600000,1789689600000,0.00001000,5,TRADING,True,USDT,,['Payments'],0e33ecb6cde83509d93564208d273783188fe24bc90f4450a53d0ec9dd20c0e3,178
METUSDT,MET,Meteora,451391839.09413000,261,1767225600000,1789689600000,0.00010000,4,TRADING,True,USDT,,"['defi', 'Seed']",60ad16972f2ee495f016343a868587efb0300d59fbcd4a3b9c35df842c50ee29,179
MANTRAUSDT,MANTRA,MANTRA,451070694.12962000,199,1772582400000,1789689600000,0.00001000,5,TRADING,True,USDT,,"['Layer1_Layer2', 'RWA', 'Seed']",531eaa3d1b505ec3e017aac3446c92d4877f6476d5c1a37b4daffdf0cb5f65d5,180
VETUSDT,VET,VeChain,444565968.07674550,261,1767225600000,1789689600000,0.00000100,6,TRADING,True,USDT,,"['Layer1_Layer2', 'mining-zone', 'pos', 'RWA']",b7b5838ba3d322a32af364d5335a8fe8ad0f18647a5faabfe1a5598450eccbeb,181
AIXBTUSDT,AIXBT,aixbt by Virtuals,443892266.23392100,261,1767225600000,1789689600000,0.00001000,5,TRADING,True,USDT,,"['AI', 'Seed', 'Meme']",34b4e950d9d8efe589237b6ad2340ca8a865b6f75502542c3076572bf35f5c5b,182
SXTUSDT,SXT,Space and Time,431407302.02776500,261,1767225600000,1789689600000,0.00001000,5,TRADING,True,USDT,,"['Layer1_Layer2', 'Seed', 'Infrastructure', 'Launchpool']",7ea55d2b0311ac8188af7270bc76138d34bddbb90f914659bfbe7b569ee32e35,183
STXUSDT,STX,Stacks,423674611.66564000,261,1767225600000,1789689600000,0.00010000,4,TRADING,True,USDT,,"['Monitoring', 'mining-zone', 'storage-zone', 'Layer1_Layer2']",ce5f8c92b6a4585f5c07f922c0b1c7f3d5e1ff4068388a9aa282bcf9c9671a14,184
SOLVUSDT,SOLV,Solv Protocol,412990845.69752000,261,1767225600000,1789689600000,0.00001000,5,TRADING,True,USDT,,"['defi', 'Seed', 'Megadrop', 'BSC']",cf0f769f19fdf52404f6a5a60b53ddb545369c5cc1cc5ada0fac7eb20ef767fd,185
PROVEUSDT,PROVE,Succinct,405206866.11241000,261,1767225600000,1789689600000,0.00010000,4,TRADING,True,USDT,,"['Infrastructure', 'HODLer', 'Seed']",1733d87381af158219befe521e47f15a9cccb9724ed6439dbadfbdf228843e43,186
TNSRUSDT,TNSR,Tensor,405030684.84422000,261,1767225600000,1789689600000,0.00010000,4,TRADING,True,USDT,,"['NFT', 'Seed', 'Solana']",0ce62f7a15f1c8ad1fb056d11f7bb732c25a316b54bd6013c7155d10c80ea2a4,187
ALICEUSDT,ALICE,My Neighbor Alice,404261922.23621200,261,1767225600000,1789689600000,0.00010000,4,TRADING,True,USDT,,"['Gaming', 'innovation-zone', 'NFT', 'Launchpool', 'Seed']",071d0178c24ecd280a91713361867a9d03f4dea6ab7da93a596f44d1998dae8d,188
ACTUSDT,ACT,Act I : The AI Prophecy,403910489.69477700,261,1767225600000,1789689600000,0.00001000,5,TRADING,True,USDT,,"['Monitoring', 'Solana', 'AI', 'Seed', 'Meme']",2357021b6f4b9104f0ac716b01628c409211e891934f53659562c6fdc70afe61,189
LAUSDT,LA,Lagrange,397084088.30508000,261,1767225600000,1789689600000,0.00010000,4,TRADING,True,USDT,,"['Infrastructure', 'Seed', 'HODLer']",39ab8676edbab976cae845bdbefc5ca838b3fe5fd02b8fa30b217cd52eb12728,190
IDUSDT,ID,Space ID,392991568.69220000,261,1767225600000,1789689600000,0.00010000,4,TRADING,True,USDT,,"['Infrastructure', 'innovation-zone', 'Launchpad', 'Seed', 'BSC']",f7c0958de10966aec897249f95340a3a250cb1fcad4b051e6a757939cab4d93d,191
NOTUSDT,NOT,Notcoin,390497749.10979000,261,1767225600000,1789689600000,0.00000100,6,TRADING,True,USDT,,"['Gaming', 'Launchpool', 'Seed']",574413184384c673fc299708ee7f6762fc3f02ab31551a92711d6748d9dcc289,192
PHAUSDT,PHA,Phala.Network,390373816.89550000,261,1767225600000,1789689600000,0.00010000,4,TRADING,True,USDT,,"['Infrastructure', 'innovation-zone', 'Seed', 'AI', 'Layer1_Layer2']",a2ad58c775f9f76f466da1e578607b82960bc38d8c35b54b392a1be6004710db,193
LUNAUSDT,LUNA,Terra,384959068.97987800,261,1767225600000,1789689600000,0.00010000,4,TRADING,True,USDT,,"['Layer1_Layer2', 'pos', 'mining-zone', 'defi']",fe87d136b5279e3130c751e6af65a9a5249df9654d3444bd8e1e6fc642be4ab5,194
JASMYUSDT,JASMY,JasmyCoin,383535897.17951800,261,1767225600000,1789689600000,0.00001000,5,TRADING,True,USDT,,"['Monitoring', 'Infrastructure']",57fe7624dac6c15a552ce2b7fe9144c1e8435435c620b9caaf38fc7fbbebafa4,195
牛来USDT,牛来,牛来,381699825.58504000,10,1788912000000,1789689600000,0.00001000,5,TRADING,True,USDT,,"['Meme', 'Seed', 'newListing']",5e9b59d1b7be3e335a27b49a2fd3d374cec1bf94a19ef57bae10369b762e4133,196
TOWNSUSDT,TOWNS,Towns Protocol,379501090.66049000,261,1767225600000,1789689600000,0.00001000,5,TRADING,True,USDT,,"['Monitoring', 'HODLer', 'Seed']",b88adf6a881e8f430b5cd6c1fb4a8b51c2f3d8fe9eb3f067615857a1801c9c09,197
CUSDT,C,Chainbase,359073335.44822000,261,1767225600000,1789689600000,0.00010000,4,TRADING,True,USDT,,"['Infrastructure', 'HODLer', 'Seed']",536f7d2ee55843ebdf386f128e1c4390bec173444a860431f7462e1181a0ca5c,198
IOTAUSDT,IOTA,IOTA,356877745.51140000,261,1767225600000,1789689600000,0.00010000,4,TRADING,True,USDT,,['Layer1_Layer2'],d41bbab0cc1ebfa6cd70a91bf3566b34a758d451149fcf1e61c222f9773df791,199
MOVEUSDT,MOVE,Movement,356621473.57060000,261,1767225600000,1789689600000,0.00010000,4,TRADING,True,USDT,,"['Monitoring', 'Seed', 'Launchpool', 'Layer1_Layer2']",6a1ea1bfb13ec21c10cfc1bdd6804c41ed1e2effbb9a60b1095d84f2236a40ee,200
STRAXUSDT,STRAX,Xertra,356097277.35879000,261,1767225600000,1789689600000,0.00001000,5,TRADING,True,USDT,,"['Layer1_Layer2', 'pos']",a2e5f275629285cf992dea99abb6de9f5a3c7b438faa6266e554a3280ef9bd41,201
FLOWUSDT,FLOW,Flow,355736189.10918570,261,1767225600000,1789689600000,0.00001000,5,TRADING,True,USDT,,['Layer1_Layer2'],28df813dd129f684d8bdad19ac1a299080e1557164c0bf068e8ab7abde34f2a1,202
BBUSDT,BB,BounceBit,355066360.78720700,261,1767225600000,1789689600000,0.00001000,5,TRADING,True,USDT,,"['Layer1_Layer2', 'Seed', 'Megadrop', 'RWA']",41828ee8de2fd2309d1d7bcb3be4d40fdcc585a35f04e490b5e5478dd106da08,203
REDUSDT,RED,RedStone,348049058.17058000,261,1767225600000,1789689600000,0.00010000,4,TRADING,True,USDT,,"['Infrastructure', 'Seed', 'Launchpool']",d91fcb1d401352cb27973b595e5ec282e561c1380f5eaed21c47a8b2ffcd0bb9,204
TRBUSDT,TRB,Tellor Tributes,347936104.58756000,261,1767225600000,1789689600000,0.01000000,2,TRADING,True,USDT,,"['Infrastructure', 'defi', 'pos', 'mining-zone']",2c7928147f12a69e8e4defb6cc349d4aaacbf43c7cb1e13d4f33c3feee38c46d,205
ENSUSDT,ENS,Ethereum Name Service,347851461.52120000,261,1767225600000,1789689600000,0.01000000,2,TRADING,True,USDT,,['Infrastructure'],e3e94adccc7b35c1803aa246b28ac3b2913aab902b3697950ae94e153aa64f67,206
DODOUSDT,DODO,DODO,344990192.73480300,261,1767225600000,1789689600000,0.00001000,5,TRADING,True,USDT,,"['Monitoring', 'Launchpool', 'innovation-zone', 'Seed', 'defi', 'BSC']",0a7859dcb2080f430db0141aae688c03582eaabeb6737b611fa2aa5030d09391,207
DYMUSDT,DYM,Dymension,343011541.52595900,261,1767225600000,1789689600000,0.00001000,5,TRADING,True,USDT,,"['Infrastructure', 'Layer1_Layer2', 'Seed']",76c7080a3f9946d95048b025f55cdcebd0d8d4d15db34877d5e60e551ea1aa20,208
AXLUSDT,AXL,Axelar,342474928.50844900,261,1767225600000,1789689600000,0.00010000,4,TRADING,True,USDT,,"['Layer1_Layer2', 'Infrastructure', 'Seed']",cfd06443f8b54bf858b516eb0ec91028d86a6b7d06b4c526e1b23a2aa1b96e20,209
SNXXBUSDT,SNXXB,Tradr 2X Long SNDK ETF (bStocks),341747324.21730000,59,1784678400000,1789689600000,0.01000000,2,TRADING,True,USDT,tokenized stock/ETF representation (including leveraged ETFs),['bStocks'],f4417b4e867a29a7b5d5caf5a47d158c136ff7ea69f9b9a06298cebb834e832b,
INITUSDT,INIT,Initia,339770416.27169700,261,1767225600000,1789689600000,0.00001000,5,TRADING,True,USDT,,"['Layer1_Layer2', 'Seed', 'Launchpool']",53e56558a5b599f1e2384ceac0d14e38e06c2907632a90d596378343a8f6f730,210
KAIAUSDT,KAIA,Kaia,336070405.39823000,261,1767225600000,1789689600000,0.00010000,4,TRADING,True,USDT,,"['Layer1_Layer2', 'Launchpool', 'defi']",2f0d143802f51a3588f862943c62a076c8ded67cfe08794526315f19ccc6f95d,211
MSTRBUSDT,MSTRB,Strategy (bStocks),334345163.09389000,88,1782172800000,1789689600000,0.01000000,2,TRADING,True,USDT,tokenized stock/ETF representation (including leveraged ETFs),['bStocks'],61804841db7ea2e16c22bd7eab62ba0bd61e1db36235ca3458243af9d7d5e381,
COMPUSDT,COMP,Compound,333347873.52107000,261,1767225600000,1789689600000,0.01000000,2,TRADING,True,USDT,,['defi'],2446f058e8b115abc2a6be418d2da5fa31aa7bee6befad578be5413f84d48dd9,212
LPTUSDT,LPT,Livepeer,331606523.40019000,261,1767225600000,1789689600000,0.00100000,3,TRADING,True,USDT,,"['Infrastructure', 'AI']",ad91e9a21f604872c583dfd0b97113c92e8469e12b5dfd1a0e9e0b6d84939c4b,213
QNTUSDT,QNT,Quant,329699700.65485000,261,1767225600000,1789689600000,0.01000000,2,TRADING,True,USDT,,['Infrastructure'],47d2d3a386c5b4cef9780861acc5a973b5de0a63807271053a96f19da89b4513,214
API3USDT,API3,API3,328077993.11938600,261,1767225600000,1789689600000,0.00010000,4,TRADING,True,USDT,,['Infrastructure'],348b00c4762836206047f061f21040e8fa149cf980655ec94871c475ebdfdf1e,215
GUSDT,G,Gravity,327514722.78021000,261,1767225600000,1789689600000,0.00001000,5,TRADING,True,USDT,,"['Infrastructure', 'innovation-zone', 'Seed']",7368538e2a85007f9c12d1632d8a5689a85bca7c2fcd4b56008177bef413158d,216
TURBOUSDT,TURBO,Turbo,326584611.39129600,261,1767225600000,1789689600000,0.00000100,6,TRADING,True,USDT,,"['Meme', 'AI', 'Seed']",e8be1b509af20094421f2a412e1e0ffa27dad7050d9eea6cc5a9ad183175ea47,217
EDUUSDT,EDU,Open Campus,322209552.06680000,261,1767225600000,1789689600000,0.00010000,4,TRADING,True,USDT,,['Launchpad'],55b88d66ae1348963cd27c3ca77f4710ddfab9a82a19ac37b1d3177d0a655d1a,218
1000SATSUSDT,1000SATS,1000*SATS (Ordinals),320204281.64483740,261,1767225600000,1789689600000,0.00000001,8,TRADING,True,USDT,,"['Seed', 'Meme']",3bc67f41247019cd0d372b200f6b36e8377a8353476be2e3e6a565e5bcb8df1c,219
AUCTIONUSDT,AUCTION,Auction,320186533.87549000,261,1767225600000,1789689600000,0.00100000,3,TRADING,True,USDT,,"['defi', 'innovation-zone', 'Seed']",d2373ba5bfd1c4f4d53e1bf69cf34693fe41158bb6ace8bd337aa491119523e8,220
GRTUSDT,GRT,The Graph,317020332.17962000,261,1767225600000,1789689600000,0.00001000,5,TRADING,True,USDT,,"['Infrastructure', 'AI']",8c40b136a62fce5864cb1c084d9a7c630416ad767436c6d83487591e9d22b50a,221
BLURUSDT,BLUR,Blur,312926300.72392100,261,1767225600000,1789689600000,0.00001000,5,TRADING,True,USDT,,"['Monitoring', 'NFT']",ec63d07375096591f012d77788029f63749b5196f0ac9aadcfa4bd009fb39e29,222
ACHUSDT,ACH,Alchemy Pay,312914607.53268000,261,1767225600000,1789689600000,0.00001000,5,TRADING,True,USDT,,['Payments'],ff0fc4cd6a264728ffd58be023243e2e29d0d6e1acda8d4901ea4224ffb5efb2,223
SNXUSDT,SNX,Synthetix Network Token,310421683.54501000,261,1767225600000,1789689600000,0.00010000,4,TRADING,True,USDT,,"['defi', 'RWA']",80b180082f7cb8e9f8700830c0fd72a9e90a427bd959882c96c2cd8bd9b55c6c,224
MITOUSDT,MITO,Mitosis,308928248.64386600,261,1767225600000,1789689600000,0.00001000,5,TRADING,True,USDT,,"['defi', 'Seed', 'HODLer']",12300010345d4eac84dbc6246ee25673b8c72048ee597799d04f04f2b0384c76,225
XVGUSDT,XVG,Verge,306620860.31352200,261,1767225600000,1789689600000,0.00000100,6,TRADING,True,USDT,,['mining-zone'],cd5fa501bb7db5649ae3a0edd863e087cc57624d812b14378c56c87e8dd2e25f,226
MEUSDT,ME,Magic Eden,303652757.63482260,261,1767225600000,1789689600000,0.00001000,5,TRADING,True,USDT,,"['NFT', 'Seed', 'Solana']",dfd1f9821244dcc1bec3c49c6d259735f90b43b54d4139e5524fc6cc0a1268fa,227
WCTUSDT,WCT,WalletConnect,301580034.48024700,261,1767225600000,1789689600000,0.00001000,5,TRADING,True,USDT,,"['Infrastructure', 'Seed', 'Launchpool']",bc7e0554cee32143169b6ad83b0aa2f15cdcd2958ad48b43fb3849b430ba0552,228
THETAUSDT,THETA,Theta Token,296782205.65906000,261,1767225600000,1789689600000,0.00010000,4,TRADING,True,USDT,,"['Layer1_Layer2', 'mining-zone', 'AI', 'Infrastructure']",53ae5bef0f6f4f95972306bb545e3cf84ff9167c6809d1e5c6ff3f46aa826182,229
DOLOUSDT,DOLO,Dolomite,296288938.94966000,261,1767225600000,1789689600000,0.00001000,5,TRADING,True,USDT,,"['defi', 'HODLer', 'Seed']",5cff2b354093a1dd904674b01a26f2a064019b8d8ae5a166dacafc7ebb5ed94e,230
BNSOLUSDT,BNSOL,Binance Staked SOL,295539111.22660000,261,1767225600000,1789689600000,0.10000000,1,TRADING,True,USDT,wrapped/staked representation of another crypto asset,['defi'],f2909bbe91c8a3d9788270f2d3dbef3ca77b546e8df0426f889c895a86823ef0,
FRAXUSDT,FRAX,Frax Finance,295405236.37762000,247,1768435200000,1789689600000,0.00010000,4,TRADING,True,USDT,,['defi'],3bc0ed0fcef9b796861fcd437fa8111e0a410bde34eeeaca8bf4581eeaf804b3,231
ATMUSDT,ATM,Atlético de Madrid Fan Token,291112309.39436000,261,1767225600000,1789689600000,0.00100000,3,TRADING,True,USDT,,"['fan_token', 'Launchpool', 'innovation-zone', 'Seed', 'BSC']",3bc8e0cc647738837e6ac0145c49b8b6bf6121a2084e862c83de18c85c94d1b9,232
ATUSDT,AT,APRO,290158837.62961000,261,1767225600000,1789689600000,0.00010000,4,TRADING,True,USDT,,"['Infrastructure', 'Seed', 'HODLer']",89c90da889afb67c0ad09de0128662723487a5472adcaeb51f2712766a55037e,233
LUMIAUSDT,LUMIA,LUMIA,289407513.24275400,261,1767225600000,1789689600000,0.00010000,4,TRADING,True,USDT,,"['Layer1_Layer2', 'defi', 'RWA']",d50dd98e54a2e1da24d2b11a8bfe7bdc0943a8e6b6af7f8e060b8eaf01e3e90c,234
MANTAUSDT,MANTA,Manta,288203091.95358700,261,1767225600000,1789689600000,0.00001000,5,TRADING,True,USDT,,"['Layer1_Layer2', 'Launchpool', 'Seed']",066cebb934685e0ff600e8a87f8fbdf04274fa776fbb600db50daf3e0f602a4d,235
XAIUSDT,XAI,Xai,282919696.67055200,261,1767225600000,1789689600000,0.00001000,5,TRADING,True,USDT,,"['Gaming', 'Launchpool', 'Seed']",cad3eac43b1ceb9b75187b8b6cd0e6dd37d0c35fbc06a308cc4aba0fa90056d9,236
PEOPLEUSDT,PEOPLE,ConstitutionDAO,282442505.77220900,261,1767225600000,1789689600000,0.00001000,5,TRADING,True,USDT,,"['innovation-zone', 'Meme', 'Seed']",8f048aefe7462043b57ca4764f9112042df0719cc8c738e93fc9a75dc6ba5a1f,237
MINAUSDT,MINA,Mina,282152187.03065000,261,1767225600000,1789689600000,0.00010000,4,TRADING,True,USDT,,"['Layer1_Layer2', 'pos']",6f8733b55b2a55e3158e078cf62d036ddbcee64bc84895889fff70407e093993,238
KORUBUSDT,KORUB,South Korea Bull 3X ETF (bStocks),281880511.03800000,59,1784678400000,1789689600000,0.01000000,2,TRADING,True,USDT,tokenized stock/ETF representation (including leveraged ETFs),['bStocks'],461fb360715f65695f063fdbdc25578c2d65f51672436f99c8f351f916a0e72d,
SAPIENUSDT,SAPIEN,SAPIEN,278870234.94875000,261,1767225600000,1789689600000,0.00010000,4,TRADING,True,USDT,,"['AI', 'HODLer', 'Seed']",3660181e72dd1171d20a1fe97b5e207a71309f59f3004c54a22326e702ec3c3c,239
TWTUSDT,TWT,Trust Wallet Token,277227979.14280000,261,1767225600000,1789689600000,0.00010000,4,TRADING,True,USDT,,"['Infrastructure', 'BSC']",d4e43bd11bad4cb9ec36988fe5691ebef10cb6cb16891357ca72323e34926c84,240
SUPERUSDT,SUPER,SuperVerse,276371723.45860000,261,1767225600000,1789689600000,0.00010000,4,TRADING,True,USDT,,"['NFT', 'defi', 'innovation-zone', 'Seed']",46d5729c74e7fbb925dc53895c7188a64f58d7f8e6787732d569dfe1fa0403de,241
GMTUSDT,GMT,Green Metaverse Token,274623100.85257200,261,1767225600000,1789689600000,0.00001000,5,TRADING,True,USDT,,"['NFT', 'Launchpad', 'Solana']",da4bba911d458fd0c64cb990ad5c37dee18bde72df7cbf1ab95efcfa60b0d73f,242
SOPHUSDT,SOPH,Sophon,273776370.05314000,261,1767225600000,1789689600000,0.00001000,5,TRADING,True,USDT,,"['Monitoring', 'Seed', 'Launchpool', 'Layer1_Layer2']",6ad22674d44e26558c5b9dc6a5ed2ba32ec5a188e60f576e21d24d7ffba0b08d,243
IMXUSDT,IMX,ImmutableX,272399661.03279000,261,1767225600000,1789689600000,0.00010000,4,TRADING,True,USDT,,"['Layer1_Layer2', 'NFT', 'Gaming']",6fe45b13c1301730391cd79e972ba25cab381498a72f6b82a8b56c1c63c0be0c,244
SUNUSDT,SUN,SUN,264744447.50729000,261,1767225600000,1789689600000,0.00001000,5,TRADING,True,USDT,,"['defi', 'Seed']",b1a25e42423ded4faed201f416fd1bfae03fc8970dddfd40dcd4db5c4fc0a1b7,245
RADUSDT,RAD,Radworks,264126871.89440000,261,1767225600000,1789689600000,0.00100000,3,TRADING,True,USDT,,['Infrastructure'],bd30facb2bd614dcede9f820e55f6eea4cc17ec021d0b709591815ea2a3e4bb5,246
RONINUSDT,RONIN,Ronin,263883673.28668000,261,1767225600000,1789689600000,0.00010000,4,TRADING,True,USDT,,"['Gaming', 'Layer1_Layer2', 'Seed']",97067b69f708a9b4b2b6719ebd73de6a799f597e3d4382eceac8e29ad089be2c,247
BELUSDT,BEL,Bella Protocol,261816998.59590000,261,1767225600000,1789689600000,0.00010000,4,TRADING,True,USDT,,"['defi', 'innovation-zone', 'Launchpool', 'Seed', 'BSC']",5960349ba5d02cc271044838ae4d2b1f4865b3e27c3f2bd3e3ed0f627ee04630,248
ARPAUSDT,ARPA,ARPA Network,261796923.05681200,261,1767225600000,1789689600000,0.00001000,5,TRADING,True,USDT,,"['Layer1_Layer2', 'Infrastructure']",e3d18351d56dc3243d77d0d9f316576e366b575a6f799d4635ecf74d37bc8a97,249
AIUSDT,AI,Sleepless AI,261469319.06339000,261,1767225600000,1789689600000,0.00010000,4,TRADING,True,USDT,,"['AI', 'Seed', 'Launchpool', 'Gaming']",a7c85fc07f9a34e7bc3ceee593a4214a519a53ceda324459ea9c138d0987af58,250
CVXUSDT,CVX,Convex Finance,258120019.33737900,261,1767225600000,1789689600000,0.00100000,3,TRADING,True,USDT,,['defi'],f6ad69d2415ecce2643c82877093205680412d104edb0c61f3c7e30f4b4c00f1,251
YGGUSDT,YGG,Yield Guild Games,256412451.29430700,261,1767225600000,1789689600000,0.00001000,5,TRADING,True,USDT,,['Gaming'],e501f633512641ea86e6b74efe4c4dc21c219c3a14634d99af34926fe12d5ed3,252
ADXUSDT,ADX,heyAura,255418822.44810000,261,1767225600000,1789689600000,0.00010000,4,TRADING,True,USDT,,"['Infrastructure', 'AI']",131297a2f0a63f3711d41ae34f145201747384f534d925973e5836de69a8a4a9,253
ZILUSDT,ZIL,Zilliqa,255084138.16011540,261,1767225600000,1789689600000,0.00000100,6,TRADING,True,USDT,,['Layer1_Layer2'],df41943a86c26cdf2a759defc6239c4bd0c8e1917ea6f5cc6c03c979f0740a62,254
AUSDT,A,Vaulta,251762454.77987000,261,1767225600000,1789689600000,0.00010000,4,TRADING,True,USDT,,['Layer1_Layer2'],7f34e1990f5052f359e040974d63821cb9381aa514c329215a7c5aae3609cf48,255
2ZUSDT,2Z,DoubleZero,245090457.46672000,261,1767225600000,1789689600000,0.00001000,5,TRADING,True,USDT,,"['Infrastructure', 'Seed', 'HODLer']",039aa3bdee695fa9323a75906ac346053d553342fc9ad5f715cfc88c459b8ec0,256
CYBERUSDT,CYBER,Cyber,244431642.58187000,261,1767225600000,1789689600000,0.00100000,3,TRADING,True,USDT,,"['Infrastructure', 'Seed', 'Launchpool']",f5d774c87730adef85469cff88e9b427e11b2fd65c973b019ca41c7ae2a4aa63,257
ANKRUSDT,ANKR,Ankr,242670789.74382500,261,1767225600000,1789689600000,0.00001000,5,TRADING,True,USDT,,"['defi', 'pos']",fd689b1bcec1175df3c18e218e92f67c57bca60e96e68392029bc658ec45d0b3,258
MANAUSDT,MANA,Decentraland,241064714.28280000,261,1767225600000,1789689600000,0.00010000,4,TRADING,True,USDT,,"['Gaming', 'NFT']",f123c35e814b162ca64bb332967978847326a7b051d3a1c3688eba00510cc3f5,259
WALUSDT,WAL,Walrus,239719389.91623000,261,1767225600000,1789689600000,0.00010000,4,TRADING,True,USDT,,"['storage-zone', 'Seed', 'HODLer']",9947785dce768915d5f012abb052c94f0bf48760fd2d32489754229f2e48eefc,260
NEOUSDT,NEO,NEO,239627278.40096000,261,1767225600000,1789689600000,0.00100000,3,TRADING,True,USDT,,"['Layer1_Layer2', 'mining-zone', 'pos']",f3c10ac455f17b2bcc62f5070305d6b352c7ee25122378b8746df02164385b25,261
QQQBUSDT,QQQB,Invesco QQQ Trust (bStocks),238537005.27205000,81,1782777600000,1789689600000,0.01000000,2,TRADING,True,USDT,tokenized stock/ETF representation (including leveraged ETFs),['bStocks'],815354d6b92f18b8e7e87337f712724ea135e04bdc4f6dfda51b434bf4d4acf4,
YBUSDT,YB,Yield Basis,238515924.55009000,261,1767225600000,1789689600000,0.00010000,4,TRADING,True,USDT,,"['defi', 'HODLer', 'Seed']",eb1c92b0632d0097602a036ae8479d9ee93969c8034e82c0a3936f3f8c6c7707,262
RAREUSDT,RARE,SuperRare,237839973.14021400,261,1767225600000,1789689600000,0.00001000,5,TRADING,True,USDT,,"['Monitoring', 'NFT']",e9f47b35d3cc20a49c878d08bfc379028b5b832a22ddf8085f7ae24fb7b0d9d9,263
KAVAUSDT,KAVA,Kava,236766833.00523600,261,1767225600000,1789689600000,0.00001000,5,TRADING,True,USDT,,"['Layer1_Layer2', 'pos', 'mining-zone', 'Launchpad', 'defi']",26e71aef120eb41cb0948c889409cc9e1508513af31b392e59197b344966e077,264
SKLUSDT,SKL,SKALE Network,234716613.39873000,261,1767225600000,1789689600000,0.00001000,5,TRADING,True,USDT,,['Layer1_Layer2'],23bcaa33abd481d787a569d1b2263481f4f93eb43657e6b92bb00da76ac3ecd2,265
MAGICUSDT,MAGIC,Treasure,234337848.25750000,261,1767225600000,1789689600000,0.00010000,4,TRADING,True,USDT,,"['AI', 'NFT', 'Seed']",146884d6112e41f69d501d4e57b8030e08688c76d3a526405119dbd6b192707e,266
XTZUSDT,XTZ,Tezos,232943026.76300000,261,1767225600000,1789689600000,0.00010000,4,TRADING,True,USDT,,"['Layer1_Layer2', 'mining-zone', 'pos']",c700e6cb31e5712925735bd3a62cd8c30b90d4c46efa2f8f87386afc90fb876b,267
AMPUSDT,AMP,AMP,228792911.13175900,261,1767225600000,1789689600000,0.00000100,6,TRADING,True,USDT,,['defi'],05ef4e3ed0be7ee41137f8e25184c00e5b94209967e6843ee253e0d0c25abcf5,268
MBLUSDT,MBL,MovieBloc,227540886.99460800,261,1767225600000,1789689600000,0.00000100,6,TRADING,True,USDT,,"['Gaming', 'NFT']",21fa561a66ccddbc3906b3e142434e8d5182369d850c389a143cb03401401787,269
PSGUSDT,PSG,Paris Saint-Germain Fan Token,223580531.69176000,261,1767225600000,1789689600000,0.00100000,3,TRADING,True,USDT,,"['fan_token', 'Launchpool', 'innovation-zone', 'Seed', 'BSC']",b2e68844a11e8bb563517a83cd60295d8022f3812d6316ec589681060fab8fe3,270
AGLDUSDT,AGLD,Adventure Gold,223296161.66778000,261,1767225600000,1789689600000,0.00010000,4,TRADING,True,USDT,,"['NFT', 'innovation-zone', 'Gaming', 'Seed']",5c34e1d6492c9902cd0784261a43884bc31481ee29aafadd07d6d9b021b576d1,271
ANIMEUSDT,ANIME,Animecoin,221796924.99727700,261,1767225600000,1789689600000,0.00001000,5,TRADING,True,USDT,,"['NFT', 'Launchpool', 'Seed']",365e4cf12f6b26a7f8dcfef328b0b962fef9a1374b8e8cf46a4e7d41421f4894,272
USTCUSDT,USTC,TerraClassicUSD,220508846.78405000,261,1767225600000,1789689600000,0.00001000,5,TRADING,True,USDT,stablecoin (including depegged stablecoin designs),['defi'],d813ea91920a22992666f7e452ef5d7e6fede203256249d6999d7570133b2d1c,
1000CHEEMSUSDT,1000CHEEMS,1000*cheems.pet,220095112.96469600,261,1767225600000,1789689600000,0.00000100,6,TRADING,True,USDT,,"['Meme', 'Seed', 'BSC']",370460a35b92fe2c7c72906fa633358f92a4b28116285ac04f729c19d179f3ba,273
DCRUSDT,DCR,Decred,220091533.03242000,261,1767225600000,1789689600000,0.01000000,2,TRADING,True,USDT,,"['Layer1_Layer2', 'pos', 'mining-zone']",8278f60d33a5e050d1ebd7cd6d9dcd89f7af588d552276e6f770764939c73d8a,274
RSRUSDT,RSR,Reserve Rights,220036393.85242920,261,1767225600000,1789689600000,0.00000100,6,TRADING,True,USDT,,"['defi', 'RWA']",e16c6f618a0f7152db60b6eb6933270f4ebf1249aa802135e91d7bdca3675913,275
KERNELUSDT,KERNEL,KernelDAO,219320277.88715000,261,1767225600000,1789689600000,0.00010000,4,TRADING,True,USDT,,"['defi', 'Megadrop', 'Seed', 'BSC']",e9e3bc21560e980eb36bdd78e605886a54ceec750366b5c157a0786346256434,276
BANANAUSDT,BANANA,Banana Gun,218640160.13753200,261,1767225600000,1789689600000,0.00100000,3,TRADING,True,USDT,,"['defi', 'Seed', 'Launchpool']",291084a017fef5ca35c7b3cafc265f5758e9d48de2a672b9275c33521e46788d,277
OSMOUSDT,OSMO,Osmosis,214593141.31236600,261,1767225600000,1789689600000,0.00010000,4,TRADING,True,USDT,,"['defi', 'pos', 'Layer1_Layer2']",99890e30bb70a7baee6e758b1de93b03bb9c3dbbb8dc45c77568d7696e3b828d,278
1MBABYDOGEUSDT,1MBABYDOGE,1M x BABYDOGE,213488712.98782520,261,1767225600000,1789689600000,0.00000010,7,TRADING,True,USDT,,"['Meme', 'Seed']",4eaaad04648287834ad9a38d3df728e2391549c5b6d6306a069a392fc62b8520,279
USUALUSDT,USUAL,Usual,211544256.14139400,261,1767225600000,1789689600000,0.00001000,5,TRADING,True,USDT,,"['RWA', 'Launchpool', 'Seed', 'defi']",fa2f039d1e1fd1186fc6697a90761736d16947220a4dd94fb15f037f00d69f4d,280
OGNUSDT,OGN,OriginToken,207319080.96011000,261,1767225600000,1789689600000,0.00001000,5,TRADING,True,USDT,,['defi'],ab47467d44c5ce2d3d30f016550d27e279008edd2601f25c3e192144aa8b52b6,281
COWUSDT,COW,CoW Protocol,207148344.97582000,261,1767225600000,1789689600000,0.00010000,4,TRADING,True,USDT,,"['defi', 'Seed']",9279d1ff9c6f57de972272e635ea0454f7325a340f66aaf2fba32aa3e4261beb,282
CTSIUSDT,CTSI,Cartesi,206889837.05340000,261,1767225600000,1789689600000,0.00001000,5,TRADING,True,USDT,,"['Layer1_Layer2', 'pos', 'Launchpad']",997ee9d7a113bd57a3cfa2cf956decd51955df5b85dfa90ec118cc7654647625,283
STEEMUSDT,STEEM,Steem,204836067.50029200,261,1767225600000,1789689600000,0.00001000,5,TRADING,True,USDT,,[''],5fa1f1c0efe57453f539f9f6183b360d7668dba56412731ddb9e858339c61f0c,284
ONEUSDT,ONE,Harmony,204734166.02165790,261,1767225600000,1789689600000,0.00000100,6,TRADING,True,USDT,,"['Layer1_Layer2', 'mining-zone', 'Launchpad', 'pos']",aed4a24215b983a85b2775119409bf4d3f147a674f7954751d99097096f6e8ab,285
EGLDUSDT,EGLD,MultiversX,203952897.27499000,261,1767225600000,1789689600000,0.00100000,3,TRADING,True,USDT,,"['Layer1_Layer2', 'Launchpad', 'pos']",0b187f244ecb5e1b03fe8ddfced0a49ba0e26924cbdbbdbc75477dad0de32913,286
SUSHIUSDT,SUSHI,Sushi,203880578.13323000,261,1767225600000,1789689600000,0.00010000,4,TRADING,True,USDT,,"['defi', 'innovation-zone']",f2ebc64652026b16e5c849bf6cb6ddc5af5953d4f7595f41b815ea3903b7e273,287
VTHOUSDT,VTHO,VeThor Token,201322584.22966200,261,1767225600000,1789689600000,0.00000100,6,TRADING,True,USDT,,[],b2a8be3f2633e6cc7a188521a7cea7bd25e6abe90dcb39d2922cadac16f7ec66,288
BATUSDT,BAT,Basic Attention Token,201229182.59770000,261,1767225600000,1789689600000,0.00010000,4,TRADING,True,USDT,,['Infrastructure'],4128d38edc89328e0c57585622b6d584c6963a6ebbfb392b81a5b013b90a595e,289
NMRUSDT,NMR,Numeraire,199312338.62840000,261,1767225600000,1789689600000,0.01000000,2,TRADING,True,USDT,,"['defi', 'AI']",2be0defcceac49a2370649b3ba6e6fc27d78639a1d2098a9e0f034d203f77bc9,290
BEAMXUSDT,BEAMX,Beam (Formerly Merit Circle),197096925.07846500,261,1767225600000,1789689600000,0.00000100,6,TRADING,True,USDT,,"['Gaming', 'Launchpool']",00a54178920bbe616dd220c273c87cf246e998a7d5fd889046f304149cf39e2a,291
SANTOSUSDT,SANTOS,Santos FC Fan Token,195611574.21610000,261,1767225600000,1789689600000,0.00100000,3,TRADING,True,USDT,,"['fan_token', 'Launchpool']",926f4d708684ac3eb73f8de0a8ada244f274ec667bfae418260c41c83ec9140c,292
POLYXUSDT,POLYX,Polymesh,193740846.14591000,261,1767225600000,1789689600000,0.00010000,4,TRADING,True,USDT,,"['Layer1_Layer2', 'Infrastructure', 'pos', 'RWA']",31863bd6c06b73e52481968bdd3c7a1a9e76ec312da405b47cfef8cd7ab81f17,293
METISUSDT,METIS,MetisDAO,193475921.05146000,261,1767225600000,1789689600000,0.01000000,2,TRADING,True,USDT,,"['Layer1_Layer2', 'Seed']",4d6b49bfed3cf567f15760200997b4ddf97fc5bba246bacbb9b028dceefba00a,294
1INCHUSDT,1INCH,1inch,190452888.94936000,261,1767225600000,1789689600000,0.00010000,4,TRADING,True,USDT,,['defi'],10a74d81127bdaa8a8cbb6e8fbde0ab1a707b5aec232da99c9db7df08e0794ca,295
AUDIOUSDT,AUDIO,Audius,190432347.42308800,261,1767225600000,1789689600000,0.00001000,5,TRADING,True,USDT,,['NFT'],adb69af5d0dbefaf8fea11c701240fd1f61b6470c3967362873f3553fe03f1a6,296
TURTLEUSDT,TURTLE,Turtle,190297831.64521000,261,1767225600000,1789689600000,0.00010000,4,TRADING,True,USDT,,"['defi', 'HODLer', 'Seed']",00aedfafa9a7311fe1108dc14b346a71cd8baffcf8d6e61e8fd260bff3f1591e,297
NEWTUSDT,NEWT,Newton Protocol,189410192.04626600,261,1767225600000,1789689600000,0.00001000,5,TRADING,True,USDT,,"['AI', 'Launchpool', 'Seed', 'HODLer']",34e2e61bd49b42ddba0b0eadb03b87cfca410e2e706da302af35b09bb1efe402,298
KSMUSDT,KSM,Kusama,189312020.99136000,261,1767225600000,1789689600000,0.01000000,2,TRADING,True,USDT,,"['Layer1_Layer2', 'pos']",2e83e45c1156298a82df9b065d4895e0394235612d133690056769a8345923d0,299
NXPCUSDT,NXPC,Nexpace,188803782.42924000,261,1767225600000,1789689600000,0.00010000,4,TRADING,True,USDT,,"['Gaming', 'Launchpool', 'Layer1_Layer2', 'Seed']",2a7aa9ab36ae61bb8f0d652d7a123300194142247155904d53b8d583c781cd99,300
XECUSDT,XEC,eCash,180910626.91365824,261,1767225600000,1789689600000,0.00000001,8,TRADING,True,USDT,,[],e272a7ee9dd0ed60d0c4b94ea887dedd480c5d6726666ad5764198980637fc84,301
TUSDT,T,Threshold,180656034.42551100,261,1767225600000,1789689600000,0.00001000,5,TRADING,True,USDT,,['Infrastructure'],3e9249c12c90e9bf5cf5852aa47f576df9b26549a8840225db1b1eef493bfbbf,302
KMNOUSDT,KMNO,Kamino Finance,178912082.68963000,261,1767225600000,1789689600000,0.00001000,5,TRADING,True,USDT,,"['defi', 'Seed']",70e35860db66cf6f478f677cc247557b4c63cc02045dbb27a341c70786b85ace,303
GASUSDT,GAS,NeoGas,178838535.87190000,261,1767225600000,1789689600000,0.00100000,3,TRADING,True,USDT,,[],dcbbb34dcaeb90b73379c4738fd5c9efdf161599830da895743fc459d644557c,304
MASKUSDT,MASK,Mask Network,178347667.50200000,261,1767225600000,1789689600000,0.00100000,3,TRADING,True,USDT,,['Infrastructure'],eff52bd2aabccf9019c71796730001534cbaf0f0ea27be2aad317ec3b6d8413b,305
SSVUSDT,SSV,SSV Token,177626292.93471400,261,1767225600000,1789689600000,0.00100000,3,TRADING,True,USDT,,['Infrastructure'],2601c6ef20bd5e7055b600aa6789b0f126d5be4f8bb7403156a05626d2c86bd5,306
SHELLUSDT,SHELL,MyShell,177037051.38623000,261,1767225600000,1789689600000,0.00010000,4,TRADING,True,USDT,,"['AI', 'Seed', 'Launchpool', 'BSC']",6651fc9e1bdf2d5a80117fa5630bbe2543b3bbda31bcedbdf9066e03b02a0e6c,307
GLMRUSDT,GLMR,Moonbeam,175684367.47377930,261,1767225600000,1789689600000,0.00000100,6,TRADING,True,USDT,,"['Monitoring', 'Layer1_Layer2']",1a7baa733510f5dd0ac09fef0fb04acd85a4b691bc6c99433b4561ae6bf26798,308
SLPUSDT,SLP,Smooth Love Potion,175414328.79390000,261,1767225600000,1789689600000,0.00000100,6,TRADING,True,USDT,,"['Gaming', 'NFT', 'innovation-zone', 'Seed']",040e630f57e667cd10d9273fe6ce7d4c7e03f97bb7382ed54566a35d6a62d18d,309
COOKIEUSDT,COOKIE,Cookie DAO,175018939.49582000,261,1767225600000,1789689600000,0.00010000,4,TRADING,True,USDT,,"['Monitoring', 'Seed', 'AI', 'BSC']",7c7c54c9d0e7261569c93a3b144fa10260e257275c0d0c83f58e3d3351ac196a,310
IOSTUSDT,IOST,IOST,174931791.70532400,261,1767225600000,1789689600000,0.00000100,6,TRADING,True,USDT,,"['Layer1_Layer2', 'pos']",271b7d21b8bd9e2b41d172adcb1265464bd3252048e28d5d2b5861fd947160de,311
NEXOUSDT,NEXO,Nexo,174506422.52180000,261,1767225600000,1789689600000,0.00100000,3,TRADING,True,USDT,,[],64c1d3c8729c3ba4b71d83c4211e8b19d216f793f6c1b21500bb02be3372527b,312
HIVEUSDT,HIVE,Hive,171068174.12780000,261,1767225600000,1789689600000,0.00010000,4,TRADING,True,USDT,,"['Layer1_Layer2', 'mining-zone', 'pos']",96e4a8bcface66f4c9583086436a08767de9b07ea4bc5b23d4959b4d64c3d9e4,313
C98USDT,C98,Coin98,168201275.53625200,261,1767225600000,1789689600000,0.00001000,5,TRADING,True,USDT,,"['defi', 'Launchpad', 'BSC']",fc4fce4701cc523bb511c87bc932e237fa6300d92fdd8b23bb4e3696b3427073,314
CHRUSDT,CHR,Chromia,167764046.60171000,261,1767225600000,1789689600000,0.00001000,5,TRADING,True,USDT,,"['Layer1_Layer2', 'NFT', 'RWA', 'AI']",8917bf0a84dd21fd51d58b58d3cf6614f372cd6aef3e7e845906a48606169803,315
ASRUSDT,ASR,AS Roma Fan Token,167723305.45330000,261,1767225600000,1789689600000,0.00100000,3,TRADING,True,USDT,,"['fan_token', 'Launchpool', 'innovation-zone', 'Seed', 'BSC']",34225fbd8fc0e76c9b5352366c217e3551c023d9992c7a39da41a097a4ad2211,316
CATIUSDT,CATI,Catizen,166759479.03883200,261,1767225600000,1789689600000,0.00001000,5,TRADING,True,USDT,,"['Gaming', 'Seed', 'Launchpool']",1ebbc3a01e0f6d5791511ea905b1300013654d5449ab79c4f03c9e080b32e9e8,317
SCRUSDT,SCR,Scroll,164810697.03853000,261,1767225600000,1789689600000,0.00001000,5,TRADING,True,USDT,,"['Monitoring', 'Launchpool', 'Seed', 'Layer1_Layer2']",6b74858545e21e6cc590bc5016ee8ead0034d4b469c0af6255dac2dc7c32248b,318
AWEUSDT,AWE,AWE Network,164731244.44370000,261,1767225600000,1789689600000,0.00001000,5,TRADING,True,USDT,,"['Monitoring', 'AI']",ae13df6fc03e3dbce71252fcce9c3d2f0e9b8374262e25935dd70f3bf1c50e43,319
FUSDT,F,SynFutures,163207298.55627600,261,1767225600000,1789689600000,0.00000100,6,TRADING,True,USDT,,"['defi', 'Seed']",7d5bf14d9cfa6ac6e2042c4c7b2c15e5024172982036a6b6cdc3494b5a1b5ce0,320
AEVOUSDT,AEVO,AEVO,162112059.82243290,261,1767225600000,1789689600000,0.00001000,5,TRADING,True,USDT,,"['defi', 'Seed', 'Layer1_Layer2', 'Launchpool']",d203c8a70df53037d4c577fd5ab02116f84a159d0aac3f30055f140f1bc60e20,321
CITYUSDT,CITY,Manchester City Fan Token,159909312.75375000,261,1767225600000,1789689600000,0.00100000,3,TRADING,True,USDT,,"['fan_token', 'Launchpool']",8ceac13694e8368dce32b8d43ff9ada628603e5b453c28a29818843c251c2988,322
NVDABUSDT,NVDAB,NVIDIA (bStocks),159800699.24332000,100,1781136000000,1789689600000,0.01000000,2,TRADING,True,USDT,tokenized stock/ETF representation (including leveraged ETFs),['bStocks'],00c06a7ccbc31dc7cb37f94a7436f368fe762d82bdb649c57bf83784dfc26fc4,
CGPTUSDT,CGPT,ChainGPT,159300857.20206100,261,1767225600000,1789689600000,0.00001000,5,TRADING,True,USDT,,"['AI', 'Seed', 'Infrastructure', 'BSC']",836f0877133ca1a7729cf3eeecd3b1eee1758f92171dda4e84ad553b86e79baf,323
CETUSUSDT,CETUS,Cetus Protocol,158326177.55892400,261,1767225600000,1789689600000,0.00001000,5,TRADING,True,USDT,,"['defi', 'Seed']",070bb557e1a09219ee701c73d565a9ffe11006133d30b495cbfc21e81eb505d9,324
HAEDALUSDT,HAEDAL,Haedal,152011595.06964300,261,1767225600000,1789689600000,0.00001000,5,TRADING,True,USDT,,"['defi', 'Launchpool', 'Seed']",51e5f7dbfb3b5af734f6d65c77656d2785e9e27f6bac8bc231188e23a19519dc,325
TSLABUSDT,TSLAB,Tesla (bStocks),149980613.33271000,100,1781136000000,1789689600000,0.01000000,2,TRADING,True,USDT,tokenized stock/ETF representation (including leveraged ETFs),['bStocks'],f74016550b739fe2a879d33e2f2bed088243fd7ae2a47d79636d70313a5ae640,
SPELLUSDT,SPELL,Spell Token,149350880.77806000,261,1767225600000,1789689600000,0.00000010,7,TRADING,True,USDT,,['defi'],535be36df584177c11e59b56546989b1ebb78514dd30a96e423099e3d15feaaf,326
JUVUSDT,JUV,Juventus Fan Token,148401525.33274000,261,1767225600000,1789689600000,0.00100000,3,TRADING,True,USDT,,"['fan_token', 'innovation-zone', 'Launchpool', 'Seed', 'BSC']",7b28586f9a1c7ab90d09225083abe25a6b4d6b2dc2131bf88b807b918cf20979,327
MAVUSDT,MAV,Maverick Protocol,147839113.21021000,261,1767225600000,1789689600000,0.00001000,5,TRADING,True,USDT,,"['Infrastructure', 'Launchpool', 'defi']",0a0ce7a6cc6ca8696d1b21ff2592a998f31d85da4534317aa4fa41c7fafc5d05,328
RVNUSDT,RVN,Ravencoin,145566618.67349900,261,1767225600000,1789689600000,0.00001000,5,TRADING,True,USDT,,['mining-zone'],935671c069376b6ce8821c52aa68662236fe79c596ff466b27bbf8270ee91001,329
YFIUSDT,YFI,yearn.finance,144111081.95713000,261,1767225600000,1789689600000,1.00000000,0,TRADING,True,USDT,,['defi'],a9dfbab08d723638ada7f1ab272944921d31bfd5b58b7da458627462ba2c14c4,330
BIGTIMEUSDT,BIGTIME,Big Time,143061832.82885000,261,1767225600000,1789689600000,0.00001000,5,TRADING,True,USDT,,"['Gaming', 'Seed']",1a297af5fed6141a2510a08ba1c22022857aed96cdf8c970c0ad0654f34cb11e,331
ASTRUSDT,ASTR,Astar,142664868.16779230,261,1767225600000,1789689600000,0.00000100,6,TRADING,True,USDT,,"['Layer1_Layer2', 'Infrastructure']",541b95368f08666595619392450ee63848f9f0f146c38fe388f3e4730235c791,332
FTTUSDT,FTT,FTX Token,138744656.04368000,261,1767225600000,1789689600000,0.00010000,4,TRADING,True,USDT,,['Monitoring'],319b39de3e6995775bc053c4a1a2e6788cd34e0939f9e104a92b9bb335c8b9ed,333
ILVUSDT,ILV,Illuvium,138474127.67094000,261,1767225600000,1789689600000,0.01000000,2,TRADING,True,USDT,,['Gaming'],354ea13bf66866fe412715144ec828d7663497998047421836e75080371eebef,334
1000CATUSDT,1000CAT,1000*Simons Cat,137251802.15764420,261,1767225600000,1789689600000,0.00000100,6,TRADING,True,USDT,,"['Meme', 'Seed', 'Launchpool', 'BSC']",57c9959fd4156a2132be2197de15aaa65623b202fe04d06dc35469c19c70f95f,335
LISTAUSDT,LISTA,Lista,136952636.73382000,261,1767225600000,1789689600000,0.00010000,4,TRADING,True,USDT,,"['defi', 'Megadrop', 'Seed', 'BSC']",1d2feb5948e168d71835fab55498fc051cf0667dd815b5a9b7abeabcd5f4e4ee,336
HOTUSDT,HOT,Holo,135818372.09842200,261,1767225600000,1789689600000,0.00000100,6,TRADING,True,USDT,,"['Layer1_Layer2', 'storage-zone']",688a2871279fc585f8e8e5698db3484ba21f7649ff5426ae17de2c85ecc8832a,337
XVSUSDT,XVS,Venus,135611713.80430000,261,1767225600000,1789689600000,0.01000000,2,TRADING,True,USDT,,"['defi', 'Launchpool', 'BSC']",f9d881619dff718f72e952341e742663de9cc5b9ef2ec7de4e787d74067ea807,338
SPYBUSDT,SPYB,SPY (bStocks),133150722.79520000,74,1783382400000,1789689600000,0.01000000,2,TRADING,True,USDT,tokenized stock/ETF representation (including leveraged ETFs),['bStocks'],67d9d9bfa6898af2185dc2a111135dd2b00ed362fce034c6db2ae6dcd07a6cff,
ALPINEUSDT,ALPINE,Alpine F1 Team Fan Token,132297250.77948000,261,1767225600000,1789689600000,0.00100000,3,TRADING,True,USDT,,"['fan_token', 'Launchpad']",23892f7b828a463dcb4c717bbdbfc63b2f439f4fde069780dfa5152bb4cda32e,339
BTTCUSDT,BTTC,BitTorrent,131814402.55092669,261,1767225600000,1789689600000,0.00000001,8,TRADING,True,USDT,,"['storage-zone', 'Launchpad', 'pos']",a2bc4200d98b2349b46f697c49bf4d4ecabfb83d3fc1a55739400f002276f907,340
CVCUSDT,CVC,Civic,131595927.98463000,261,1767225600000,1789689600000,0.00001000,5,TRADING,True,USDT,,['Infrastructure'],98b2a76672588b5b853e4557c2e04147d71abacb1ca7a692121ae24d2cdf0966,341
DRAMBUSDT,DRAMB,Roundhill Memory ETF (bStocks),131306231.78130000,74,1783382400000,1789689600000,0.01000000,2,TRADING,True,USDT,tokenized stock/ETF representation (including leveraged ETFs),['bStocks'],df919d180ba2ab959bd694c55f7968c569e885fd087241533596b2a48c0b796f,
QTUMUSDT,QTUM,Qtum,128333911.06880000,261,1767225600000,1789689600000,0.00100000,3,TRADING,True,USDT,,"['Layer1_Layer2', 'mining-zone', 'pos']",cfaae8660b8a8ca4b33c34f42443ee9f33d23a43e462f60044b05ed714cf4c4c,342
GLMUSDT,GLM,Golem,127561819.70267000,261,1767225600000,1789689600000,0.00010000,4,TRADING,True,USDT,,['Infrastructure'],97b0525adad327a880a95c4be4942a678342ea539d8d25348d8f3e4892a9de7d,343
EWYBUSDT,EWYB,iShares MSCI South Korea ETF (bStocks),126855842.65547000,88,1782172800000,1789689600000,0.01000000,2,TRADING,True,USDT,tokenized stock/ETF representation (including leveraged ETFs),['bStocks'],18db13423574c234264de1e9c7138e8b18741d653f6773f8628ac15aae9f6396,
DIAUSDT,DIA,DIA,125975314.60695000,261,1767225600000,1789689600000,0.00010000,4,TRADING,True,USDT,,"['Infrastructure', 'pos', 'mining-zone', 'defi']",ae482811996610cfcd52594c0459edcc9b0c6329409cb9b47a8b85a9bef657d3,344
AVAUSDT,AVA,AVA,124351864.38030000,261,1767225600000,1789689600000,0.00010000,4,TRADING,True,USDT,,['Monitoring'],9073154488b059ed37a3fef6ac586b58005847a632d19edd2f49e488dea98eff,345
PUNDIXUSDT,PUNDIX,Pundi X,123909904.89315000,261,1767225600000,1789689600000,0.00010000,4,TRADING,True,USDT,,['Payments'],6a7c9545e15210920e031e62ba767fb66eb5f652b75010d2ce48a9b1c34b03d6,346
UMAUSDT,UMA,UMA,123537145.33480000,261,1767225600000,1789689600000,0.00100000,3,TRADING,True,USDT,,['defi'],92aa600b1e6a90cea12a711035290a5559ff8ea08e2ee4c55c1e21e3b9be5767,347
CKBUSDT,CKB,CKB,121830400.90964500,261,1767225600000,1789689600000,0.00000100,6,TRADING,True,USDT,,['Layer1_Layer2'],c328807bd5f04ae196958762476da9fed7a78e452963e1f0071a62db518cddee,348
KNCUSDT,KNC,KyberNetwork,121455148.16923000,261,1767225600000,1789689600000,0.00010000,4,TRADING,True,USDT,,['defi'],dd4417ac292db02279b35e6ecf4d9a3a1c01b1fa7ccfa3549b675c40f2b57e85,349
BARUSDT,BAR,FC Barcelona Fan Token BAR,120793499.13165000,261,1767225600000,1789689600000,0.00100000,3,TRADING,True,USDT,,"['fan_token', 'innovation-zone', 'Seed']",86f50d4ffdb10a0e6a2329fea3f5a692af67bdbe6c148f59e34882fd461b0a49,350
ACMUSDT,ACM,AC Milan Fan Token,120177973.31810000,261,1767225600000,1789689600000,0.00100000,3,TRADING,True,USDT,,['fan_token'],be1a8612b840b1627cb0045093ca86ddecd8804683191e878fe8b98d46cfe561,351
IOTXUSDT,IOTX,IoTeX,118231868.70528300,261,1767225600000,1789689600000,0.00000100,6,TRADING,True,USDT,,"['Layer1_Layer2', 'pos', 'Infrastructure']",3fedc25505f3d6cac8bcbe01a77a2b73fb01da58fa3f446e23bfee627f77a2a5,352
INTCBUSDT,INTCB,Intel (bStocks),116134145.91060000,88,1782172800000,1789689600000,0.01000000,2,TRADING,True,USDT,tokenized stock/ETF representation (including leveraged ETFs),['bStocks'],4eac20acc84d0d1e95f82c67deb6d0ea5bbf8e7dea482d3c8c2e69f4556a3205,
GOOGLBUSDT,GOOGLB,Alphabet (bStocks),114923447.88211000,74,1783382400000,1789689600000,0.01000000,2,TRADING,True,USDT,tokenized stock/ETF representation (including leveraged ETFs),['bStocks'],3bc833cb58d7f3f3a4fb68229ca9d52682e489c1110eec0b7ca7fccabe032c88,
ARKUSDT,ARK,Ark,110195177.48020000,261,1767225600000,1789689600000,0.00010000,4,TRADING,True,USDT,,"['Monitoring', 'pos', 'Layer1_Layer2']",2fc6494a32915cebf24fc667a10777db36e371ed0509560869b71da7b2cd4839,353
FLUXUSDT,FLUX,Flux,108770672.97385700,261,1767225600000,1789689600000,0.00010000,4,TRADING,True,USDT,,"['Infrastructure', 'AI', 'Layer1_Layer2']",b8392956c71bbcf0b7406165963020b0d6c25d04407cc25891e497f67537e95f,354
GTCUSDT,GTC,Gitcoin,108507325.55386400,261,1767225600000,1789689600000,0.00001000,5,TRADING,True,USDT,,"['Monitoring', 'Infrastructure']",002e3d68bc02dec160b7e2eb4d34f9045a9a7092ba4a172b45c83ffbb9568cbd,355
CELRUSDT,CELR,Celer Network,101350063.54074950,261,1767225600000,1789689600000,0.00000100,6,TRADING,True,USDT,,"['Layer1_Layer2', 'Launchpad']",47499d8d4aff1a6c7a32d0ae68c2796c8a9720870923ebeee61db9c1772bef51,356
ZRXUSDT,ZRX,0x,100609899.85990000,261,1767225600000,1789689600000,0.00010000,4,TRADING,True,USDT,,['defi'],482f3616df5ce32b61ad4296e27cc8c68b8bd916b72fff7603f98d9ed099b8b9,357
WAXPUSDT,WAXP,WAX,99612106.89816000,261,1767225600000,1789689600000,0.00001000,5,TRADING,True,USDT,,"['NFT', 'Layer1_Layer2', 'defi', 'Gaming']",6069775e95955fde6b070c4ff3cb857b77ae55b89cc8b3791715e039d01e0bde,358
NBISBUSDT,NBISB,Nebius (bStocks),96523607.16188000,74,1783382400000,1789689600000,0.01000000,2,TRADING,True,USDT,tokenized stock/ETF representation (including leveraged ETFs),['bStocks'],749423c2093feee71f19b1ad187e87f43944e4af9e94d697e8b563da15b805a1,
LAZIOUSDT,LAZIO,Lazio Fan Token,95654120.03246000,261,1767225600000,1789689600000,0.00100000,3,TRADING,True,USDT,,"['fan_token', 'Launchpad']",fcb9ab153307a70809cbba3176554dc58b658ad509c691f44522c3ef3e624eee,359
WOOUSDT,WOO,WOO,92801959.55042000,261,1767225600000,1789689600000,0.00001000,5,TRADING,True,USDT,,['defi'],aca8dbe400c0a8155dae5cdfb99ebd6d833824bef7050def4d6038bed58ebbcd,360
RPLUSDT,RPL,Rocket Pool,91665206.66453000,261,1767225600000,1789689600000,0.00100000,3,TRADING,True,USDT,,"['defi', 'innovation-zone', 'Seed']",0304c329284355a9ea808af0963a9d4d8d8df338cfb83db4701fb37eeb397ac2,361
JOEUSDT,JOE,JOE,90982614.00554000,261,1767225600000,1789689600000,0.00010000,4,TRADING,True,USDT,,['defi'],8e6991e666f28a7a32adffb59167d7c4d9a4c057ba91024eea6b0adc01ba8d4c,362
VELODROMEUSDT,VELODROME,Velodrome Finance,90526909.03155300,261,1767225600000,1789689600000,0.00001000,5,TRADING,True,USDT,,"['Monitoring', 'defi', 'Seed']",25edb105602ccd53bad7ba0aa47116847f039378e841f590fb9e65d53bf20ce7,363
PORTOUSDT,PORTO,FC Porto Fan Token,89987725.93949000,261,1767225600000,1789689600000,0.00100000,3,TRADING,True,USDT,,"['fan_token', 'Launchpad']",1efa9ffe2d76ffb45d882cc438121b39d77fecde02714d25030a4abaee6142ad,364
QIUSDT,QI,BENQI,89439164.00699700,261,1767225600000,1789689600000,0.00000100,6,TRADING,True,USDT,,"['Monitoring', 'Launchpool', 'defi']",75800e47fb7d0cc8e79cb07c376a9af0906ede394527c3414f2ec9b9bd471cb5,365
SCUSDT,SC,Siacoin,87377861.45564600,261,1767225600000,1789689600000,0.00000100,6,TRADING,True,USDT,,"['storage-zone', 'mining-zone']",fc1ba196f7590ac9174e518719760c41423f3cdd93565e46d8ce0d2d20243035,366
REQUSDT,REQ,Request Network,85525544.23990000,261,1767225600000,1789689600000,0.00010000,4,TRADING,True,USDT,,[],cf245e9f80b1942979dec0645390218f7cba2f1afca9a4fdde7b00463fc54495,367
DGBUSDT,DGB,DigiByte,85028704.63675600,261,1767225600000,1789689600000,0.00001000,5,TRADING,True,USDT,,['mining-zone'],1959c7653c246c93aae2b24340d4c0ef6c505445cfc29310ea30d6c62dbb6f96,368
LQTYUSDT,LQTY,Liquity,82260526.47951000,261,1767225600000,1789689600000,0.00010000,4,TRADING,True,USDT,,"['defi', 'innovation-zone', 'Seed']",0d44d11314aad2176a44ea88e3f994d8c07b8003983b383aef5dc91ef2ab023a,369
GMXUSDT,GMX,GMX,81874453.12896000,261,1767225600000,1789689600000,0.01000000,2,TRADING,True,USDT,,"['defi', 'innovation-zone']",818336aa03458df36c8d26dbb707ee9fec7805e4c177236e8993d63b40d3bcb6,370
CTKUSDT,CTK,Shentu,78578713.82356000,261,1767225600000,1789689600000,0.00010000,4,TRADING,True,USDT,,"['Launchpool', 'pos', 'Infrastructure', 'BSC']",30a5158186e8604f5fed6c6a010bc80d5818119d2bd31f8ff4061a20fc142cb5,371
BANDUSDT,BAND,BAND,74686726.74590000,261,1767225600000,1789689600000,0.00010000,4,TRADING,True,USDT,,"['Infrastructure', 'pos', 'Launchpad', 'defi']",6aaf3225eb44aaae786d7b42544baccf5627e89c7f8d2f756c073d124a960c1e,372
USDSUSDT,USDS,USDS,74608817.33540000,163,1775692800000,1789689600000,0.00010000,4,TRADING,True,USDT,stablecoin (including depegged stablecoin designs),['stablecoin'],2c59ca27d942ee5e8d7dd69ceb1aa32786ff8b7c104ac0a227c622af30a23e38,
POWRUSDT,POWR,Powerledger,74210251.90050000,261,1767225600000,1789689600000,0.00010000,4,TRADING,True,USDT,,[],5c39b85f694332bc7b5a7be1215a4bf5f0d10f47b9de19d36b31b655dcf8e0b9,373
RLCUSDT,RLC,iExecRLC,72761461.97960000,261,1767225600000,1789689600000,0.00010000,4,TRADING,True,USDT,,"['Infrastructure', 'AI']",f6d2f10e64a0c6305c73c358bfb505780f2e5def53629662c2d9d9222bf1465c,374
WINUSDT,WIN,WINkLink,71915072.32597928,261,1767225600000,1789689600000,0.00000001,8,TRADING,True,USDT,,['Infrastructure'],272ff7185c172e5a7f0511e95d03a983181015909133a9c3cf500658720c06a2,375
QKCUSDT,QKC,QuarkChain,68387205.35333200,261,1767225600000,1789689600000,0.00000100,6,TRADING,True,USDT,,"['Monitoring', 'pos', 'mining-zone', 'Layer1_Layer2']",5de45d7827a1da5b9356ef7ad20c9094fe5c48100349fd66e49cbbf3f5523277,376
TFUELUSDT,TFUEL,Theta Fuel,67709097.97941000,261,1767225600000,1789689600000,0.00001000,5,TRADING,True,USDT,,[],0e05d0c23be8abe9062f445761ae61b8e06a4dca2f1dafa7d289e6c508490852,377
MRVLBUSDT,MRVLB,Marvell Technology (bStocks),62430441.75483000,66,1784073600000,1789689600000,0.01000000,2,TRADING,True,USDT,tokenized stock/ETF representation (including leveraged ETFs),['bStocks'],d5098e6310a7fd76772ce0d43b4a626f1a0ffac410450bf8772cb7d5a73ea8b3,
MTLUSDT,MTL,Metal DAO,61830422.36900000,261,1767225600000,1789689600000,0.00100000,3,TRADING,True,USDT,,['Infrastructure'],56e2d921375ff8207477bb28203787b7d707612cd2cedceb96dae152a5795660,378
IQUSDT,IQ,IQ,60694800.38612000,261,1767225600000,1789689600000,0.00000100,6,TRADING,True,USDT,,['AI'],e99597c9c65c2c62a3056d34cfef4c82beb5e831569c04af5febfed212cef2d4,379
AXTIBUSDT,AXTIB,AXT (bStocks),59849095.49990000,59,1784678400000,1789689600000,0.01000000,2,TRADING,True,USDT,tokenized stock/ETF representation (including leveraged ETFs),['bStocks'],394229cc38832a52e5caa3961500f3ec7f203d5fb1139df92542ba6237bd768d,
GNOUSDT,GNO,Gnosis,58248792.67825000,261,1767225600000,1789689600000,0.01000000,2,TRADING,True,USDT,,['Layer1_Layer2'],d5ba61e6d25beab38a4f065b2b5f6d5f164ca279d9c0ba101e5559582bc24b53,380
MUUBUSDT,MUUB,Direxion MU Bull 2X ETF (bStocks),56570213.71250000,59,1784678400000,1789689600000,0.01000000,2,TRADING,True,USDT,tokenized stock/ETF representation (including leveraged ETFs),['bStocks'],317e1925d81c1177a7326a569f39040e20e663bb10288d5e221055d42c2cd60c,
SFPUSDT,SFP,SafePal,56301795.73840000,261,1767225600000,1789689600000,0.00010000,4,TRADING,True,USDT,,"['Infrastructure', 'Launchpad', 'BSC']",7c67504008b593f62e785ed38574d2a1e91acb35fa4012251e7159ff049a757f,381
KGSTUSDT,KGST,Kyrgyz Som Stablecoin,56262108.54914400,261,1767225600000,1789689600000,0.00000100,6,TRADING,True,USDT,stablecoin (including depegged stablecoin designs),['stablecoin'],e64f1d185057df82a9c89af3810c8c8b757c02dd27093377634b581511cc9b48,
TKOUSDT,TKO,Tokocrypto,55785367.77912000,261,1767225600000,1789689600000,0.00010000,4,TRADING,True,USDT,,['Launchpad'],a73e3cbad624b8c0dfc7e6867c9c9cef6eb0f0b271b08da8bae3eaebece52f08,382
TUSDUSDT,TUSD,TrueUSD,53890936.09220000,261,1767225600000,1789689600000,0.00010000,4,TRADING,True,USDT,stablecoin (including depegged stablecoin designs),['stablecoin'],0cc8d5ba12554e262b89dbbea29ce19d013669761248d043e4fa2733833d4372,
QUICKUSDT,QUICK,QuickSwap,52393409.63806000,261,1767225600000,1789689600000,0.00001000,5,TRADING,True,USDT,,"['Monitoring', 'defi']",b182de0767f62ea42a8cd33f24716a7778210e846f00e130fb65f0d201d43dcc,383
LITEBUSDT,LITEB,Lumentum (bStocks),52305459.82000000,81,1782777600000,1789689600000,0.01000000,2,TRADING,True,USDT,tokenized stock/ETF representation (including leveraged ETFs),['bStocks'],b554191c18a14138b0371b4de7629092025d6c6fd429b05ca57bf689cca244dd,
AAPLBUSDT,AAPLB,Apple (bStocks),50701541.69810000,52,1785283200000,1789689600000,0.01000000,2,TRADING,True,USDT,tokenized stock/ETF representation (including leveraged ETFs),['bStocks'],84ad2a871b40a40b09bf16e4d507882e8428deae2833d61d39dc599e1504336b,
AAOIBUSDT,AAOIB,Applied Optoelectronics (bStocks),49574196.64102000,66,1784073600000,1789689600000,0.01000000,2,TRADING,True,USDT,tokenized stock/ETF representation (including leveraged ETFs),['bStocks'],f6198e43c4c736c8b7806b2f6b661c9d5864a99585f020975df268bf82e172dd,
GNSUSDT,GNS,Gains Network,48389366.58212000,261,1767225600000,1789689600000,0.00100000,3,TRADING,True,USDT,,"['Monitoring', 'innovation-zone', 'Seed', 'defi']",a5abd8a431704f0eeb8ccdf7663621b72523b53543071ff543f9a1a347b04e5d,384
AMDBUSDT,AMDB,Advanced Micro Devices (bStocks),45846744.25125000,88,1782172800000,1789689600000,0.01000000,2,TRADING,True,USDT,tokenized stock/ETF representation (including leveraged ETFs),['bStocks'],9e0885637b1a7feb0813b79d1648f69e739bba95e30adf7c0d6da7c1ba2ae806,
XNOUSDT,XNO,Nano,45757482.62411000,261,1767225600000,1789689600000,0.00100000,3,TRADING,True,USDT,,['Payments'],5204c972e00bcab4203e0d766d9c5fe5a3ba01d5b624c871c46f5351c843f3d7,385
SOXSBUSDT,SOXSB,Direxion Semiconductor Bear 3X ETF (bStocks),45049437.66110000,52,1785283200000,1789689600000,0.01000000,2,TRADING,True,USDT,tokenized stock/ETF representation (including leveraged ETFs),['bStocks'],57431f8e7757dc470e77baa0abc2c09ce8812fe1f684bf28d01bfdbd794ec7cc,
COINBUSDT,COINB,Coinbase (bStocks),43348147.09146000,74,1783382400000,1789689600000,0.01000000,2,TRADING,True,USDT,tokenized stock/ETF representation (including leveraged ETFs),['bStocks'],d6be8de0fe9ad9478899b6564d380cd39f6e8dbad262c100a7099cb70398e89a,
BNCBUSDT,BNCB,CEA Industries (bStocks),42284031.41600000,5,1789344000000,1789689600000,0.01000000,2,TRADING,True,USDT,tokenized stock/ETF representation (including leveraged ETFs),"['bStocks', 'newListing']",332b4a1e4424862545c8d21e6c1f4150e4edadb12d60cb1cb33e31ec8e177937,
BNTUSDT,BNT,Bancor,41295175.03633000,261,1767225600000,1789689600000,0.00010000,4,TRADING,True,USDT,,['defi'],32a1b14dde0996cba1aba4e0a5070134a43cdbd77747c09e0555543f11844cbb,386
HOODBUSDT,HOODB,Robinhood (bStocks),37103926.47169000,66,1784073600000,1789689600000,0.01000000,2,TRADING,True,USDT,tokenized stock/ETF representation (including leveraged ETFs),['bStocks'],574d5a7802ec5d4f68276474d4870b7c765aece61083dead1e78d703326913f0,
METABUSDT,METAB,Meta (bStocks),36174486.67232000,81,1782777600000,1789689600000,0.01000000,2,TRADING,True,USDT,tokenized stock/ETF representation (including leveraged ETFs),['bStocks'],133cd7976bc0e292e16d00b99e91538b1c6344ae3c15017a5c06e95b79947472,
BMNRBUSDT,BMNRB,BitMine Immersion Technologies (bStocks),33570161.43960000,45,1785888000000,1789689600000,0.01000000,2,TRADING,True,USDT,tokenized stock/ETF representation (including leveraged ETFs),['bStocks'],ae09c73c6b91c3747ad8ea13add7d658351a14a4ff8964ce4df4110446258db0,
CBRSBUSDT,CBRSB,Cerebras (bStocks),32170042.65354000,74,1783382400000,1789689600000,0.01000000,2,TRADING,True,USDT,tokenized stock/ETF representation (including leveraged ETFs),['bStocks'],50d4fad8698db9cc8e1c05219f2dc171c9da6174ed3dcfc5266a68b7e6a31e76,
AVGOBUSDT,AVGOB,Broadcom (bStocks),29472971.89113000,66,1784073600000,1789689600000,0.01000000,2,TRADING,True,USDT,tokenized stock/ETF representation (including leveraged ETFs),['bStocks'],ba99d264b9fe8a297a61a447d910478cec2be24ca43dd363c0b3d10580dda621,
WDCBUSDT,WDCB,Western Digital (bStocks),24686658.68330000,74,1783382400000,1789689600000,0.01000000,2,TRADING,True,USDT,tokenized stock/ETF representation (including leveraged ETFs),['bStocks'],7a19ec6e1d59a4148aeb54ab3f5bfcbde243dcde8cfb1858e29274bee4126566,
USDPUSDT,USDP,Pax Dollar,22213253.39250000,261,1767225600000,1789689600000,0.00010000,4,TRADING,True,USDT,stablecoin (including depegged stablecoin designs),['stablecoin'],6f09d003614ddb42f1c65c0876e449eecebeba155cd6ae12ff4f229e1dec8a34,
COHRBUSDT,COHRB,Coherent (bStocks),22058068.06463000,45,1785888000000,1789689600000,0.01000000,2,TRADING,True,USDT,tokenized stock/ETF representation (including leveraged ETFs),['bStocks'],7504288f02a338cd1e8090143feadb67e2adc7eb254be0ea6230cff61634bacc,
MVLLBUSDT,MVLLB,GraniteShares 2X Long MRVL ETF (bStocks),21582178.52730000,59,1784678400000,1789689600000,0.01000000,2,TRADING,True,USDT,tokenized stock/ETF representation (including leveraged ETFs),['bStocks'],a277bb7888a50ea2fd076c4d16223a3141b63260c4a86c59cf24bd4f38e60421,
ORCLBUSDT,ORCLB,Oracle (bStocks),20772103.01754000,59,1784678400000,1789689600000,0.01000000,2,TRADING,True,USDT,tokenized stock/ETF representation (including leveraged ETFs),['bStocks'],caf2b4cb7bc68475c553f7f8e631e9b4a05deff97627f4434c53d630e9cf0f4e,
BABABUSDT,BABAB,Alibaba (bStocks),20729507.73418000,66,1784073600000,1789689600000,0.01000000,2,TRADING,True,USDT,tokenized stock/ETF representation (including leveraged ETFs),['bStocks'],9a327f03909f6cf488aaf548c4e82942f6f5ed349e18ea8735a725b83ecc430d,
BEBUSDT,BEB,Bloom Energy (bStocks),19198479.00735000,52,1785283200000,1789689600000,0.01000000,2,TRADING,True,USDT,tokenized stock/ETF representation (including leveraged ETFs),['bStocks'],accf39a479ef104953d4a983718c41fd7bebf8b15716a7b9ece0b088c4e81956,
GLWBUSDT,GLWB,Corning (bStocks),16673198.85116000,74,1783382400000,1789689600000,0.01000000,2,TRADING,True,USDT,tokenized stock/ETF representation (including leveraged ETFs),['bStocks'],486f2340c153caf65e439e16433e93f2ae9e90ca33b69de1149fee9aaf8122bb,
CRWVBUSDT,CRWVB,CoreWeave (bStocks),15992924.79210000,59,1784678400000,1789689600000,0.01000000,2,TRADING,True,USDT,tokenized stock/ETF representation (including leveraged ETFs),['bStocks'],eebca619b1e319a4a674b7e26c30efa379912eaffe42c5c2f1b23ce5ee2b8066,
MSFTBUSDT,MSFTB,Microsoft (bStocks),15875566.75468000,81,1782777600000,1789689600000,0.01000000,2,TRADING,True,USDT,tokenized stock/ETF representation (including leveraged ETFs),['bStocks'],14879524a84fde528b1e93e4ec2728ca90a3e9eb19d682fe402ca603168d819a,
RKLBBUSDT,RKLBB,Rocket Lab (bStocks),15647624.57810000,66,1784073600000,1789689600000,0.01000000,2,TRADING,True,USDT,tokenized stock/ETF representation (including leveraged ETFs),['bStocks'],c19a6bfe5b306d517d62bdd20998f2ab275a9fd436d3efe09a7109e2daae2f28,
QCOMBUSDT,QCOMB,Qualcomm (bStocks),15260673.19899000,74,1783382400000,1789689600000,0.01000000,2,TRADING,True,USDT,tokenized stock/ETF representation (including leveraged ETFs),['bStocks'],5451290bf89036b513c3452db8e7a140c30a4c38d219488d0ad0faa3c7486986,
TSMBUSDT,TSMB,TSMC (bStocks),15254047.62009000,66,1784073600000,1789689600000,0.01000000,2,TRADING,True,USDT,tokenized stock/ETF representation (including leveraged ETFs),['bStocks'],94d87890c4613b88b9045f46275003091a3adbcf8f16f29e1ae0b3627df12d92,
ARMBUSDT,ARMB,ARM (bStocks),15158512.73086000,66,1784073600000,1789689600000,0.01000000,2,TRADING,True,USDT,tokenized stock/ETF representation (including leveraged ETFs),['bStocks'],ac791284e97403562aae855d8f9bdf5ab8e320ffa1e291d460470672090ddc84,
TQQQBUSDT,TQQQB,ProShares UltraPro QQQ (bStocks),15098189.61270000,59,1784678400000,1789689600000,0.01000000,2,TRADING,True,USDT,tokenized stock/ETF representation (including leveraged ETFs),['bStocks'],4a592dba16f7d7bb6e48eaf929d98bc23d9da1e662aea7464aa1677292862b8c,
IRENBUSDT,IRENB,IREN Limited (bStocks),13998955.66380000,45,1785888000000,1789689600000,0.01000000,2,TRADING,True,USDT,tokenized stock/ETF representation (including leveraged ETFs),['bStocks'],3665f7e457b928e6d28763e2b104edf67573eefb65a74980567daa7327af16b0,
GMEBUSDT,GMEB,GameStop (bStocks),13858250.61280000,38,1786492800000,1789689600000,0.01000000,2,TRADING,True,USDT,tokenized stock/ETF representation (including leveraged ETFs),['bStocks'],5d5094e076b956aef2740193c5258793a6cd758726aceb391552a612040575b7,
INTWBUSDT,INTWB,GraniteShares 2X Long INTC ETF (bStocks),13048568.26190000,59,1784678400000,1789689600000,0.01000000,2,TRADING,True,USDT,tokenized stock/ETF representation (including leveraged ETFs),['bStocks'],633848c949b05bf7a20c8dd0a52121a7d8b06cf9ead8a645f58a19d8a7e674ea,
PLTRBUSDT,PLTRB,Palantir (bStocks),13048134.15696000,81,1782777600000,1789689600000,0.01000000,2,TRADING,True,USDT,tokenized stock/ETF representation (including leveraged ETFs),['bStocks'],e4d5512b0a0bed31e6112c70a229947769a739f5a859a902febea9d8e95dfd5f,
IBMBUSDT,IBMB,IBM (bStocks),12859806.87413000,66,1784073600000,1789689600000,0.01000000,2,TRADING,True,USDT,tokenized stock/ETF representation (including leveraged ETFs),['bStocks'],12a1e048f42757525f9fcae22acf41881a50a1a6cc2628647e9a8345903b76f1,
NOKBUSDT,NOKB,Nokia (bStocks),12503782.17990000,66,1784073600000,1789689600000,0.01000000,2,TRADING,True,USDT,tokenized stock/ETF representation (including leveraged ETFs),['bStocks'],4a5b8d95e8c20a4844b2132737226faa795307b51852f82f4fa5f552cfd5d5df,
FLNCBUSDT,FLNCB,Fluence Energy (bStocks),11546428.46460000,52,1785283200000,1789689600000,0.01000000,2,TRADING,True,USDT,tokenized stock/ETF representation (including leveraged ETFs),['bStocks'],12a821fafcedd1fab8000e3805783d491d0f3636f6e3fc73e4093ea9ce68bbdf,
SMCIBUSDT,SMCIB,Super Micro Computer (bStocks),11204875.93920000,45,1785888000000,1789689600000,0.01000000,2,TRADING,True,USDT,tokenized stock/ETF representation (including leveraged ETFs),['bStocks'],ac293332b2bfbb118efdf500abca5dd33a3568305e89baf9f3203fa0394a3d5f,
CRDOBUSDT,CRDOB,Credo Technology (bStocks),10534098.72765000,45,1785888000000,1789689600000,0.01000000,2,TRADING,True,USDT,tokenized stock/ETF representation (including leveraged ETFs),['bStocks'],d5acf1f82d11faebeca72939c12178f0ab0faa0225e977b7b658a56c7f2bc6a7,
DJTBUSDT,DJTB,Trump Media & Technology Group (bStocks),8825655.46200000,24,1787702400000,1789689600000,0.01000000,2,TRADING,True,USDT,tokenized stock/ETF representation (including leveraged ETFs),['bStocks'],98e00d3692cfd5d0b8d538c37470021e0bb7425d6328c9f603cb7a4ff8ea6458,
AMATBUSDT,AMATB,Applied Materials (bStocks),8807536.90191000,52,1785283200000,1789689600000,0.01000000,2,TRADING,True,USDT,tokenized stock/ETF representation (including leveraged ETFs),['bStocks'],e2fe0a00c7a56c7c72ceef6e9f6a554fe8cf070e799ebcd28cea751c32b55db6,
USARBUSDT,USARB,USA Rare Earth (bStocks),8091040.38880000,45,1785888000000,1789689600000,0.01000000,2,TRADING,True,USDT,tokenized stock/ETF representation (including leveraged ETFs),['bStocks'],7ea532b3b4aea084c7003549282899fe9361449c8cdf3a17f9d6860629668672,
QNTBUSDT,QNTB,Quantinuum (bStocks),7960019.88320000,59,1784678400000,1789689600000,0.01000000,2,TRADING,True,USDT,tokenized stock/ETF representation (including leveraged ETFs),['bStocks'],0b867d6688b7a81e07c43f5504d61cb512d0a0877f034ba2cb4a0a8289a1f434,
DELLBUSDT,DELLB,Dell (bStocks),7841341.57428000,52,1785283200000,1789689600000,0.01000000,2,TRADING,True,USDT,tokenized stock/ETF representation (including leveraged ETFs),['bStocks'],23d4e102bd3e1905c21b3cdd9a57671a1374aabe5342ccf5e4ce6ac66014bad2,
ASTSBUSDT,ASTSB,AST SpaceMobile (bStocks),7681950.25030000,45,1785888000000,1789689600000,0.01000000,2,TRADING,True,USDT,tokenized stock/ETF representation (including leveraged ETFs),['bStocks'],3476c22c4875585ce1de8f4ab9fbd2721984b5b1a35b6dbf878e89219db2aa9e,
AMZNBUSDT,AMZNB,Amazon (bStocks),7289462.11107000,52,1785283200000,1789689600000,0.01000000,2,TRADING,True,USDT,tokenized stock/ETF representation (including leveraged ETFs),['bStocks'],bb2df599434d2a6629c907ab6c3f8fe5cc21079a91c2cc900176349385bc29bf,
ALABBUSDT,ALABB,Astera Labs (bStocks),7162785.09527000,45,1785888000000,1789689600000,0.01000000,2,TRADING,True,USDT,tokenized stock/ETF representation (including leveraged ETFs),['bStocks'],3cebf3a68e806b2f559748a6618c03cfba70cb4fe303fe2086b73f60d58b3253,
ASMLBUSDT,ASMLB,ASML (bStocks),5315327.03902600,45,1785888000000,1789689600000,0.01000000,2,TRADING,True,USDT,tokenized stock/ETF representation (including leveraged ETFs),['bStocks'],c2990c11e353be647b693f233c1cff3ea3a066739a3fcb5e99c1a4f1bb4b1651,
NFLXBUSDT,NFLXB,Netflix (bStocks),4635084.10280000,45,1785888000000,1789689600000,0.01000000,2,TRADING,True,USDT,tokenized stock/ETF representation (including leveraged ETFs),['bStocks'],fb53ecebd758a96127610f67d5a9f2bd481f96eaf9de6c3fcc0c0c094cc070d8,
SMHBUSDT,SMHB,VanEck Semiconductor ETF (bStocks),3058919.50679000,52,1785283200000,1789689600000,0.01000000,2,TRADING,True,USDT,tokenized stock/ETF representation (including leveraged ETFs),['bStocks'],fefcd1e2dbec452af1f8484b6e6ad9cb44d80cfd46aa05b87f0388b038e51697,
MRNABUSDT,MRNAB,Moderna (bStocks),2997961.80606000,17,1788307200000,1789689600000,0.01000000,2,TRADING,True,USDT,tokenized stock/ETF representation (including leveraged ETFs),"['bStocks', 'newListing']",15c55ab64c912cd4516b82180f461807d5404db4f6b1c58ecc50ff62adbe9136,
PYPLBUSDT,PYPLB,Paypal (bStocks),2734776.13770000,52,1785283200000,1789689600000,0.01000000,2,TRADING,True,USDT,tokenized stock/ETF representation (including leveraged ETFs),['bStocks'],3300d1f11f539282a1f8783ed2fb1349407eca79097fd26568fe1c51c354f206,
HIMSBUSDT,HIMSB,Hims & Hers (bStocks),1361249.47180000,10,1788912000000,1789689600000,0.01000000,2,TRADING,True,USDT,tokenized stock/ETF representation (including leveraged ETFs),"['bStocks', 'newListing']",bc06aa8c37bedf1cfff68181aa5ca79546e49147f9cc45438a87f10e7d90ec66,
RDDTBUSDT,RDDTB,Reddit (bStocks),1112083.19485000,3,1789516800000,1789689600000,0.01000000,2,TRADING,True,USDT,tokenized stock/ETF representation (including leveraged ETFs),"['bStocks', 'newListing']",d3fc70a9fbd08615246b28fd16b343f19ea385815b410936bea27c83f926e8ff,
STXBUSDT,STXB,Seagate (bStocks),773789.32700000,17,1788307200000,1789689600000,0.01000000,2,TRADING,True,USDT,tokenized stock/ETF representation (including leveraged ETFs),['bStocks'],5c39b6403f0a333e8621d331795abcd2a002cdb605c4f670b356e81c252a50a9,
CRMBUSDT,CRMB,Salesforce (bStocks),746790.68986000,10,1788912000000,1789689600000,0.01000000,2,TRADING,True,USDT,tokenized stock/ETF representation (including leveraged ETFs),"['bStocks', 'newListing']",8c6ff7d5a870b8eb6e21a06421cf94f4b845bd139aa2aaca898e1dc4b6614790,
GSBUSDT,GSB,Goldman Sachs (bStocks),741517.21182500,52,1785283200000,1789689600000,0.01000000,2,TRADING,True,USDT,tokenized stock/ETF representation (including leveraged ETFs),['bStocks'],256bd1fc333d2f8db83dd1ab82360198f160effbd89c2fb50a24d920ad684d73,
SQQQBUSDT,SQQQB,ProShares UltraPro Short QQQ (bStocks),715428.73740000,17,1788307200000,1789689600000,0.01000000,2,TRADING,True,USDT,tokenized stock/ETF representation (including leveraged ETFs),"['bStocks', 'newListing']",755dc8a74ec94d5d399afcfe7c0921af606b75dd2d07e09ebf7f138a667dadc3,
CRWDBUSDT,CRWDB,CrowdStrike (bStocks),610387.74447000,17,1788307200000,1789689600000,0.01000000,2,TRADING,True,USDT,tokenized stock/ETF representation (including leveraged ETFs),"['bStocks', 'newListing']",b679e75ddd3cc97260eb311a2d32c12e1189c610675aee2f1d0359bd5d54f72b,
GPROBUSDT,GPROB,GoPro (bStocks),605727.14900000,3,1789516800000,1789689600000,0.01000000,2,TRADING,True,USDT,tokenized stock/ETF representation (including leveraged ETFs),"['bStocks', 'newListing']",81d3059ad4036164e68ab2e4b8dc846dcab6395f4fb1a1868c48bacf80662460,
