
> LeagueOfTrading@1.0.0 check
> npm run lint:accounts:check && npm run lint:guides:check && npm run typecheck && npm run test


> LeagueOfTrading@1.0.0 lint:accounts:check
> eslint --no-fix --max-warnings=0 --no-warn-ignored --ignore-pattern "**/*.test.ts" src/hooks/usePullToRefresh.tsx src/hooks/useFocusedInputScroll.ts src/features/auth src/features/me src/features/tradingAccount src/features/position/assetDisplay.ts src/features/record src/features/wallet src/features/futures src/features/conditional src/screens/futures src/screens/market/FuturesMarketList.tsx src/app/navigation/MarketStack.tsx src/app/AppProviders.tsx src/app/navigation/RootNavigator.tsx src/app/navigation/MainTabs.tsx src/app/navigation/HomeStack.tsx src/app/navigation/WalletStack.tsx src/app/navigation/MyStack.tsx src/components/states/ScreenErrorBoundary.tsx src/components/states/ErrorState.tsx src/components/states/ErrorNotice.tsx src/services/api/sessionExpiry.ts src/services/api/sessionOwnership.ts src/services/api/client.ts src/services/storage/tokenStorage.ts src/screens/auth src/screens/entry src/screens/home src/screens/my src/screens/wallet src/screens/order/OrderScreen.tsx src/screens/order/OrderPanel.tsx src/screens/order/QuantityRatioSlider*.tsx src/features/order/sideColors.ts src/screens/asset src/features/asset/AssetOrderLadder.tsx src/features/asset/tradingHeader.ts src/screens/history src/screens/record/RecordSeasonDetailScreen.tsx src/screens/record/RecordProfitAnalysisScreen.tsx src/screens/record/RecordMetric.tsx src/app/navigation/RecordStack.tsx src/components/tradingAccount src/components/common/CTAButton.tsx src/components/common/PrimaryButtonBackground.tsx src/components/common/pressFeedback.ts src/components/common/ActionPressable.tsx src/components/charts/ChartTimeframeSelector.tsx src/components/navigation/TabBarButton.tsx


> LeagueOfTrading@1.0.0 lint:guides:check
> eslint --no-fix --max-warnings=0 --no-warn-ignored --ignore-pattern "**/*.test.ts" src/screens/guide src/app/navigation/GuideStack.tsx src/app/navigation/types.ts src/components/charts/candleColors.ts src/components/charts/CandlestickChartRenderer.tsx


> LeagueOfTrading@1.0.0 typecheck
> tsc --noEmit


> LeagueOfTrading@1.0.0 test
> node --test --test-concurrency=1 'src/**/*.test.ts'

(node:867182) [MODULE_TYPELESS_PACKAGE_JSON] Warning: Module type of file:///home/nayuta/projects/trading-app/frontend/src/app/navigation/MainTabs.test.ts is not specified and it doesn't parse as CommonJS.
Reparsing as ES module because module syntax was detected. This incurs a performance overhead.
To eliminate this warning, add "type": "module" to /home/nayuta/projects/trading-app/frontend/package.json.
(Use `node --trace-warnings ...` to show where the warning was created)
▶ mode-aware bottom tabs
  ✔ shows Guide as the third of five tabs for a general account (57.054381ms)
  ✔ keeps Ranking as the third of five tabs for a season account (14.344517ms)
  ✔ general: hides the tab bar only for AssetDetail and restores it on Market routes (10.300479ms)
  ✔ season: hides the tab bar only for AssetDetail and restores it on Market routes (9.650652ms)
  ✔ remounts at Home when account mode changes, dropping the removed tab state (18.809284ms)
  ✔ shows no mode-specific tabs before the selected account is known (20.992757ms)
  ✔ extends the existing Guide stack with MarketBasics and leaves Ranking intact (0.400591ms)
✔ mode-aware bottom tabs (132.240239ms)
▶ bottom tab icon contract
  ✔ draws every icon with consistent SVG strokes, without text or font assets (0.377225ms)
  ✔ leaves accessibility on the tab and prevents duplicate icon announcements (0.216133ms)
  ✔ keeps labels below icons and reserves safe-area space when fonts grow (0.299039ms)
✔ bottom tab icon contract (1.165307ms)
▶ bottom tab visual states
  ✔ preserves filled active icons and outline inactive icons (7.817303ms)
  ✔ general/light: uses Primary Blue for every active tab and keeps inactive colors and motion (11.769482ms)
  ✔ general/dark: uses Primary Blue for every active tab and keeps inactive colors and motion (11.809443ms)
  ✔ season/light: uses Primary Blue for every active tab and keeps inactive colors and motion (10.730142ms)
  ✔ season/dark: uses Primary Blue for every active tab and keeps inactive colors and motion (9.991472ms)
✔ bottom tab visual states (52.315614ms)
✔ beginner has five tabs with Quest third and MY last (4.926317ms)
✔ even switching two season accounts resets nested navigation by account id (9.291808ms)
(node:867192) [MODULE_TYPELESS_PACKAGE_JSON] Warning: Module type of file:///home/nayuta/projects/trading-app/frontend/src/app/navigation/RootTheme.test.ts is not specified and it doesn't parse as CommonJS.
Reparsing as ES module because module syntax was detected. This incurs a performance overhead.
To eliminate this warning, add "type": "module" to /home/nayuta/projects/trading-app/frontend/package.json.
(Use `node --trace-warnings ...` to show where the warning was created)
✔ NavigationContainer and root stack use the light appearance (46.280744ms)
✔ NavigationContainer and root stack use the dark appearance (16.002221ms)
(node:867201) [MODULE_TYPELESS_PACKAGE_JSON] Warning: Module type of file:///home/nayuta/projects/trading-app/frontend/src/app/navigation/transitionPolicy.test.ts is not specified and it doesn't parse as CommonJS.
Reparsing as ES module because module syntax was detected. This incurs a performance overhead.
To eliminate this warning, add "type": "module" to /home/nayuta/projects/trading-app/frontend/package.json.
(Use `node --trace-warnings ...` to show where the warning was created)
✔ native push has a short iOS duration, Android direction and reverse native pop (1.070421ms)
✔ all stacks share push policy and chart keeps fullscreen modal presentation (0.35352ms)
✔ root/chart omit iOS duration on Android and web; tab easing settles monotonically (0.233955ms)
(node:867209) [MODULE_TYPELESS_PACKAGE_JSON] Warning: Module type of file:///home/nayuta/projects/trading-app/frontend/src/components/charts/ChartTimeframeSelector.test.ts is not specified and it doesn't parse as CommonJS.
Reparsing as ES module because module syntax was detected. This incurs a performance overhead.
To eliminate this warning, add "type": "module" to /home/nayuta/projects/trading-app/frontend/package.json.
(Use `node --trace-warnings ...` to show where the warning was created)
react-test-renderer is deprecated. See https://react.dev/warnings/react-test-renderer
▶ chart timeframe selector
  ✔ drives the actual detail screen candle query, live interval and viewport reset for every selection (280.934757ms)
react-test-renderer is deprecated. See https://react.dev/warnings/react-test-renderer
  ✔ opens from one localized button, selects all seven original policy objects and closes immediately (78.247302ms)
react-test-renderer is deprecated. See https://react.dev/warnings/react-test-renderer
  ✔ uses the common interaction for the trigger and every option, while backdrop/back close without feedback (26.839017ms)
  ✔ keeps labels unrestricted and the list scrollable within a small safe-area viewport (16.37205ms)
  ✔ keeps candle query/live-candle/viewport bindings and leaves the bottom tabs outside this policy (0.452152ms)
✔ chart timeframe selector (403.537701ms)
(node:867225) [MODULE_TYPELESS_PACKAGE_JSON] Warning: Module type of file:///home/nayuta/projects/trading-app/frontend/src/components/charts/candlestickChartControls.test.ts is not specified and it doesn't parse as CommonJS.
Reparsing as ES module because module syntax was detected. This incurs a performance overhead.
To eliminate this warning, add "type": "module" to /home/nayuta/projects/trading-app/frontend/package.json.
(Use `node --trace-warnings ...` to show where the warning was created)
▶ chart controls: zoom UI is gone
  ✔ renders no zoom-in control (0.507415ms)
  ✔ renders no zoom-out control (0.114453ms)
  ✔ has no button-only zoom plumbing or styles left (0.124274ms)
  ✔ shows no visible candle-count text anywhere on the chart (0.196269ms)
  ✔ offers no candle-count picker on the detail screen (0.140815ms)
  ✔ keeps ONE small "최신" reset button, hidden at the default viewport (0.177845ms)
  ✔ keeps the internal visibleCount viewport state (0.053084ms)
✔ chart controls: zoom UI is gone (1.953559ms)
▶ chart height
  ✔ uses the responsive height policy instead of a fixed 240px (0.189433ms)
  ✔ lets an explicit height prop win over the responsive default (0.220621ms)
  ✔ measures the chart content and shares it with detail (0.24603ms)
✔ chart height (0.864649ms)
▶ existing behaviour that must not regress
  ✔ keeps the chart and footer visible without nested scrolling (0.147493ms)
  ✔ keeps the timeframe selector and its viewport reset key (0.139927ms)
  ✔ keeps the SVG clip path and price precision plumbing (0.068281ms)
✔ existing behaviour that must not regress (0.431218ms)
▶ gesture adapters
  ✔ native: a long press that leaves the chart ends the crosshair (0.150319ms)
  ✔ native: every start/end goes through the lifecycle session (0.116019ms)
  ✔ native: one-finger vertical swipes still belong to the parent ScrollView (0.057708ms)
  ✔ web: wheel over the chart is consumed as zoom/pan, drag still pans (0.071423ms)
  ✔ web: a wheel during a drag is consumed before any session work (0.046004ms)
  ✔ chart: the layout class is platform-aware, not width-only (0.020065ms)
✔ gesture adapters (0.576172ms)
(node:867233) [MODULE_TYPELESS_PACKAGE_JSON] Warning: Module type of file:///home/nayuta/projects/trading-app/frontend/src/components/charts/candlestickChartHeight.test.ts is not specified and it doesn't parse as CommonJS.
Reparsing as ES module because module syntax was detected. This incurs a performance overhead.
To eliminate this warning, add "type": "module" to /home/nayuta/projects/trading-app/frontend/package.json.
(Use `node --trace-warnings ...` to show where the warning was created)
▶ layout class: native devices are judged by their SHORT side
  ✔ keeps an iOS phone a phone in both orientations (1.008988ms)
  ✔ keeps an Android phone a phone in both orientations (0.11294ms)
  ✔ keeps a tablet a tablet in both orientations (0.082736ms)
  ✔ switches at a 600px short side (0.113237ms)
  ✔ never changes class when the same device rotates (0.216811ms)
✔ layout class: native devices are judged by their SHORT side (2.022527ms)
▶ layout class: web keeps the window-width rule
  ✔ classifies by window width, which IS the web layout (0.132995ms)
  ✔ switches exactly at 768px width (0.118708ms)
  ✔ maps Platform.OS onto the policy platforms (0.123354ms)
✔ layout class: web keeps the window-width rule (0.507902ms)
▶ getCandlestickChartHeight
  ✔ is far taller than the old fixed 240px strip (0.279302ms)
  ✔ takes ~52% of the window on a phone (0.112591ms)
  ✔ gives a LANDSCAPE phone the phone height, not the 500px wide one (0.194332ms)
  ✔ clamps phones to 380–480 in every orientation (0.158256ms)
  ✔ gives tablets and wide web the 500–680 policy (0.151747ms)
  ✔ gives a narrow web window the phone policy (0.074598ms)
  ✔ falls back to the class minimum for unusable window dimensions (0.150499ms)
✔ getCandlestickChartHeight (1.396161ms)
(node:867241) [MODULE_TYPELESS_PACKAGE_JSON] Warning: Module type of file:///home/nayuta/projects/trading-app/frontend/src/components/charts/candlestickGesturePolicy.test.ts is not specified and it doesn't parse as CommonJS.
Reparsing as ES module because module syntax was detected. This incurs a performance overhead.
To eliminate this warning, add "type": "module" to /home/nayuta/projects/trading-app/frontend/package.json.
(Use `node --trace-warnings ...` to show where the warning was created)
▶ isHorizontalPanIntent
  ✔ claims clearly horizontal drags (0.503912ms)
  ✔ leaves vertical drags to the parent ScrollView (0.109458ms)
  ✔ ignores small tremors below the slop (0.074228ms)
  ✔ is safe with non-finite input (0.046363ms)
✔ isHorizontalPanIntent (1.238265ms)
▶ classifyWheelIntent
  ✔ zooms on a plain vertical wheel over the chart (0.09297ms)
  ✔ zooms on ctrl/cmd + wheel (also a trackpad pinch) (0.050395ms)
  ✔ pans on shift + wheel and on horizontal wheels (0.165272ms)
✔ classifyWheelIntent (0.457919ms)
▶ resolveWheelHandling (wheel vs an active mouse drag)
  ✔ zooms and pans normally while no drag is running (0.213795ms)
  ✔ consumes — never zooms or pans — every wheel during a drag (0.187983ms)
  ✔ leaves a no-op wheel completely alone (0.142244ms)
  ✔ drives the adapter: no wheel session is opened during a drag (0.553143ms)
✔ resolveWheelHandling (wheel vs an active mouse drag) (1.263452ms)
▶ isWithinChartBounds
  ✔ accepts points on the chart (0.194841ms)
  ✔ rejects points off the chart in any direction (0.072301ms)
  ✔ never cancels when the container size is unknown (0.032817ms)
✔ isWithinChartBounds (0.360144ms)
▶ chart gesture lifecycle session
  ✔ is idle until a gesture claims it (0.13491ms)
  ✔ reports one start and one end for a chart pan (0.116358ms)
  ✔ reports one start and one end for a pinch (0.064524ms)
  ✔ shows and moves the crosshair once armed (0.057189ms)
  ✔ ends a long press that never moved, exactly once (0.031368ms)
  ✔ ends once when long press AND crosshair pan both finalize (0.033907ms)
  ✔ ends the crosshair when the touch leaves the chart, and stays ended (0.099701ms)
  ✔ hands the crosshair over to a pinch in order, without a double end (0.082366ms)
  ✔ ignores finalize from a recognizer that never owned the chart (0.055305ms)
  ✔ does nothing on a finalize that follows no gesture at all (0.153324ms)
✔ chart gesture lifecycle session (0.970096ms)
▶ wheel gesture session
  ✔ treats a wheel burst as ONE gesture and accumulates the zoom (0.18848ms)
  ✔ closes the session after the idle gap, then starts a new one (0.153504ms)
  ✔ accumulates pan pixels and switches mode with a clean end/start (0.197274ms)
  ✔ clears the pending idle timer on dispose without emitting callbacks (0.180638ms)
  ✔ ignores invalid wheel input (0.124348ms)
✔ wheel gesture session (0.959968ms)
▶ zoom scales
  ✔ maps wheel deltas to bounded factors (0.064777ms)
  ✔ maps pinch distance ratios to bounded factors (0.075995ms)
✔ zoom scales (0.202143ms)
(node:867249) [MODULE_TYPELESS_PACKAGE_JSON] Warning: Module type of file:///home/nayuta/projects/trading-app/frontend/src/components/charts/candlestickLayout.test.ts is not specified and it doesn't parse as CommonJS.
Reparsing as ES module because module syntax was detected. This incurs a performance overhead.
To eliminate this warning, add "type": "module" to /home/nayuta/projects/trading-app/frontend/package.json.
(Use `node --trace-warnings ...` to show where the warning was created)
▶ computeSlotLayout
  ✔ spreads the visible candles across the full width (0.480154ms)
  ✔ gives the same candle density for every timeframe at 60 candles (0.107533ms)
  ✔ widens candles when zoomed in and narrows them when zoomed out (0.138137ms)
  ✔ caps the body width on very wide screens (0.124253ms)
  ✔ survives degenerate inputs (0.142223ms)
✔ computeSlotLayout (1.835983ms)
▶ x mapping
  ✔ maps a visible offset to x and back (0.094367ms)
  ✔ clamps pointers outside the plot to the first/last visible candle (0.142297ms)
  ✔ returns the first candle for degenerate inputs (0.129555ms)
✔ x mapping (0.569282ms)
▶ leading empty slots
  ✔ counts the slots the data does not fill (0.203529ms)
  ✔ is 0 whenever the data fills or overflows the viewport (0.182289ms)
  ✔ is 0 in history, where the window is full of real candles (0.137556ms)
  ✔ survives degenerate inputs (0.090473ms)
✔ leading empty slots (0.78188ms)
▶ right alignment of short data sets
  ✔ gives 40 candles the same width and right edge as 600 (0.149504ms)
  ✔ starts 40 candles one slot after the 20 empty ones (0.073879ms)
  ✔ pins 12 candles to the right end of the 60 slots (0.127946ms)
  ✔ keeps the empty slots on the left after zooming in (0.112517ms)
✔ right alignment of short data sets (0.572224ms)
▶ originalCandleIndexForX
  ✔ snaps an empty slot to the first real candle (0.133026ms)
  ✔ maps the first and last real candles exactly (0.038215ms)
  ✔ never produces an index outside the data (0.082155ms)
  ✔ maps correctly after zooming a short data set (0.042331ms)
  ✔ uses real indices in history, where no slot is empty (0.054343ms)
  ✔ returns the start index when there is nothing to point at (0.024446ms)
✔ originalCandleIndexForX (0.495604ms)
(node:867256) [MODULE_TYPELESS_PACKAGE_JSON] Warning: Module type of file:///home/nayuta/projects/trading-app/frontend/src/components/charts/candlestickNativeIntegration.test.ts is not specified and it doesn't parse as CommonJS.
Reparsing as ES module because module syntax was detected. This incurs a performance overhead.
To eliminate this warning, add "type": "module" to /home/nayuta/projects/trading-app/frontend/package.json.
(Use `node --trace-warnings ...` to show where the warning was created)
▶ native adapter → RNGH JS event receiver → chart state → shared renderer
  ✔ Android first-finger pinch BEGAN does not claim a chart session (216.306521ms)
  ✔ one finger pans to history, reverses, clamps both loaded edges and resets to latest (93.56148ms)
  ✔ a stationary long hold displays both labels, then scrubs far beyond the old 10px limit (86.449846ms)
  ✔ clears a held crosshair on terminal state 5, including a hold without movement (58.35963ms)
  ✔ clears a held crosshair on terminal state 3, including a hold without movement (67.811034ms)
  ✔ clears a held crosshair on terminal state 1, including a hold without movement (68.069806ms)
  ✔ leaving any chart edge clears crosshair and reentry cannot revive it (203.105299ms)
  ✔ pinch activates after a hold, clears crosshair, zooms both ways and ignores late finalizers (51.042541ms)
  ✔ native configuration races horizontal pan vs hold, while pinch can take over either (43.869193ms)
  ✔ a fresh pinch and a pan-to-pinch transition use distinct viewport snapshots (118.882784ms)
  ✔ separate pan sessions preserve their origin and ignore non-owner finalizers (44.049417ms)
  ✔ a native vertical-swipe cancellation leaves chart state untouched and no session open (56.24669ms)
  ✔ timeframe resets chart and adapter identity; teardown closes an active hold once (42.86884ms)
  ✔ rotation closes the old session and the new recognizers can pan (48.124189ms)
  ✔ history excludes the live price from Y bounds without resizing the plot mid-pan (48.251469ms)
  ✔ short datasets stay aligned to the right and crosshair selects existing candles (42.07572ms)
  ✔ fits price/time labels within small portrait and landscape chart boxes at 8 decimals (290.917011ms)
✔ native adapter → RNGH JS event receiver → chart state → shared renderer (1581.270077ms)
✔ two-finger parallel Y scale shares geometry and ends on 5 (40.9198ms)
✔ two-finger parallel Y scale shares geometry and ends on 3 (44.803889ms)
✔ two-finger parallel Y scale shares geometry and ends on 1 (47.567341ms)
✔ raw touch release prevents a late pinch update from restarting Y scale as X zoom (45.013154ms)
(node:867299) [MODULE_TYPELESS_PACKAGE_JSON] Warning: Module type of file:///home/nayuta/projects/trading-app/frontend/src/components/charts/candlestickPriceFormat.test.ts is not specified and it doesn't parse as CommonJS.
Reparsing as ES module because module syntax was detected. This incurs a performance overhead.
To eliminate this warning, add "type": "module" to /home/nayuta/projects/trading-app/frontend/package.json.
(Use `node --trace-warnings ...` to show where the warning was created)
▶ formatChartPrice
  ✔ renders a low-priced coin at its declared precision (0.776251ms)
  ✔ handles the 8-decimal floor of a very cheap coin (0.10405ms)
  ✔ supports 0 decimals (0.15507ms)
  ✔ falls back to the 2-decimal USD policy without a precision (0.180586ms)
  ✔ keeps the KRW policy regardless of the declared precision (0.097712ms)
  ✔ formats the computed floats the axis and crosshair produce (0.13091ms)
  ✔ renders a missing price as "-" rather than a wrong number (0.126401ms)
✔ formatChartPrice (2.116989ms)
(node:867306) [MODULE_TYPELESS_PACKAGE_JSON] Warning: Module type of file:///home/nayuta/projects/trading-app/frontend/src/components/charts/candlestickPriceScale.test.ts is not specified and it doesn't parse as CommonJS.
Reparsing as ES module because module syntax was detected. This incurs a performance overhead.
To eliminate this warning, add "type": "module" to /home/nayuta/projects/trading-app/frontend/package.json.
(Use `node --trace-warnings ...` to show where the warning was created)
✔ manual scale expands/contracts around the same center and clamps (0.48808ms)
✔ tiny prices, flat candles, corrupted factors and huge ranges stay finite and positive (0.810985ms)
✔ two-finger arbitration separates parallel vertical movement, pinch, horizontal motion and jitter (0.17541ms)
(node:867314) [MODULE_TYPELESS_PACKAGE_JSON] Warning: Module type of file:///home/nayuta/projects/trading-app/frontend/src/components/charts/candlestickViewport.test.ts is not specified and it doesn't parse as CommonJS.
Reparsing as ES module because module syntax was detected. This incurs a performance overhead.
To eliminate this warning, add "type": "module" to /home/nayuta/projects/trading-app/frontend/package.json.
(Use `node --trace-warnings ...` to show where the warning was created)
▶ default viewport
  ✔ shows the latest 60 candles for a 600-candle data set (0.692879ms)
  ✔ keeps the 60-slot default when fewer candles exist (0.367542ms)
  ✔ collapses only when there is no data at all (0.097934ms)
  ✔ ends at the newest candle and reports latest (0.102548ms)
  ✔ resetViewport returns the default window (0.128031ms)
✔ default viewport (1.969507ms)
▶ pan
  ✔ dragging right moves towards older candles (0.233032ms)
  ✔ dragging left moves back towards the latest candle (0.124454ms)
  ✔ cannot pan past the newest candle (0.193401ms)
  ✔ cannot pan before the oldest candle (0.173495ms)
  ✔ cannot pan at all when everything already fits (0.182765ms)
  ✔ ignores unusable pan inputs (0.148477ms)
✔ pan (1.388815ms)
▶ zoom
  ✔ zooming in shows fewer candles, zooming out shows more (0.256845ms)
  ✔ never zooms in past the minimum (0.063995ms)
  ✔ never zooms out past the maximum (0.040247ms)
  ✔ keeps the centre candle in place when zooming at the centre (0.068662ms)
  ✔ keeps the newest candle pinned when zooming at the right edge (0.024468ms)
  ✔ does not jump to the latest when zooming inside history (0.025927ms)
  ✔ zooms a short data set by SLOTS, never by candle count (0.037802ms)
  ✔ zooms only through a focal point — there are no zoom step controls (0.023674ms)
✔ zoom (0.644124ms)
▶ isDefaultViewport (the "최신" reset affordance)
  ✔ is true for the default window on any data length (0.448871ms)
  ✔ is false in history or at a non-default zoom (0.061518ms)
  ✔ resetting from any state returns the default window (0.035431ms)
✔ isDefaultViewport (the "최신" reset affordance) (0.593993ms)
▶ clamps and invalid input
  ✔ clampVisibleCount bounds SLOTS, not the amount of data (0.093743ms)
  ✔ handles NaN, zero and negative inputs safely (0.129872ms)
  ✔ always returns a valid start/end pair (0.151419ms)
✔ clamps and invalid input (0.454872ms)
▶ render range
  ✔ adds the buffer on both sides but stays inside the data (0.094145ms)
  ✔ keeps the rendered node count near the visible count (0.032871ms)
✔ render range (0.323042ms)
▶ data changes
  ✔ initializes on the first load (0.123312ms)
  ✔ stays pinned to the newest candle when viewing the latest (0.038776ms)
  ✔ keeps the SAME candles on screen while viewing history (0.036046ms)
  ✔ keeps the candle width steady across the 59 → 60 → 61 append (0.079012ms)
  ✔ holds the history window when a live candle is appended to a short set (0.159282ms)
  ✔ clamps a history viewport when the data set shrinks (0.100717ms)
✔ data changes (0.696636ms)
(node:867322) [MODULE_TYPELESS_PACKAGE_JSON] Warning: Module type of file:///home/nayuta/projects/trading-app/frontend/src/components/charts/candlestickWebIntegration.test.ts is not specified and it doesn't parse as CommonJS.
Reparsing as ES module because module syntax was detected. This incurs a performance overhead.
To eliminate this warning, add "type": "module" to /home/nayuta/projects/trading-app/frontend/package.json.
(Use `node --trace-warnings ...` to show where the warning was created)
▶ existing web adapter → chart state integration
  ✔ mouse hover, drag, outside mouseup and latest reset retain their behavior (174.809808ms)
  ✔ wheel and Ctrl/Cmd trackpad pinch accumulate zoom; wheels during drag are consumed (66.471366ms)
  ✔ horizontal trackpad and Shift+wheel pan and reverse inside loaded data (52.225655ms)
✔ existing web adapter → chart state integration (294.528861ms)
(node:867340) [MODULE_TYPELESS_PACKAGE_JSON] Warning: Module type of file:///home/nayuta/projects/trading-app/frontend/src/components/charts/lineChartIntegration.test.ts is not specified and it doesn't parse as CommonJS.
Reparsing as ES module because module syntax was detected. This incurs a performance overhead.
To eliminate this warning, add "type": "module" to /home/nayuta/projects/trading-app/frontend/package.json.
(Use `node --trace-warnings ...` to show where the warning was created)
▶ LineChart actual renderer and native/web integration
  ✔ selects first, middle, last and nearest actual point, with exact dot and guides (113.287813ms)
  ✔ keeps every real point selectable beyond the previous 80 point drawing cap (39.844822ms)
  ✔ supports a single snapshot, flat data, long labels and exact large amounts at Android widths (140.759741ms)
  ✔ clears selection synchronously on account/range data changes and rotation (45.262254ms)
  ✔ uses installed native recognizer: down preview, horizontal updates, release/cancel/vertical failure reset (134.955821ms)
  ✔ web hover and touch scrubbing work, vertical swipe and pointer endings clear without consuming scroll (30.128113ms)
✔ LineChart actual renderer and native/web integration (504.928835ms)
▶ home chart money and allocation boundaries
  ✔ rounds only the displayed KRW decimal digits, preserving integer precision (0.285457ms)
  ✔ renders the supplied portfolio total/segment strings and wraps long legends; zero/empty remains empty (19.996912ms)
✔ home chart money and allocation boundaries (20.520564ms)
✔ Home time scale preserves real gaps and unifies selection into one bounded tooltip (89.511414ms)
(node:867365) [MODULE_TYPELESS_PACKAGE_JSON] Warning: Module type of file:///home/nayuta/projects/trading-app/frontend/src/components/common/ActionPressable.test.ts is not specified and it doesn't parse as CommonJS.
Reparsing as ES module because module syntax was detected. This incurs a performance overhead.
To eliminate this warning, add "type": "module" to /home/nayuta/projects/trading-app/frontend/package.json.
(Use `node --trace-warnings ...` to show where the warning was created)
react-test-renderer is deprecated. See https://react.dev/warnings/react-test-renderer
react-test-renderer is deprecated. See https://react.dev/warnings/react-test-renderer
▶ ActionPressable immediate feedback
  ✔ secondary CTA keeps solid colors, geometry and disabled/loading guards (90.610661ms)
react-test-renderer is deprecated. See https://react.dev/warnings/react-test-renderer
  ✔ one full item target places immediate feedback only on its compact icon surface (27.974709ms)
react-test-renderer is deprecated. See https://react.dev/warnings/react-test-renderer
  ✔ android: button uses one interruptible clock, stationary target, immediate actions and correct layer order (22.652252ms)
react-test-renderer is deprecated. See https://react.dev/warnings/react-test-renderer
  ✔ ios: button uses one interruptible clock, stationary target, immediate actions and correct layer order (21.2138ms)
react-test-renderer is deprecated. See https://react.dev/warnings/react-test-renderer
  ✔ web: button uses one interruptible clock, stationary target, immediate actions and correct layer order (19.623607ms)
react-test-renderer is deprecated. See https://react.dev/warnings/react-test-renderer
  ✔ CTA neutral and financial roles stay solid while logout has independent red stops (15.02189ms)
react-test-renderer is deprecated. See https://react.dev/warnings/react-test-renderer
  ✔ android: one static wash, immediate single action and no release work (10.927817ms)
react-test-renderer is deprecated. See https://react.dev/warnings/react-test-renderer
  ✔ ios: one static wash, immediate single action and no release work (11.133718ms)
react-test-renderer is deprecated. See https://react.dev/warnings/react-test-renderer
  ✔ web: one static wash, immediate single action and no release work (11.225705ms)
react-test-renderer is deprecated. See https://react.dev/warnings/react-test-renderer
  ✔ resolves style callbacks and preserves string transforms and functional children (8.828487ms)
react-test-renderer is deprecated. See https://react.dev/warnings/react-test-renderer
  ✔ release/cancel, rapid taps, keyboard input and unmount leave no pending feedback (9.261443ms)
react-test-renderer is deprecated. See https://react.dev/warnings/react-test-renderer
  ✔ Market sort directions explicitly opt out without altering their actions (10.511494ms)
  ✔ pressing one Market row leaves its parent and both price renderers untouched (27.612713ms)
✔ ActionPressable immediate feedback (287.62113ms)
(node:867377) [MODULE_TYPELESS_PACKAGE_JSON] Warning: Module type of file:///home/nayuta/projects/trading-app/frontend/src/components/common/LogoutButton.test.ts is not specified and it doesn't parse as CommonJS.
Reparsing as ES module because module syntax was detected. This incurs a performance overhead.
To eliminate this warning, add "type": "module" to /home/nayuta/projects/trading-app/frontend/package.json.
(Use `node --trace-warnings ...` to show where the warning was created)
react-test-renderer is deprecated. See https://react.dev/warnings/react-test-renderer
✔ logout presentation guards rapid activation, exposes loading and safely unmounts during teardown (82.142785ms)
✔ MY and Settings pass their existing logout callback to the same presentation (0.40671ms)
(node:867386) [MODULE_TYPELESS_PACKAGE_JSON] Warning: Module type of file:///home/nayuta/projects/trading-app/frontend/src/components/common/ProfileAvatar.test.ts is not specified and it doesn't parse as CommonJS.
Reparsing as ES module because module syntax was detected. This incurs a performance overhead.
To eliminate this warning, add "type": "module" to /home/nayuta/projects/trading-app/frontend/package.json.
(Use `node --trace-warnings ...` to show where the warning was created)
react-test-renderer is deprecated. See https://react.dev/warnings/react-test-renderer
react-test-renderer is deprecated. See https://react.dev/warnings/react-test-renderer
react-test-renderer is deprecated. See https://react.dev/warnings/react-test-renderer
react-test-renderer is deprecated. See https://react.dev/warnings/react-test-renderer
react-test-renderer is deprecated. See https://react.dev/warnings/react-test-renderer
react-test-renderer is deprecated. See https://react.dev/warnings/react-test-renderer
react-test-renderer is deprecated. See https://react.dev/warnings/react-test-renderer
react-test-renderer is deprecated. See https://react.dev/warnings/react-test-renderer
react-test-renderer is deprecated. See https://react.dev/warnings/react-test-renderer
✔ invalid, blank, unsupported and absent profile URIs use the local silhouette (12.960105ms)
✔ real image, failed load, new URI and late old failure keep the same avatar bounds (2.630891ms)
(node:867400) [MODULE_TYPELESS_PACKAGE_JSON] Warning: Module type of file:///home/nayuta/projects/trading-app/frontend/src/components/common/actionPressableVisual.test.ts is not specified and it doesn't parse as CommonJS.
Reparsing as ES module because module syntax was detected. This incurs a performance overhead.
To eliminate this warning, add "type": "module" to /home/nayuta/projects/trading-app/frontend/package.json.
(Use `node --trace-warnings ...` to show where the warning was created)
props.pointerEvents is deprecated. Use style.pointerEvents
react-test-renderer is deprecated. See https://react.dev/warnings/react-test-renderer
▶ ActionPressable real React Native Web visual contract
  ✔ keeps classes compiled by StyleSheet.create on the actual web root (9.805255ms)
  ✔ CTA, pressed=false: keeps every caller visual on the root DOM element (1.352095ms)
  ✔ CTA, pressed=true: keeps every caller visual on the root DOM element (0.90224ms)
react-test-renderer is deprecated. See https://react.dev/warnings/react-test-renderer
  ✔ android, CTA: preserves visuals throughout press, release and cancel (37.788171ms)
react-test-renderer is deprecated. See https://react.dev/warnings/react-test-renderer
  ✔ ios, CTA: preserves visuals throughout press, release and cancel (17.561091ms)
react-test-renderer is deprecated. See https://react.dev/warnings/react-test-renderer
  ✔ web, CTA: preserves visuals throughout press, release and cancel (15.849315ms)
  ✔ account, pressed=false: keeps every caller visual on the root DOM element (1.508859ms)
  ✔ account, pressed=true: keeps every caller visual on the root DOM element (0.823107ms)
react-test-renderer is deprecated. See https://react.dev/warnings/react-test-renderer
  ✔ android, account: preserves visuals throughout press, release and cancel (19.762869ms)
react-test-renderer is deprecated. See https://react.dev/warnings/react-test-renderer
  ✔ ios, account: preserves visuals throughout press, release and cancel (14.13299ms)
react-test-renderer is deprecated. See https://react.dev/warnings/react-test-renderer
  ✔ web, account: preserves visuals throughout press, release and cancel (10.780212ms)
  ✔ unselected, pressed=false: keeps every caller visual on the root DOM element (1.664731ms)
  ✔ unselected, pressed=true: keeps every caller visual on the root DOM element (0.904168ms)
react-test-renderer is deprecated. See https://react.dev/warnings/react-test-renderer
  ✔ android, unselected: preserves visuals throughout press, release and cancel (12.175093ms)
react-test-renderer is deprecated. See https://react.dev/warnings/react-test-renderer
  ✔ ios, unselected: preserves visuals throughout press, release and cancel (12.579992ms)
react-test-renderer is deprecated. See https://react.dev/warnings/react-test-renderer
  ✔ web, unselected: preserves visuals throughout press, release and cancel (10.548785ms)
  ✔ selected, pressed=false: keeps every caller visual on the root DOM element (1.480461ms)
  ✔ selected, pressed=true: keeps every caller visual on the root DOM element (0.890636ms)
react-test-renderer is deprecated. See https://react.dev/warnings/react-test-renderer
  ✔ android, selected: preserves visuals throughout press, release and cancel (10.989734ms)
react-test-renderer is deprecated. See https://react.dev/warnings/react-test-renderer
  ✔ ios, selected: preserves visuals throughout press, release and cancel (9.802522ms)
"shadow*" style props are deprecated. Use "boxShadow".
react-test-renderer is deprecated. See https://react.dev/warnings/react-test-renderer
  ✔ web, selected: preserves visuals throughout press, release and cancel (10.876975ms)
  ✔ layout, pressed=false: keeps every caller visual on the root DOM element (1.203178ms)
  ✔ layout, pressed=true: keeps every caller visual on the root DOM element (1.164468ms)
react-test-renderer is deprecated. See https://react.dev/warnings/react-test-renderer
  ✔ android, layout: preserves visuals throughout press, release and cancel (8.445451ms)
react-test-renderer is deprecated. See https://react.dev/warnings/react-test-renderer
  ✔ ios, layout: preserves visuals throughout press, release and cancel (7.61306ms)
react-test-renderer is deprecated. See https://react.dev/warnings/react-test-renderer
  ✔ web, layout: preserves visuals throughout press, release and cancel (7.610254ms)
  ✔ stringTransform, pressed=false: keeps every caller visual on the root DOM element (0.79235ms)
  ✔ stringTransform, pressed=true: keeps every caller visual on the root DOM element (0.719113ms)
react-test-renderer is deprecated. See https://react.dev/warnings/react-test-renderer
  ✔ android, stringTransform: preserves visuals throughout press, release and cancel (7.566367ms)
react-test-renderer is deprecated. See https://react.dev/warnings/react-test-renderer
  ✔ ios, stringTransform: preserves visuals throughout press, release and cancel (11.046634ms)
react-test-renderer is deprecated. See https://react.dev/warnings/react-test-renderer
  ✔ web, stringTransform: preserves visuals throughout press, release and cancel (8.001066ms)
  ✔ callback, pressed=false: keeps every caller visual on the root DOM element (1.343472ms)
  ✔ callback, pressed=true: keeps every caller visual on the root DOM element (0.815992ms)
react-test-renderer is deprecated. See https://react.dev/warnings/react-test-renderer
  ✔ android, callback: preserves visuals throughout press, release and cancel (10.571282ms)
react-test-renderer is deprecated. See https://react.dev/warnings/react-test-renderer
  ✔ ios, callback: preserves visuals throughout press, release and cancel (7.061085ms)
  ✔ web, callback: preserves visuals throughout press, release and cancel (7.25894ms)
✔ ActionPressable real React Native Web visual contract (285.308373ms)
(node:867419) [MODULE_TYPELESS_PACKAGE_JSON] Warning: Module type of file:///home/nayuta/projects/trading-app/frontend/src/components/common/pressFeedback.test.ts is not specified and it doesn't parse as CommonJS.
Reparsing as ES module because module syntax was detected. This incurs a performance overhead.
To eliminate this warning, add "type": "module" to /home/nayuta/projects/trading-app/frontend/package.json.
(Use `node --trace-warnings ...` to show where the warning was created)
✔ uses a subtle neutral wash in light/dark without changing financial colors (0.804536ms)
▶ touch coverage and exclusions
  ✔ covers direct action Pressables and uses their existing disabled condition (133.109783ms)
  ✔ leaves backdrop dismissal and its transparent touch surface unchanged (4.101845ms)
  ✔ keeps feedback outside the chart gesture subtree (0.281498ms)
  ✔ preserves market row memoization across unrelated ticker updates (23.435091ms)
✔ touch coverage and exclusions (161.160852ms)
(node:867431) [MODULE_TYPELESS_PACKAGE_JSON] Warning: Module type of file:///home/nayuta/projects/trading-app/frontend/src/components/navigation/MainTabHeaderTitle.test.ts is not specified and it doesn't parse as CommonJS.
Reparsing as ES module because module syntax was detected. This incurs a performance overhead.
To eliminate this warning, add "type": "module" to /home/nayuta/projects/trading-app/frontend/package.json.
(Use `node --trace-warnings ...` to show where the warning was created)
✔ Home: only the root title reuses its tab icon; detail headers and transitions stay native (63.575884ms)
✔ Market: only the root title reuses its tab icon; detail headers and transitions stay native (19.187643ms)
✔ Guide: only the root title reuses its tab icon; detail headers and transitions stay native (18.466147ms)
✔ Ranking: only the root title reuses its tab icon; detail headers and transitions stay native (12.197263ms)
✔ Wallet: only the root title reuses its tab icon; detail headers and transitions stay native (11.504473ms)
✔ My: only the root title reuses its tab icon; detail headers and transitions stay native (14.993483ms)
✔ the root title keeps Navigation heading semantics, platform size, tint, and layout measurement (4.980792ms)
✔ header icons follow the navigation tint in both themes (6.633857ms)
✔ home shares one undecorated contour in outline and filled states at tab/header sizes (4.484298ms)
(node:867458) [MODULE_TYPELESS_PACKAGE_JSON] Warning: Module type of file:///home/nayuta/projects/trading-app/frontend/src/components/navigation/TabBarButton.test.ts is not specified and it doesn't parse as CommonJS.
Reparsing as ES module because module syntax was detected. This incurs a performance overhead.
To eliminate this warning, add "type": "module" to /home/nayuta/projects/trading-app/frontend/package.json.
(Use `node --trace-warnings ...` to show where the warning was created)
▶ bottom tab touch feedback
  ✔ android/general: connects all five tabs while preserving events, icons and accessibility (81.747307ms)
  ✔ android/season: connects all five tabs while preserving events, icons and accessibility (27.070289ms)
  ✔ ios/general: connects all five tabs while preserving events, icons and accessibility (20.827673ms)
  ✔ ios/season: connects all five tabs while preserving events, icons and accessibility (16.547478ms)
  ✔ web/general: connects all five tabs while preserving events, icons and accessibility (17.602372ms)
  ✔ web/season: connects all five tabs while preserving events, icons and accessibility (13.031022ms)
  ✔ keeps the existing large-font and safe-area layout policy (11.953883ms)
  ✔ android: Reduced Motion suppresses both tab fade and visible press animation (13.260703ms)
  ✔ ios: Reduced Motion suppresses both tab fade and visible press animation (13.982072ms)
  ✔ web: Reduced Motion suppresses both tab fade and visible press animation (10.970167ms)
✔ bottom tab touch feedback (227.822637ms)
(node:867473) [MODULE_TYPELESS_PACKAGE_JSON] Warning: Module type of file:///home/nayuta/projects/trading-app/frontend/src/components/states/AdminDiagnosticPanel.test.ts is not specified and it doesn't parse as CommonJS.
Reparsing as ES module because module syntax was detected. This incurs a performance overhead.
To eliminate this warning, add "type": "module" to /home/nayuta/projects/trading-app/frontend/package.json.
(Use `node --trace-warnings ...` to show where the warning was created)
react-test-renderer is deprecated. See https://react.dev/warnings/react-test-renderer
react-test-renderer is deprecated. See https://react.dev/warnings/react-test-renderer
react-test-renderer is deprecated. See https://react.dev/warnings/react-test-renderer
react-test-renderer is deprecated. See https://react.dev/warnings/react-test-renderer
react-test-renderer is deprecated. See https://react.dev/warnings/react-test-renderer
react-test-renderer is deprecated. See https://react.dev/warnings/react-test-renderer
react-test-renderer is deprecated. See https://react.dev/warnings/react-test-renderer
react-test-renderer is deprecated. See https://react.dev/warnings/react-test-renderer
react-test-renderer is deprecated. See https://react.dev/warnings/react-test-renderer
react-test-renderer is deprecated. See https://react.dev/warnings/react-test-renderer
react-test-renderer is deprecated. See https://react.dev/warnings/react-test-renderer
react-test-renderer is deprecated. See https://react.dev/warnings/react-test-renderer
react-test-renderer is deprecated. See https://react.dev/warnings/react-test-renderer
react-test-renderer is deprecated. See https://react.dev/warnings/react-test-renderer
react-test-renderer is deprecated. See https://react.dev/warnings/react-test-renderer
react-test-renderer is deprecated. See https://react.dev/warnings/react-test-renderer
▶ admin runtime gate and scalable text (ios)
  ✔ fails closed for role admin (115.347154ms)
  ✔ fails closed for role user (32.639446ms)
  ✔ fails closed for role operator (22.095924ms)
  ✔ fails closed for role undefined (24.760929ms)
  ✔ keeps backend failures separate and hides cached admin role after /me errors (21.066746ms)
✔ admin runtime gate and scalable text (ios) (216.479156ms)
▶ admin runtime gate and scalable text (android)
  ✔ fails closed for role admin (14.841961ms)
  ✔ fails closed for role user (13.421881ms)
  ✔ fails closed for role operator (16.344212ms)
  ✔ fails closed for role undefined (14.125463ms)
  ✔ keeps backend failures separate and hides cached admin role after /me errors (14.623207ms)
✔ admin runtime gate and scalable text (android) (73.654389ms)
▶ admin runtime gate and scalable text (web)
  ✔ fails closed for role admin (13.154803ms)
  ✔ fails closed for role user (16.694754ms)
  ✔ fails closed for role operator (11.883556ms)
  ✔ fails closed for role undefined (14.997507ms)
  ✔ keeps backend failures separate and hides cached admin role after /me errors (17.629445ms)
✔ admin runtime gate and scalable text (web) (74.637498ms)
react-test-renderer is deprecated. See https://react.dev/warnings/react-test-renderer
✔ detaches server diagnostics when the session me query is removed (154.839919ms)
✔ detaches runtime diagnostics when the session me query is removed (154.297251ms)
(node:867494) [MODULE_TYPELESS_PACKAGE_JSON] Warning: Module type of file:///home/nayuta/projects/trading-app/frontend/src/components/states/ScreenErrorBoundary.test.ts is not specified and it doesn't parse as CommonJS.
Reparsing as ES module because module syntax was detected. This incurs a performance overhead.
To eliminate this warning, add "type": "module" to /home/nayuta/projects/trading-app/frontend/package.json.
(Use `node --trace-warnings ...` to show where the warning was created)
▶ root screen render boundary
  ✔ shows the existing ErrorState, reports the stack and retries without resetting providers/cache (119.128442ms)
  ✔ keeps the error UI available if retrying encounters the same bug (39.223835ms)
  ✔ does not catch a normally handled React Query/API rejection (42.065424ms)
  ✔ session expiry still clears cache/credentials and resets to Login (render failure: false) (24.900636ms)
  ✔ session expiry still clears cache/credentials and resets to Login (render failure: true) (25.059547ms)
✔ root screen render boundary (251.380295ms)
(node:867509) [MODULE_TYPELESS_PACKAGE_JSON] Warning: Module type of file:///home/nayuta/projects/trading-app/frontend/src/components/states/diagnosticEnforcement.test.ts is not specified and it doesn't parse as CommonJS.
Reparsing as ES module because module syntax was detected. This incurs a performance overhead.
To eliminate this warning, add "type": "module" to /home/nayuta/projects/trading-app/frontend/package.json.
(Use `node --trace-warnings ...` to show where the warning was created)
✔ detects obvious diagnostic bypasses in source fixtures (15.669695ms)
(node:867517) [MODULE_TYPELESS_PACKAGE_JSON] Warning: Module type of file:///home/nayuta/projects/trading-app/frontend/src/components/states/portfolioDiagnostic.test.ts is not specified and it doesn't parse as CommonJS.
Reparsing as ES module because module syntax was detected. This incurs a performance overhead.
To eliminate this warning, add "type": "module" to /home/nayuta/projects/trading-app/frontend/package.json.
(Use `node --trace-warnings ...` to show where the warning was created)
react-test-renderer is deprecated. See https://react.dev/warnings/react-test-renderer
react-test-renderer is deprecated. See https://react.dev/warnings/react-test-renderer
react-test-renderer is deprecated. See https://react.dev/warnings/react-test-renderer
react-test-renderer is deprecated. See https://react.dev/warnings/react-test-renderer
✔ portfolio error panel reuses diagnostics and respects admin role (118.47241ms)
✔ portfolio error panel reuses diagnostics and respects user role (37.460044ms)
✔ portfolio error panel reuses diagnostics and respects operator role (25.943989ms)
✔ portfolio error panel reuses diagnostics and respects unresolved role (28.201056ms)
(node:867528) [MODULE_TYPELESS_PACKAGE_JSON] Warning: Module type of file:///home/nayuta/projects/trading-app/frontend/src/components/states/publicErrorPresentation.test.ts is not specified and it doesn't parse as CommonJS.
Reparsing as ES module because module syntax was detected. This incurs a performance overhead.
To eliminate this warning, add "type": "module" to /home/nayuta/projects/trading-app/frontend/package.json.
(Use `node --trace-warnings ...` to show where the warning was created)
react-test-renderer is deprecated. See https://react.dev/warnings/react-test-renderer
react-test-renderer is deprecated. See https://react.dev/warnings/react-test-renderer
react-test-renderer is deprecated. See https://react.dev/warnings/react-test-renderer
react-test-renderer is deprecated. See https://react.dev/warnings/react-test-renderer
react-test-renderer is deprecated. See https://react.dev/warnings/react-test-renderer
react-test-renderer is deprecated. See https://react.dev/warnings/react-test-renderer
react-test-renderer is deprecated. See https://react.dev/warnings/react-test-renderer
react-test-renderer is deprecated. See https://react.dev/warnings/react-test-renderer
▶ rendered public error boundary
  ✔ keeps ErrorState public text safe with role=user (119.668228ms)
  ✔ keeps ErrorState public text safe with role=operator (35.504762ms)
  ✔ keeps ErrorState public text safe with role=admin (28.857067ms)
  ✔ keeps ErrorState public text safe with role=undefined (24.128243ms)
  ✔ keeps ErrorNotice public text safe with role=user (15.61862ms)
  ✔ keeps ErrorNotice public text safe with role=operator (16.663954ms)
  ✔ keeps ErrorNotice public text safe with role=admin (17.857486ms)
  ✔ keeps ErrorNotice public text safe with role=undefined (18.310031ms)
✔ rendered public error boundary (277.457299ms)
(node:867539) [MODULE_TYPELESS_PACKAGE_JSON] Warning: Module type of file:///home/nayuta/projects/trading-app/frontend/src/components/states/secondaryDiagnostics.test.ts is not specified and it doesn't parse as CommonJS.
Reparsing as ES module because module syntax was detected. This incurs a performance overhead.
To eliminate this warning, add "type": "module" to /home/nayuta/projects/trading-app/frontend/package.json.
(Use `node --trace-warnings ...` to show where the warning was created)
react-test-renderer is deprecated. See https://react.dev/warnings/react-test-renderer
react-test-renderer is deprecated. See https://react.dev/warnings/react-test-renderer
✔ ranking: original HTTP error and user role gate (343.329338ms)
react-test-renderer is deprecated. See https://react.dev/warnings/react-test-renderer
✔ ranking: original HTTP error and operator role gate (208.52933ms)
react-test-renderer is deprecated. See https://react.dev/warnings/react-test-renderer
✔ ranking: original HTTP error and admin role gate (204.545391ms)
react-test-renderer is deprecated. See https://react.dev/warnings/react-test-renderer
✔ summary: original HTTP error and user role gate (217.068863ms)
react-test-renderer is deprecated. See https://react.dev/warnings/react-test-renderer
✔ summary: original HTTP error and operator role gate (198.938129ms)
react-test-renderer is deprecated. See https://react.dev/warnings/react-test-renderer
✔ summary: original HTTP error and admin role gate (209.725508ms)
react-test-renderer is deprecated. See https://react.dev/warnings/react-test-renderer
✔ list: original HTTP error and user role gate (181.271985ms)
react-test-renderer is deprecated. See https://react.dev/warnings/react-test-renderer
✔ list: original HTTP error and operator role gate (185.446123ms)
react-test-renderer is deprecated. See https://react.dev/warnings/react-test-renderer
✔ list: original HTTP error and admin role gate (168.329541ms)
react-test-renderer is deprecated. See https://react.dev/warnings/react-test-renderer
✔ detail: original HTTP error and user role gate (170.407424ms)
react-test-renderer is deprecated. See https://react.dev/warnings/react-test-renderer
✔ detail: original HTTP error and operator role gate (175.885408ms)
react-test-renderer is deprecated. See https://react.dev/warnings/react-test-renderer
✔ detail: original HTTP error and admin role gate (173.359455ms)
react-test-renderer is deprecated. See https://react.dev/warnings/react-test-renderer
✔ profit: original HTTP error and user role gate (189.066139ms)
react-test-renderer is deprecated. See https://react.dev/warnings/react-test-renderer
✔ profit: original HTTP error and operator role gate (181.19559ms)
react-test-renderer is deprecated. See https://react.dev/warnings/react-test-renderer
✔ profit: original HTTP error and admin role gate (188.393537ms)
react-test-renderer is deprecated. See https://react.dev/warnings/react-test-renderer
✔ friends: original HTTP error and user role gate (114.325199ms)
react-test-renderer is deprecated. See https://react.dev/warnings/react-test-renderer
✔ friends: original HTTP error and operator role gate (111.051796ms)
react-test-renderer is deprecated. See https://react.dev/warnings/react-test-renderer
✔ friends: original HTTP error and admin role gate (121.686793ms)
react-test-renderer is deprecated. See https://react.dev/warnings/react-test-renderer
✔ season: original HTTP error and user role gate (169.14787ms)
react-test-renderer is deprecated. See https://react.dev/warnings/react-test-renderer
✔ season: original HTTP error and operator role gate (168.681846ms)
react-test-renderer is deprecated. See https://react.dev/warnings/react-test-renderer
✔ season: original HTTP error and admin role gate (167.406937ms)
react-test-renderer is deprecated. See https://react.dev/warnings/react-test-renderer
✔ reward: original HTTP error and user role gate (175.52696ms)
react-test-renderer is deprecated. See https://react.dev/warnings/react-test-renderer
✔ reward: original HTTP error and operator role gate (171.590025ms)
react-test-renderer is deprecated. See https://react.dev/warnings/react-test-renderer
✔ reward: original HTTP error and admin role gate (171.825375ms)
react-test-renderer is deprecated. See https://react.dev/warnings/react-test-renderer
✔ my: original HTTP error and user role gate (196.34103ms)
react-test-renderer is deprecated. See https://react.dev/warnings/react-test-renderer
✔ my: original HTTP error and operator role gate (179.113667ms)
react-test-renderer is deprecated. See https://react.dev/warnings/react-test-renderer
✔ my: original HTTP error and admin role gate (181.853111ms)
react-test-renderer is deprecated. See https://react.dev/warnings/react-test-renderer
✔ independent reward failures retain separate panels and clear independently (197.016688ms)
react-test-renderer is deprecated. See https://react.dev/warnings/react-test-renderer
✔ records partial failures preserve healthy rows and clear after normalization (148.15808ms)
react-test-renderer is deprecated. See https://react.dev/warnings/react-test-renderer
✔ records equity failure is separate from available profit analysis (173.20679ms)
react-test-renderer is deprecated. See https://react.dev/warnings/react-test-renderer
✔ ranking: normal empty/policy state creates no diagnostic (96.108491ms)
react-test-renderer is deprecated. See https://react.dev/warnings/react-test-renderer
✔ list: normal empty/policy state creates no diagnostic (79.920929ms)
react-test-renderer is deprecated. See https://react.dev/warnings/react-test-renderer
✔ friends: normal empty/policy state creates no diagnostic (89.738422ms)
react-test-renderer is deprecated. See https://react.dev/warnings/react-test-renderer
✔ reward: normal empty/policy state creates no diagnostic (86.297573ms)
react-test-renderer is deprecated. See https://react.dev/warnings/react-test-renderer
✔ my: normal empty/policy state creates no diagnostic (88.409026ms)
react-test-renderer is deprecated. See https://react.dev/warnings/react-test-renderer
✔ season not configured creates no diagnostic (82.008947ms)
react-test-renderer is deprecated. See https://react.dev/warnings/react-test-renderer
✔ Ranking season absence stays a policy state without querying a nonexistent publication (101.077414ms)
react-test-renderer is deprecated. See https://react.dev/warnings/react-test-renderer
✔ Profile private is a normal policy state without diagnostics (97.81422ms)
react-test-renderer is deprecated. See https://react.dev/warnings/react-test-renderer
✔ Profile not_friend is a normal policy state without diagnostics (105.462538ms)
react-test-renderer is deprecated. See https://react.dev/warnings/react-test-renderer
✔ Profile unavailable is a normal policy state without diagnostics (104.789248ms)
react-test-renderer is deprecated. See https://react.dev/warnings/react-test-renderer
✔ missing season record is not presented as a technical failure (84.119067ms)
react-test-renderer is deprecated. See https://react.dev/warnings/react-test-renderer
✔ a late record response stays attached to its requested season (165.64531ms)
react-test-renderer is deprecated. See https://react.dev/warnings/react-test-renderer
✔ Settings hides details if its /me query fails, including cached admin role (95.572777ms)
react-test-renderer is deprecated. See https://react.dev/warnings/react-test-renderer
✔ Settings nickname and privacy mutations: user, recovery and separate errors (289.950414ms)
react-test-renderer is deprecated. See https://react.dev/warnings/react-test-renderer
✔ Settings nickname and privacy mutations: operator, recovery and separate errors (275.682814ms)
react-test-renderer is deprecated. See https://react.dev/warnings/react-test-renderer
✔ Settings nickname and privacy mutations: admin, recovery and separate errors (303.28369ms)
react-test-renderer is deprecated. See https://react.dev/warnings/react-test-renderer
✔ Friends mutation preserves Alert and clears diagnostic on success for user (273.66013ms)
react-test-renderer is deprecated. See https://react.dev/warnings/react-test-renderer
✔ Friends mutation preserves Alert and clears diagnostic on success for operator (272.909599ms)
react-test-renderer is deprecated. See https://react.dev/warnings/react-test-renderer
✔ Friends mutation preserves Alert and clears diagnostic on success for admin (267.646188ms)
react-test-renderer is deprecated. See https://react.dev/warnings/react-test-renderer
✔ Friends late mutation failure is detached after a tab change (318.117583ms)
react-test-renderer is deprecated. See https://react.dev/warnings/react-test-renderer
✔ Season join failure retries the original mutation and clears on success for user (218.024352ms)
react-test-renderer is deprecated. See https://react.dev/warnings/react-test-renderer
✔ Season join failure retries the original mutation and clears on success for operator (218.841549ms)
react-test-renderer is deprecated. See https://react.dev/warnings/react-test-renderer
✔ Season join failure retries the original mutation and clears on success for admin (229.784137ms)
✔ Season change hides the previous join failure without submitting another mutation (199.503353ms)
(node:867706) [MODULE_TYPELESS_PACKAGE_JSON] Warning: Module type of file:///home/nayuta/projects/trading-app/frontend/src/components/tradingAccount/HoldingCardsLayout.test.ts is not specified and it doesn't parse as CommonJS.
Reparsing as ES module because module syntax was detected. This incurs a performance overhead.
To eliminate this warning, add "type": "module" to /home/nayuta/projects/trading-app/frontend/package.json.
(Use `node --trace-warnings ...` to show where the warning was created)
react-test-renderer is deprecated. See https://react.dev/warnings/react-test-renderer
react-test-renderer is deprecated. See https://react.dev/warnings/react-test-renderer
✔ android/light/320/1: native holding cards retain all financial text and adapt their tracks (113.543301ms)
react-test-renderer is deprecated. See https://react.dev/warnings/react-test-renderer
✔ android/light/320/2: native holding cards retain all financial text and adapt their tracks (34.666923ms)
react-test-renderer is deprecated. See https://react.dev/warnings/react-test-renderer
✔ android/light/360/1: native holding cards retain all financial text and adapt their tracks (27.891301ms)
react-test-renderer is deprecated. See https://react.dev/warnings/react-test-renderer
✔ android/light/360/2: native holding cards retain all financial text and adapt their tracks (18.022724ms)
react-test-renderer is deprecated. See https://react.dev/warnings/react-test-renderer
✔ android/light/390/1: native holding cards retain all financial text and adapt their tracks (18.967667ms)
react-test-renderer is deprecated. See https://react.dev/warnings/react-test-renderer
✔ android/light/390/2: native holding cards retain all financial text and adapt their tracks (18.1365ms)
react-test-renderer is deprecated. See https://react.dev/warnings/react-test-renderer
✔ android/light/430/1: native holding cards retain all financial text and adapt their tracks (18.33997ms)
react-test-renderer is deprecated. See https://react.dev/warnings/react-test-renderer
✔ android/light/430/2: native holding cards retain all financial text and adapt their tracks (13.153325ms)
react-test-renderer is deprecated. See https://react.dev/warnings/react-test-renderer
✔ android/dark/320/1: native holding cards retain all financial text and adapt their tracks (13.863595ms)
react-test-renderer is deprecated. See https://react.dev/warnings/react-test-renderer
✔ android/dark/320/2: native holding cards retain all financial text and adapt their tracks (14.448527ms)
react-test-renderer is deprecated. See https://react.dev/warnings/react-test-renderer
✔ android/dark/360/1: native holding cards retain all financial text and adapt their tracks (17.082576ms)
react-test-renderer is deprecated. See https://react.dev/warnings/react-test-renderer
✔ android/dark/360/2: native holding cards retain all financial text and adapt their tracks (12.855444ms)
react-test-renderer is deprecated. See https://react.dev/warnings/react-test-renderer
✔ android/dark/390/1: native holding cards retain all financial text and adapt their tracks (13.734189ms)
react-test-renderer is deprecated. See https://react.dev/warnings/react-test-renderer
✔ android/dark/390/2: native holding cards retain all financial text and adapt their tracks (14.832626ms)
react-test-renderer is deprecated. See https://react.dev/warnings/react-test-renderer
✔ android/dark/430/1: native holding cards retain all financial text and adapt their tracks (11.762015ms)
react-test-renderer is deprecated. See https://react.dev/warnings/react-test-renderer
✔ android/dark/430/2: native holding cards retain all financial text and adapt their tracks (17.262741ms)
react-test-renderer is deprecated. See https://react.dev/warnings/react-test-renderer
✔ ios/light/320/1: native holding cards retain all financial text and adapt their tracks (11.248986ms)
react-test-renderer is deprecated. See https://react.dev/warnings/react-test-renderer
✔ ios/light/320/2: native holding cards retain all financial text and adapt their tracks (10.481921ms)
react-test-renderer is deprecated. See https://react.dev/warnings/react-test-renderer
✔ ios/light/360/1: native holding cards retain all financial text and adapt their tracks (9.809639ms)
react-test-renderer is deprecated. See https://react.dev/warnings/react-test-renderer
✔ ios/light/360/2: native holding cards retain all financial text and adapt their tracks (10.456966ms)
react-test-renderer is deprecated. See https://react.dev/warnings/react-test-renderer
✔ ios/light/390/1: native holding cards retain all financial text and adapt their tracks (11.608193ms)
react-test-renderer is deprecated. See https://react.dev/warnings/react-test-renderer
✔ ios/light/390/2: native holding cards retain all financial text and adapt their tracks (11.168116ms)
react-test-renderer is deprecated. See https://react.dev/warnings/react-test-renderer
✔ ios/light/430/1: native holding cards retain all financial text and adapt their tracks (9.098987ms)
react-test-renderer is deprecated. See https://react.dev/warnings/react-test-renderer
✔ ios/light/430/2: native holding cards retain all financial text and adapt their tracks (9.843277ms)
react-test-renderer is deprecated. See https://react.dev/warnings/react-test-renderer
✔ ios/dark/320/1: native holding cards retain all financial text and adapt their tracks (10.304287ms)
react-test-renderer is deprecated. See https://react.dev/warnings/react-test-renderer
✔ ios/dark/320/2: native holding cards retain all financial text and adapt their tracks (16.824939ms)
react-test-renderer is deprecated. See https://react.dev/warnings/react-test-renderer
✔ ios/dark/360/1: native holding cards retain all financial text and adapt their tracks (11.804812ms)
react-test-renderer is deprecated. See https://react.dev/warnings/react-test-renderer
✔ ios/dark/360/2: native holding cards retain all financial text and adapt their tracks (9.614335ms)
react-test-renderer is deprecated. See https://react.dev/warnings/react-test-renderer
✔ ios/dark/390/1: native holding cards retain all financial text and adapt their tracks (10.629157ms)
react-test-renderer is deprecated. See https://react.dev/warnings/react-test-renderer
✔ ios/dark/390/2: native holding cards retain all financial text and adapt their tracks (10.326521ms)
react-test-renderer is deprecated. See https://react.dev/warnings/react-test-renderer
✔ ios/dark/430/1: native holding cards retain all financial text and adapt their tracks (9.870701ms)
✔ ios/dark/430/2: native holding cards retain all financial text and adapt their tracks (18.834777ms)
(node:867727) [MODULE_TYPELESS_PACKAGE_JSON] Warning: Module type of file:///home/nayuta/projects/trading-app/frontend/src/components/tradingAccount/PositionAssetRow.test.ts is not specified and it doesn't parse as CommonJS.
Reparsing as ES module because module syntax was detected. This incurs a performance overhead.
To eliminate this warning, add "type": "module" to /home/nayuta/projects/trading-app/frontend/package.json.
(Use `node --trace-warnings ...` to show where the warning was created)
▶ shared PositionAssetRow
  ✔ shows identity, actual quantity and canonical local value and PnL in the summary row (1.89842ms)
  ✔ stale_cache preserves crypto quantity while preserving valuation semantics (0.345569ms)
  ✔ unavailable preserves crypto quantity while preserving valuation semantics (0.241606ms)
  ✔ light/red_blue uses financial direction only for returns (0.844485ms)
  ✔ light/green_red uses financial direction only for returns (0.660508ms)
  ✔ dark/red_blue uses financial direction only for returns (0.614101ms)
  ✔ dark/green_red uses financial direction only for returns (0.350906ms)
✔ shared PositionAssetRow (5.580855ms)
(node:867739) [MODULE_TYPELESS_PACKAGE_JSON] Warning: Module type of file:///home/nayuta/projects/trading-app/frontend/src/components/tradingAccount/accountLayout.test.ts is not specified and it doesn't parse as CommonJS.
Reparsing as ES module because module syntax was detected. This incurs a performance overhead.
To eliminate this warning, add "type": "module" to /home/nayuta/projects/trading-app/frontend/package.json.
(Use `node --trace-warnings ...` to show where the warning was created)
▶ long Korean content is never shortened in the model
  ✔ keeps a very long season name whole (0.473578ms)
  ✔ always produces a status label, including for closed and suspended (0.177041ms)
  ✔ gives the mode caption and the return-rate meaning separate strings (0.167597ms)
  ✔ writes full capability messages rather than clipped hints (0.195983ms)
✔ long Korean content is never shortened in the model (1.518333ms)
▶ the styles long text depends on are present
  ✔ AccountSwitcher: badge on its own non-shrinking track, title wraps (0.85539ms)
  ✔ AccountSwitcher: the start-general row wraps its copy and its error whole (0.191515ms)
  ✔ ModeSelectionScreen: every option wraps; the page scrolls (0.314579ms)
  ✔ OrderPanel: the order content wraps inside its column (0.325759ms)
  ✔ AccountHoldings: complete amounts wrap without truncation (0.255985ms)
  ✔ GeneralAccountHome: amounts wrap through the shared asset row (0.41041ms)
  ✔ SeasonAccountHome: season name, amounts and the rank pair all wrap (0.352293ms)
  ✔ AccountSetupPanel: the only screen a user with nothing sees, scrolls (0.149099ms)
  ✔ error and blocked screens scroll instead of clipping a long message (0.174903ms)
  ✔ CTA buttons wrap a long Korean label instead of cutting it (0.124588ms)
  ✔ capability and integrity notices wrap in the FX screen (0.159009ms)
  ✔ RecordOrderList: the amount moves below a readable asset name on narrow screens (0.276726ms)
  ✔ MyScreen: a long nickname or email wraps (0.087975ms)
  ✔ inline section notices wrap their full sentence (0.040499ms)
✔ the styles long text depends on are present (4.069076ms)
▶ fail-closed copy is complete, plain, and never claims absence
  ✔ the integrity message names the failed sections and denies "0" (0.074147ms)
  ✔ the integrity message never reads as an empty state or a 준비 중 notice (0.047763ms)
  ✔ the fail-closed title says the data cannot be shown, not that it is empty (0.044511ms)
  ✔ account-list failure and a missing season account read differently (0.039398ms)
  ✔ every fail-closed string is a full sentence a user can report (0.109215ms)
✔ fail-closed copy is complete, plain, and never claims absence (0.429214ms)
▶ an account switch cannot leave the previous account on screen
  ✔ WalletFxScreen gates every FX callback on the request scope (0.249875ms)
✔ an account switch cannot leave the previous account on screen (0.310185ms)
(node:867747) [MODULE_TYPELESS_PACKAGE_JSON] Warning: Module type of file:///home/nayuta/projects/trading-app/frontend/src/components/tradingAccount/seasonEntryContract.test.ts is not specified and it doesn't parse as CommonJS.
Reparsing as ES module because module syntax was detected. This incurs a performance overhead.
To eliminate this warning, add "type": "module" to /home/nayuta/projects/trading-app/frontend/package.json.
(Use `node --trace-warnings ...` to show where the warning was created)
▶ AccountSwitcher season entry wiring
  ✔ uses the shared read-only season query and eligibility model without gating account selection on it (0.578017ms)
  ✔ offers navigation only for an available season, closes the sheet first, and retains general start (0.166453ms)
  ✔ scrolls the title and all rows within the viewport and gives the offer full-width wrapping text (0.235222ms)
✔ AccountSwitcher season entry wiring (2.233221ms)
▶ SeasonJoinScreen actions
  ✔ keeps explicit active-season joining and the no-account general entrance, with no browse shortcut (0.189397ms)
  ✔ preserves home actions for missing, upcoming, ended, settled, and joined seasons (0.271433ms)
  ✔ retains refetch, real season-account selection, and home navigation after joining or already-joined (0.197115ms)
✔ SeasonJoinScreen actions (0.807617ms)
(node:867755) [MODULE_TYPELESS_PACKAGE_JSON] Warning: Module type of file:///home/nayuta/projects/trading-app/frontend/src/constants/env.test.ts is not specified and it doesn't parse as CommonJS.
Reparsing as ES module because module syntax was detected. This incurs a performance overhead.
To eliminate this warning, add "type": "module" to /home/nayuta/projects/trading-app/frontend/package.json.
(Use `node --trace-warnings ...` to show where the warning was created)
✔ public boolean flag: only explicit true/1 enables (0.371404ms)
✔ public boolean flag: false, 0, undefined and junk are all off (0.150307ms)
✔ env.ts reads every EXPO_PUBLIC var with static dot notation (0.17432ms)
✔ env.ts contains no dynamic process.env key access (0.118818ms)
✔ limit orders do not depend on a build-time opt-in (0.054528ms)
(node:867762) [MODULE_TYPELESS_PACKAGE_JSON] Warning: Module type of file:///home/nayuta/projects/trading-app/frontend/src/constants/queryKeys.test.ts is not specified and it doesn't parse as CommonJS.
Reparsing as ES module because module syntax was detected. This incurs a performance overhead.
To eliminate this warning, add "type": "module" to /home/nayuta/projects/trading-app/frontend/package.json.
(Use `node --trace-warnings ...` to show where the warning was created)
▶ account-scoped query keys keep accounts apart
  ✔ separates the SAME portfolio range across two accounts (0.782026ms)
  ✔ separates the SAME asset filter across two accounts (0.1954ms)
  ✔ separates the SAME orderId across two accounts (0.085879ms)
  ✔ carries the accountId in EVERY financial key (0.18548ms)
  ✔ never keys on mode alone — two season accounts must not share a cache entry (0.133885ms)
✔ account-scoped query keys keep accounts apart (1.930352ms)
▶ invalidation prefixes cannot cross accounts
  ✔ account A's portfolio prefix does not match account B's entries (0.162577ms)
  ✔ an order mutation on A refreshes A orders/wallets/positions/portfolio only (0.212045ms)
  ✔ separates the owned-account LIST across two users (0.138025ms)
  ✔ separates the SAME leaderboard request across two seasons (0.13434ms)
  ✔ the account-wide prefix still clears everything at logout (0.206062ms)
✔ invalidation prefixes cannot cross accounts (1.086589ms)
▶ normalizeFilterKey
  ✔ treats undefined, null, empty string and omission as the same query (0.216206ms)
  ✔ is independent of object key order (0.115048ms)
  ✔ still distinguishes genuinely different filters (0.176363ms)
  ✔ gives equal filters on different accounts DIFFERENT full keys (0.131894ms)
✔ normalizeFilterKey (0.786928ms)
(node:867770) [MODULE_TYPELESS_PACKAGE_JSON] Warning: Module type of file:///home/nayuta/projects/trading-app/frontend/src/constants/queryUsage.test.ts is not specified and it doesn't parse as CommonJS.
Reparsing as ES module because module syntax was detected. This incurs a performance overhead.
To eliminate this warning, add "type": "module" to /home/nayuta/projects/trading-app/frontend/package.json.
(Use `node --trace-warnings ...` to show where the warning was created)
✔ no production key factory is shared by normal and infinite query hooks (204.26533ms)
ℹ Audited 61 useQuery + 8 useInfiniteQuery across 35 key factories
▶ mixed-shape resource keys
  ✔ separates shapes with identical filters while retaining season/account identity (0.534819ms)
  ✔ existing mutation prefixes invalidate both shapes and only the intended account (2.608923ms)
✔ mixed-shape resource keys (3.367083ms)
(node:867781) [MODULE_TYPELESS_PACKAGE_JSON] Warning: Module type of file:///home/nayuta/projects/trading-app/frontend/src/features/asset/AssetOrderBookCard.test.ts is not specified and it doesn't parse as CommonJS.
Reparsing as ES module because module syntax was detected. This incurs a performance overhead.
To eliminate this warning, add "type": "module" to /home/nayuta/projects/trading-app/frontend/package.json.
(Use `node --trace-warnings ...` to show where the warning was created)
react-test-renderer is deprecated. See https://react.dev/warnings/react-test-renderer
react-test-renderer is deprecated. See https://react.dev/warnings/react-test-renderer
react-test-renderer is deprecated. See https://react.dev/warnings/react-test-renderer
react-test-renderer is deprecated. See https://react.dev/warnings/react-test-renderer
react-test-renderer is deprecated. See https://react.dev/warnings/react-test-renderer
react-test-renderer is deprecated. See https://react.dev/warnings/react-test-renderer
react-test-renderer is deprecated. See https://react.dev/warnings/react-test-renderer
▶ order book card rendering
  ✔ shows live delay/reconnect status while retaining the full common book (96.775718ms)
  ✔ shows 10 asks descending then 10 bids descending, with exact paired quantities (30.080522ms)
  ✔ shows empty and partial sides, zero quantity, missing totals and capture time honestly (22.38033ms)
  ✔ preserves all long digits and offers horizontal scrolling on a small screen with large fonts (21.531072ms)
  ✔ renders decimal crypto levels and updates all units when switching KR → BTC → ETH → KR (24.793599ms)
  ✔ renders partial and empty crypto sides and fractional exchange totals without rounding (17.295786ms)
✔ order book card rendering (213.592169ms)
▶ order side colors in the shared card
  ✔ uses the same red asks and green bids as the trading ladder (15.467406ms)
✔ order side colors in the shared card (15.866572ms)
(node:867795) [MODULE_TYPELESS_PACKAGE_JSON] Warning: Module type of file:///home/nayuta/projects/trading-app/frontend/src/features/asset/AssetOrderLadder.test.ts is not specified and it doesn't parse as CommonJS.
Reparsing as ES module because module syntax was detected. This incurs a performance overhead.
To eliminate this warning, add "type": "module" to /home/nayuta/projects/trading-app/frontend/package.json.
(Use `node --trace-warnings ...` to show where the warning was created)
react-test-renderer is deprecated. See https://react.dev/warnings/react-test-renderer
react-test-renderer is deprecated. See https://react.dev/warnings/react-test-renderer
▶ compact trading depth presentation
  ✔ keeps exact 10+10 levels around the canonical price at font scale 1 (90.340564ms)
react-test-renderer is deprecated. See https://react.dev/warnings/react-test-renderer
  ✔ keeps exact 10+10 levels around the canonical price at font scale 1.5 (34.050146ms)
react-test-renderer is deprecated. See https://react.dev/warnings/react-test-renderer
  ✔ keeps exact 10+10 levels around the canonical price at font scale 2 (20.721591ms)
react-test-renderer is deprecated. See https://react.dev/warnings/react-test-renderer
  ✔ shows status and current price without inventing depth during loading (18.094425ms)
✔ compact trading depth presentation (163.965341ms)
▶ order side colors in the trading ladder
  ✔ uses red asks and green bids without changing the best levels (18.732295ms)
✔ order side colors in the trading ladder (18.912704ms)
(node:867806) [MODULE_TYPELESS_PACKAGE_JSON] Warning: Module type of file:///home/nayuta/projects/trading-app/frontend/src/features/asset/assetDetailDisplay.test.ts is not specified and it doesn't parse as CommonJS.
Reparsing as ES module because module syntax was detected. This incurs a performance overhead.
To eliminate this warning, add "type": "module" to /home/nayuta/projects/trading-app/frontend/package.json.
(Use `node --trace-warnings ...` to show where the warning was created)
▶ AssetDetailScreen display contract
  ✔ hides market and internal price metadata and shows settlement currency in the pair (0.582475ms)
  ✔ does not render the asset trading note (0.11021ms)
  ✔ localizes only the domestic market badge (0.084184ms)
✔ AssetDetailScreen display contract (1.268701ms)
(node:867813) [MODULE_TYPELESS_PACKAGE_JSON] Warning: Module type of file:///home/nayuta/projects/trading-app/frontend/src/features/asset/assetOrderBookPolicy.test.ts is not specified and it doesn't parse as CommonJS.
Reparsing as ES module because module syntax was detected. This incurs a performance overhead.
To eliminate this warning, add "type": "module" to /home/nayuta/projects/trading-app/frontend/package.json.
(Use `node --trace-warnings ...` to show where the warning was created)
▶ live order book contract
  ✔ accepts BTC 10+10 neutral snapshots without rounding or provider fields (1.294303ms)
  ✔ accepts ETH 10+10 neutral snapshots without rounding or provider fields (0.299311ms)
  ✔ accepts XRP 10+10 neutral snapshots without rounding or provider fields (0.325611ms)
  ✔ accepts PEPE 10+10 neutral snapshots without rounding or provider fields (0.269738ms)
  ✔ accepts 币安人生 10+10 neutral snapshots without rounding or provider fields (0.240611ms)
  ✔ accepts empty and partial snapshots with zero levels, without synthesizing data (0.550361ms)
  ✔ rejects malformed snapshots in their entirety and isolates assets (0.328607ms)
  ✔ turns stale strictly after five seconds in the client clock domain (0.275975ms)
  ✔ ignores server/client clock skew in either direction for freshness (0.160874ms)
  ✔ uses asset metadata only to enable crypto; backend remains the supported-universe authority (0.464049ms)
✔ live order book contract (5.008164ms)
(node:867821) [MODULE_TYPELESS_PACKAGE_JSON] Warning: Module type of file:///home/nayuta/projects/trading-app/frontend/src/features/asset/assetTickerPolicy.test.ts is not specified and it doesn't parse as CommonJS.
Reparsing as ES module because module syntax was detected. This incurs a performance overhead.
To eliminate this warning, add "type": "module" to /home/nayuta/projects/trading-app/frontend/package.json.
(Use `node --trace-warnings ...` to show where the warning was created)
▶ assetTickerPolicy
  ✔ accepts recovered or invalidated daily returns for the same price snapshot (0.621025ms)
  ✔ reads the event time from capturedAt, then effectiveAt (0.127924ms)
  ✔ accepts the first ticker (0.123509ms)
  ✔ rejects a repeat of the same snapshot id (0.127457ms)
  ✔ rejects an older timestamp and accepts a newer one (0.169926ms)
  ✔ never lets a priced event with no timestamp overwrite a known price (0.093513ms)
  ✔ still applies an unavailable event with no timestamp (0.114265ms)
  ✔ judges staleness from the server freshness age only (0.143593ms)
  ✔ measures ticker age from its own event time (0.200631ms)
  ✔ flips to stale purely by the clock advancing (no new ticker needed) (0.215454ms)
  ✔ uses the SAME threshold as the freshness-age check (no second constant) (0.12804ms)
  ✔ falls back to the server freshness age for timestamp-less tickers (0.0769ms)
  ✔ applyTicker returns the SAME state object when the ticker is rejected (0.071574ms)
✔ assetTickerPolicy (3.454456ms)
▶ stock market state transitions
  ✔ accepts close with the same snapshot and an older price time, without stale styling (0.997523ms)
  ✔ rejects a delayed open event and legacy live events after close (0.117399ms)
  ✔ clears live price for an unavailable closed snapshot and cannot resurrect it (0.090442ms)
  ✔ reopens using a server snapshot without REST polling (0.143806ms)
  ✔ keeps crypto and an independently open US stock eligible (0.098532ms)
✔ stock market state transitions (1.684299ms)
(node:867829) [MODULE_TYPELESS_PACKAGE_JSON] Warning: Module type of file:///home/nayuta/projects/trading-app/frontend/src/features/asset/candleErrors.test.ts is not specified and it doesn't parse as CommonJS.
Reparsing as ES module because module syntax was detected. This incurs a performance overhead.
To eliminate this warning, add "type": "module" to /home/nayuta/projects/trading-app/frontend/package.json.
(Use `node --trace-warnings ...` to show where the warning was created)
▶ candle baseline-not-ready classification
  ✔ recognizes the backend baseline code (0.866232ms)
  ✔ leaves every other candle failure on the generic error path (0.165828ms)
  ✔ is safe with network errors and junk (0.102185ms)
✔ candle baseline-not-ready classification (1.644531ms)
▶ describeCandleError (what the chart area says)
  ✔ keeps the preparing state for a baseline error (0.177189ms)
  ✔ shows a real failure with safe public copy (0.165468ms)
  ✔ hides HTTP status and raw network exception text (0.103317ms)
✔ describeCandleError (what the chart area says) (0.556513ms)
▶ asset detail screen wiring
  ✔ shows the preparing state for a baseline error and keeps the retry button (0.366354ms)
  ✔ keeps the timeframe selector driving the request windows (0.116669ms)
✔ asset detail screen wiring (0.682457ms)
(node:867836) [MODULE_TYPELESS_PACKAGE_JSON] Warning: Module type of file:///home/nayuta/projects/trading-app/frontend/src/features/asset/chartTimeframes.test.ts is not specified and it doesn't parse as CommonJS.
Reparsing as ES module because module syntax was detected. This incurs a performance overhead.
To eliminate this warning, add "type": "module" to /home/nayuta/projects/trading-app/frontend/package.json.
(Use `node --trace-warnings ...` to show where the warning was created)
✔ 1m tab is not offered (0.538228ms)
✔ expected tab order and count (0.323123ms)
✔ range and limit policy matches the backend candle windows (0.143826ms)
✔ default timeframe is 5m (0.086917ms)
✔ limits cover the worst-case candle count without exceeding Binance cap (0.137897ms)
✔ 5m request is not capped near the old 100 limit (0.129554ms)
✔ daily and weekly limits are fixed for 1y chart requests (0.145701ms)
✔ 30m and 1h show the last 14 days at the crypto upper-bound limit (0.111575ms)
✔ 15m shows the last 3 days from the request clock (0.541246ms)
✔ 4h shows the last 30 days (0.102968ms)
✔ aggregated tabs stay inside the 35-day 5m retention window (0.068769ms)
✔ each timeframe gets its own candle query key (14d never collides) (0.133154ms)
(node:867844) [MODULE_TYPELESS_PACKAGE_JSON] Warning: Module type of file:///home/nayuta/projects/trading-app/frontend/src/features/asset/displayPricePolicy.test.ts is not specified and it doesn't parse as CommonJS.
Reparsing as ES module because module syntax was detected. This incurs a performance overhead.
To eliminate this warning, add "type": "module" to /home/nayuta/projects/trading-app/frontend/package.json.
(Use `node --trace-warnings ...` to show where the warning was created)
▶ selectDisplayPrice — realtime basis
  ✔ takes the whole set from the ticker (0.549832ms)
  ✔ shows the ticker source, never the REST snapshot source (0.074973ms)
  ✔ never fills a ticker-unavailable KRW from the REST snapshot (0.06304ms)
  ✔ keeps the ticker FX source alongside the ticker KRW value (0.107712ms)
  ✔ falls back to asset decimals when the ticker declares none (0.150455ms)
  ✔ never fills a missing ticker change rate from the REST snapshot (0.192393ms)
  ✔ reports a coherent set: every field comes from the same moment (0.114064ms)
✔ selectDisplayPrice — realtime basis (1.851091ms)
▶ selectDisplayPrice — REST basis
  ✔ uses the REST pair only when there is no ticker (0.227376ms)
  ✔ reports REST KRW unavailability with its reason (0.212225ms)
  ✔ reports the empty basis when neither side has a price (0.263745ms)
✔ selectDisplayPrice — REST basis (0.949845ms)
▶ detail completed-session display
  ✔ uses the completed snapshot as one basis without labeling it realtime (0.129025ms)
  ✔ keeps a closed unavailable snapshot empty instead of reviving REST (0.143954ms)
✔ detail completed-session display (0.335384ms)
(node:867852) [MODULE_TYPELESS_PACKAGE_JSON] Warning: Module type of file:///home/nayuta/projects/trading-app/frontend/src/features/asset/liveCandle.test.ts is not specified and it doesn't parse as CommonJS.
Reparsing as ES module because module syntax was detected. This incurs a performance overhead.
To eliminate this warning, add "type": "module" to /home/nayuta/projects/trading-app/frontend/package.json.
(Use `node --trace-warnings ...` to show where the warning was created)
▶ live candle chart reducer
  ✔ replaces the same bucket, appends a new bucket, sorts, and enforces limit (1.135716ms)
  ✔ rejects malformed, mismatched, and inconsistent OHLC messages (0.262189ms)
  ✔ does not merge 1d/1w or a prior interval snapshot (0.108633ms)
✔ live candle chart reducer (2.082533ms)
(node:867866) [MODULE_TYPELESS_PACKAGE_JSON] Warning: Module type of file:///home/nayuta/projects/trading-app/frontend/src/features/asset/orderBook.test.ts is not specified and it doesn't parse as CommonJS.
Reparsing as ES module because module syntax was detected. This incurs a performance overhead.
To eliminate this warning, add "type": "module" to /home/nayuta/projects/trading-app/frontend/package.json.
(Use `node --trace-warnings ...` to show where the warning was created)
▶ provider-independent order book normalization
  ✔ sorts both sides best first, caps at ten, and preserves the input (2.461128ms)
  ✔ retains exact prices beyond Number precision and keeps quantities paired (0.123286ms)
  ✔ drops invalid and absent price levels without inventing data; zero shares remain (0.0978ms)
  ✔ does not replace exchange totals or timestamps with visible-depth sums or the clock (0.13542ms)
  ✔ createOrderBookFixture supplies ten distinct prices and quantities per side (0.229102ms)
  ✔ createLongOrderBookFixture supplies ten distinct prices and quantities per side (0.226ms)
  ✔ preserves fractional quantities and totals exactly, including tiny and large values (0.365295ms)
  ✔ sorts very small decimal prices, caps depth, and keeps their quantities paired (0.268542ms)
  ✔ rejects non-contract decimals: "" (0.227842ms)
  ✔ rejects non-contract decimals: " " (0.272936ms)
  ✔ rejects non-contract decimals: "-0.001" (0.084777ms)
  ✔ rejects non-contract decimals: "1e-8" (0.087265ms)
  ✔ rejects non-contract decimals: "NaN" (0.056572ms)
  ✔ rejects non-contract decimals: "Infinity" (0.026227ms)
  ✔ rejects non-contract decimals: "1,250" (0.0859ms)
  ✔ rejects non-contract decimals: ".1" (0.070177ms)
  ✔ rejects non-contract decimals: "1." (0.076636ms)
  ✔ rejects non-contract decimals: "1.2.3" (0.110824ms)
  ✔ rejects non-contract decimals: 1 (0.049424ms)
  ✔ crypto fixture (long=false) has 20 distinct prices and quantities without inventing totals (0.145383ms)
  ✔ crypto fixture (long=true) has 20 distinct prices and quantities without inventing totals (0.088442ms)
✔ provider-independent order book normalization (6.101921ms)
▶ exact order book decimal display
  ✔ formats 0.00125000 without rounding or Number conversion (0.178766ms)
  ✔ formats 12.345678 without rounding or Number conversion (0.056179ms)
  ✔ formats 68420.10 without rounding or Number conversion (0.017894ms)
  ✔ formats 0.000000000000000001 without rounding or Number conversion (0.057853ms)
  ✔ formats 12345678901234567890.123456789012345678 without rounding or Number conversion (0.072761ms)
  ✔ formats 0001234.000 without rounding or Number conversion (0.086959ms)
  ✔ formats 0.00000 without rounding or Number conversion (0.034157ms)
  ✔ formats 70100 without rounding or Number conversion (0.066407ms)
✔ exact order book decimal display (0.719853ms)
▶ Order screen live book isolation
  ✔ keeps order inputs independent of 호가 정보를 현재 수신할 수 없습니다. (228.40615ms)
  ✔ keeps order inputs independent of 호가 정보가 지연되고 있습니다. (94.304195ms)
  ✔ keeps order inputs independent of 호가 연결을 복구하는 중입니다. (85.119477ms)
  ✔ passes real crypto depth and canonical current price to the compact ladder, with no candles on the main screen (84.576717ms)
  ✔ never renders a domestic fixture (dev=true, preview=true, long=true) (109.247127ms)
  ✔ never renders a domestic fixture (dev=false, preview=true, long=true) (61.983251ms)
  ✔ hides a previous asset book before a new snapshot arrives (63.564859ms)
  ✔ keeps standalone preview helpers available for lessons, never as trading data (65.918792ms)
✔ Order screen live book isolation (793.509124ms)
(node:867889) [MODULE_TYPELESS_PACKAGE_JSON] Warning: Module type of file:///home/nayuta/projects/trading-app/frontend/src/features/asset/tradingUiDisplay.test.ts is not specified and it doesn't parse as CommonJS.
Reparsing as ES module because module syntax was detected. This incurs a performance overhead.
To eliminate this warning, add "type": "module" to /home/nayuta/projects/trading-app/frontend/package.json.
(Use `node --trace-warnings ...` to show where the warning was created)
▶ Order screen information and trading controls
  ✔ renders domestic_stock REST change rate null as - (299.931081ms)
  ✔ renders domestic_stock REST change rate undefined as - (98.237766ms)
  ✔ renders domestic_stock REST change rate  as - (79.093102ms)
  ✔ renders domestic_stock REST change rate NaN as - (88.662279ms)
  ✔ renders domestic_stock REST change rate 1.23000000 as +1.23% (64.263038ms)
  ✔ renders domestic_stock REST change rate -0.46000000 as -0.46% (70.930725ms)
  ✔ renders domestic_stock REST change rate 0.00000000 as 0% (77.621323ms)
  ✔ renders crypto REST change rate null as - (60.019643ms)
  ✔ renders crypto REST change rate undefined as - (69.815041ms)
  ✔ renders crypto REST change rate  as - (75.050115ms)
  ✔ renders crypto REST change rate NaN as - (66.983062ms)
  ✔ renders crypto REST change rate 1.23000000 as +1.23% (58.815591ms)
  ✔ renders crypto REST change rate -0.46000000 as -0.46% (68.149345ms)
  ✔ renders crypto REST change rate 0.00000000 as 0% (50.740269ms)
  ✔ renders ticker change rate null without borrowing the REST return (61.718699ms)
  ✔ renders ticker change rate undefined without borrowing the REST return (61.84203ms)
  ✔ renders ticker change rate -0.46000000 without borrowing the REST return (59.267495ms)
  ✔ keeps closed status and tradability while hiding duplicate market copy and KRW conversion (59.302574ms)
  ✔ also hides the closed-status fallback with an older payload missing the reason (52.514947ms)
  ✔ preserves ASSET_INACTIVE warnings while the Korean market is closed (59.994834ms)
  ✔ preserves PRICE_UNAVAILABLE warnings while the Korean market is closed (65.82635ms)
  ✔ preserves PRICE_STALE warnings while the Korean market is closed (53.496544ms)
  ✔ preserves PROVIDER_UNAVAILABLE warnings while the Korean market is closed (61.260253ms)
  ✔ shows a technical stale ticker warning to admin only (62.592123ms)
  ✔ preserves USD asset conversion and unavailable conversion warnings for us_stock (61.983029ms)
  ✔ preserves USD asset conversion and unavailable conversion warnings for crypto (55.048082ms)
  ✔ uses the stock CLOSED market notice for US stock without a duplicate warning (57.569548ms)
  ✔ switches sides within Order without adding routes (57.826539ms)
✔ Order screen information and trading controls (2060.079988ms)
▶ sell order display without changing gates
  ✔ keeps quote and ratio controls gated on quantity 0 (67.585442ms)
  ✔ keeps quote and ratio controls gated on quantity 2 (55.303579ms)
  ✔ preserves account restrictions even when the position is empty (58.130679ms)
  ✔ preserves holdings errors and ratio blocking for isLoading (64.618688ms)
  ✔ preserves holdings errors and ratio blocking for isError (51.92758ms)
✔ sell order display without changing gates (297.838755ms)
(node:867942) [MODULE_TYPELESS_PACKAGE_JSON] Warning: Module type of file:///home/nayuta/projects/trading-app/frontend/src/features/asset/tradingUx.test.ts is not specified and it doesn't parse as CommonJS.
Reparsing as ES module because module syntax was detected. This incurs a performance overhead.
To eliminate this warning, add "type": "module" to /home/nayuta/projects/trading-app/frontend/package.json.
(Use `node --trace-warnings ...` to show where the warning was created)
▶ asset market state is separate from selected-account permission
  ✔ does not warn for a healthy asset (0.557943ms)
  ✔ ignores cached SEASON_NOT_ACTIVE in asset UX without granting account permission (0.138056ms)
  ✔ ignores cached SEASON_NOT_JOINED in asset UX without granting account permission (0.626267ms)
  ✔ ignores cached PARTICIPANT_EXCLUDED in asset UX without granting account permission (0.06447ms)
  ✔ ignores cached PARTICIPANT_NOT_ACTIVE in asset UX without granting account permission (0.044364ms)
  ✔ ignores cached TRADING_ACCOUNT_NOT_ACTIVE in asset UX without granting account permission (0.11939ms)
  ✔ preserves the actual asset restriction ASSET_INACTIVE (0.129618ms)
  ✔ preserves the actual asset restriction MARKET_CLOSED (0.081643ms)
  ✔ preserves the actual asset restriction PRICE_UNAVAILABLE (0.091098ms)
  ✔ preserves the actual asset restriction PRICE_STALE (0.092761ms)
  ✔ preserves the actual asset restriction UNKNOWN (0.073427ms)
  ✔ preserves the actual asset restriction PROVIDER_UNAVAILABLE (0.09274ms)
  ✔ keeps an unexplained asset restriction visible (0.059441ms)
✔ asset market state is separate from selected-account permission (2.912481ms)
(node:867949) [MODULE_TYPELESS_PACKAGE_JSON] Warning: Module type of file:///home/nayuta/projects/trading-app/frontend/src/features/asset/useAssetCandle.test.ts is not specified and it doesn't parse as CommonJS.
Reparsing as ES module because module syntax was detected. This incurs a performance overhead.
To eliminate this warning, add "type": "module" to /home/nayuta/projects/trading-app/frontend/package.json.
(Use `node --trace-warnings ...` to show where the warning was created)
react-test-renderer is deprecated. See https://react.dev/warnings/react-test-renderer
An update to Probe inside a test was not wrapped in act(...).

When testing, code that causes React state updates should be wrapped into act(...):

act(() => {
  /* fire events that update state */
});
/* assert on the output */

This ensures that you're testing the behavior the user would see in the browser. Learn more at https://react.dev/link/wrap-tests-with-act
An update to Probe inside a test was not wrapped in act(...).

When testing, code that causes React state updates should be wrapped into act(...):

act(() => {
  /* fire events that update state */
});
/* assert on the output */

This ensures that you're testing the behavior the user would see in the browser. Learn more at https://react.dev/link/wrap-tests-with-act
react-test-renderer is deprecated. See https://react.dev/warnings/react-test-renderer
▶ candle direct stale/resync runtime
  ✔ keeps valid receipt/source times and does not extend stale timers for diagnostic notifications (108.928525ms)
react-test-renderer is deprecated. See https://react.dev/warnings/react-test-renderer
  ✔ records candle_stale safe control cause and clears stale on valid snapshot (34.217011ms)
react-test-renderer is deprecated. See https://react.dev/warnings/react-test-renderer
  ✔ records subscription_error safe control cause and clears stale on valid snapshot (29.169862ms)
react-test-renderer is deprecated. See https://react.dev/warnings/react-test-renderer
  ✔ records resync_required safe control cause and clears stale on valid snapshot (18.919267ms)
react-test-renderer is deprecated. See https://react.dev/warnings/react-test-renderer
  ✔ distinguishes disconnect, reconnect, restored HTTP resync and auth failure (19.00664ms)
  ✔ keeps delayed freshness based on local receipt and 1d/1w HTTP-only (20.644543ms)
✔ candle direct stale/resync runtime (231.871036ms)
(node:867960) [MODULE_TYPELESS_PACKAGE_JSON] Warning: Module type of file:///home/nayuta/projects/trading-app/frontend/src/features/asset/useAssetOrderBook.test.ts is not specified and it doesn't parse as CommonJS.
Reparsing as ES module because module syntax was detected. This incurs a performance overhead.
To eliminate this warning, add "type": "module" to /home/nayuta/projects/trading-app/frontend/package.json.
(Use `node --trace-warnings ...` to show where the warning was created)
react-test-renderer is deprecated. See https://react.dev/warnings/react-test-renderer
react-test-renderer is deprecated. See https://react.dev/warnings/react-test-renderer
react-test-renderer is deprecated. See https://react.dev/warnings/react-test-renderer
react-test-renderer is deprecated. See https://react.dev/warnings/react-test-renderer
react-test-renderer is deprecated. See https://react.dev/warnings/react-test-renderer
react-test-renderer is deprecated. See https://react.dev/warnings/react-test-renderer
react-test-renderer is deprecated. See https://react.dev/warnings/react-test-renderer
react-test-renderer is deprecated. See https://react.dev/warnings/react-test-renderer
react-test-renderer is deprecated. See https://react.dev/warnings/react-test-renderer
react-test-renderer is deprecated. See https://react.dev/warnings/react-test-renderer
react-test-renderer is deprecated. See https://react.dev/warnings/react-test-renderer
react-test-renderer is deprecated. See https://react.dev/warnings/react-test-renderer
react-test-renderer is deprecated. See https://react.dev/warnings/react-test-renderer
react-test-renderer is deprecated. See https://react.dev/warnings/react-test-renderer
react-test-renderer is deprecated. See https://react.dev/warnings/react-test-renderer
react-test-renderer is deprecated. See https://react.dev/warnings/react-test-renderer
▶ useAssetOrderBook shared subscription and states
  ✔ loads, accepts 10+10 exact levels and releases only its own subscription (101.918582ms)
  ✔ starts the ten-second wait only on its ACK, ignores duplicate ACKs and invalid frames, then recovers (31.697238ms)
  ✔ cancels the first wait after a normal one-second delivery, including valid empty books (29.366492ms)
  ✔ uses local receipt freshness while preserving server ordering (capturedAt=1000) (21.683898ms)
  ✔ uses local receipt freshness while preserving server ordering (capturedAt=300000) (21.570363ms)
  ✔ cancels an empty-book wait during reconnect and starts a new window only on the restored ACK (19.264032ms)
  ✔ retains a received book across reconnect and shows stale rather than a new first-snapshot timeout (15.341441ms)
  ✔ isolates ACK deadlines on asset/URL changes, stops on blur/unmount and ignores released callbacks (19.69278ms)
  ✔ rechecks the ACK deadline on foreground return without waking the background app (14.357926ms)
  ✔ cancels the timeout for subscription/auth errors at 9000ms and preserves error priority (13.620243ms)
  ✔ cancels the timeout for subscription/auth errors at 10000ms and preserves error priority (14.353785ms)
  ✔ advances stale with the clock, rechecks foreground and clears it only on a valid fresh frame (14.472636ms)
  ✔ keeps the last book during reconnect and restores normal state after a fresh frame (17.956876ms)
  ✔ isolates assets synchronously on change, ignores old callbacks and releases on blur (16.843044ms)
  ✔ displays subscription/auth errors, ignores errors for other assets and accepts empty/partial books (12.882401ms)
✔ useAssetOrderBook shared subscription and states (366.842802ms)
▶ order book runtime distinguishes ACK and data receipt
  ✔ separates awaiting ACK, ACK-only timeout, accepted receipt, rejected receipt and stale (13.10444ms)
✔ order book runtime distinguishes ACK and data receipt (13.200716ms)
(node:867978) [MODULE_TYPELESS_PACKAGE_JSON] Warning: Module type of file:///home/nayuta/projects/trading-app/frontend/src/features/asset/useAssetTicker.test.ts is not specified and it doesn't parse as CommonJS.
Reparsing as ES module because module syntax was detected. This incurs a performance overhead.
To eliminate this warning, add "type": "module" to /home/nayuta/projects/trading-app/frontend/package.json.
(Use `node --trace-warnings ...` to show where the warning was created)
react-test-renderer is deprecated. See https://react.dev/warnings/react-test-renderer
react-test-renderer is deprecated. See https://react.dev/warnings/react-test-renderer
▶ ticker observed runtime
  ✔ separates actual socket state, ACK, freshness, policy rejection and last good receipt (101.43177ms)
  ✔ accepts server-unavailable and closed-market observations with the existing policy (36.43796ms)
✔ ticker observed runtime (138.67109ms)
(node:867992) [MODULE_TYPELESS_PACKAGE_JSON] Warning: Module type of file:///home/nayuta/projects/trading-app/frontend/src/features/auth/adminDiagnostics.test.ts is not specified and it doesn't parse as CommonJS.
Reparsing as ES module because module syntax was detected. This incurs a performance overhead.
To eliminate this warning, add "type": "module" to /home/nayuta/projects/trading-app/frontend/package.json.
(Use `node --trace-warnings ...` to show where the warning was created)
▶ admin inline diagnostics visibility
  ✔ shows only an admin diagnostic attached to an error (0.416213ms)
  ✔ extracts a valid diagnostic from the server error envelope (1.28904ms)
  ✔ rejects malformed or absent diagnostic objects (0.149809ms)
  ✔ keeps the inline panel collapsed, bounded on narrow layouts, and attached to error surfaces (0.522081ms)
✔ admin inline diagnostics visibility (2.909452ms)
(node:868000) [MODULE_TYPELESS_PACKAGE_JSON] Warning: Module type of file:///home/nayuta/projects/trading-app/frontend/src/features/auth/authLifecycle.test.ts is not specified and it doesn't parse as CommonJS.
Reparsing as ES module because module syntax was detected. This incurs a performance overhead.
To eliminate this warning, add "type": "module" to /home/nayuta/projects/trading-app/frontend/package.json.
(Use `node --trace-warnings ...` to show where the warning was created)
Session storage operation failed: install tokens. Persistence is not confirmed.
Session storage operation failed: install tokens. Persistence is not confirmed.
Session storage operation failed: read refresh token for logout. Persistence is not confirmed.
Session storage operation failed: remove tokens. Persistence is not confirmed.
▶ real login/signup screens and logout hook
  ✔ Login persists before me/account activation and enters mode selection (251.447147ms)
  ✔ Login save failure does not activate account queries or navigate (102.522381ms)
  ✔ Signup persists before me/account activation and enters mode selection (89.078248ms)
  ✔ Signup save failure does not activate account queries or navigate (70.228575ms)
  ✔ late login HTTP success cannot replace a newer completed login (83.446526ms)
  ✔ entry navigation cannot run after its delayed account read belongs to an old session (47.518239ms)
  ✔ useLogout handles failed token read and duplicate taps with one reset (16.663459ms)
✔ real login/signup screens and logout hook (661.644378ms)
▶ AppProviders expiry bridge with real session teardown
  ✔ pending storage cleanup cannot lose expiry or reset a new login (replace=false) (20.815943ms)
  ✔ pending storage cleanup cannot lose expiry or reset a new login (replace=true) (20.066587ms)
✔ AppProviders expiry bridge with real session teardown (41.070881ms)
✔ Splash restore cannot seed identity or navigate after B has logged in (70.975803ms)
▶ explicit authentication supersedes cold-start restoring requests
  ✔ Login survives old restoring /me 401 while auth HTTP is pending (59.763479ms)
  ✔ Login survives old restoring /me 200 while auth HTTP is pending (51.854205ms)
  ✔ Login HTTP failure never activates old restoring credentials (56.880704ms)
  ✔ Signup survives old restoring /me 401 while auth HTTP is pending (57.972306ms)
  ✔ Signup survives old restoring /me 200 while auth HTTP is pending (58.616021ms)
  ✔ Signup HTTP failure never activates old restoring credentials (60.985187ms)
✔ explicit authentication supersedes cold-start restoring requests (346.287495ms)
(node:868030) [MODULE_TYPELESS_PACKAGE_JSON] Warning: Module type of file:///home/nayuta/projects/trading-app/frontend/src/features/auth/entry.test.ts is not specified and it doesn't parse as CommonJS.
Reparsing as ES module because module syntax was detected. This incurs a performance overhead.
To eliminate this warning, add "type": "module" to /home/nayuta/projects/trading-app/frontend/package.json.
(Use `node --trace-warnings ...` to show where the warning was created)
▶ resolveAuthedEntryRoute — new login
  ✔ asks the mode question even when the user owns only a season account (0.451626ms)
  ✔ asks the mode question when the user owns only a general account (0.062773ms)
  ✔ asks the mode question when the user owns both kinds of account (0.042785ms)
  ✔ asks the mode question when the user owns nothing — the screen offers both starts (0.084144ms)
  ✔ is NOT skipped by a stored selection: a new login re-asks (0.126391ms)
  ✔ treats a missing list as "owns nothing" rather than throwing (0.086329ms)
✔ resolveAuthedEntryRoute — new login (1.394653ms)
▶ resolveAuthedEntryRoute — session restore
  ✔ keeps the stored account when it is still owned (0.156039ms)
  ✔ re-asks when nothing was stored — never "active season by default" (0.293897ms)
  ✔ re-asks when the stored account is no longer owned (0.127119ms)
  ✔ re-asks when the user owns nothing any more (0.177158ms)
✔ resolveAuthedEntryRoute — session restore (0.966721ms)
▶ loadEntryRoute
  ✔ reads the account list under the CURRENT USER key (0.652584ms)
  ✔ does not even READ the stored selection on a new login (0.12713ms)
  ✔ restores the stored account on a session restore (0.141827ms)
  ✔ sends a restore with a dropped selection to mode selection (0.140054ms)
  ✔ propagates a failure instead of reporting "no accounts" (0.408007ms)
✔ loadEntryRoute (1.635154ms)
(node:868038) [MODULE_TYPELESS_PACKAGE_JSON] Warning: Module type of file:///home/nayuta/projects/trading-app/frontend/src/features/auth/session.test.ts is not specified and it doesn't parse as CommonJS.
Reparsing as ES module because module syntax was detected. This incurs a performance overhead.
To eliminate this warning, add "type": "module" to /home/nayuta/projects/trading-app/frontend/package.json.
(Use `node --trace-warnings ...` to show where the warning was created)
▶ session boundary
  ▶ clearSessionCache (logout / expiry)
    ✔ removes EVERY cached entry, legacy financial keys included (0.519341ms)
    ✔ user B's first render cannot read user A's portfolio (0.154793ms)
    ✔ CLEARS rather than invalidates — an invalidated entry is still readable (0.082528ms)
  ✔ clearSessionCache (logout / expiry) (1.064191ms)
  ▶ seedSessionCache (login / signup)
    ✔ clears the previous user's cache BEFORE seeding the new one (0.270319ms)
    ✔ seeds `me` from the login response so the account list can load at once (0.305142ms)
    ✔ refetches the owned-account list for the new user (0.142767ms)
  ✔ seedSessionCache (login / signup) (0.863508ms)
  ▶ runSessionExpiryTeardown (expiry ordering)
    ✔ clears the query cache BEFORE resetting navigation (0.410256ms)
    ✔ clears the cache synchronously, before the first await can yield (5.90689ms)
    ✔ still reaches the login screen when storage teardown fails (0.326872ms)
  ✔ runSessionExpiryTeardown (expiry ordering) (6.83409ms)
✔ session boundary (9.017441ms)
(node:868045) [MODULE_TYPELESS_PACKAGE_JSON] Warning: Module type of file:///home/nayuta/projects/trading-app/frontend/src/features/auth/sessionLifecycle.test.ts is not specified and it doesn't parse as CommonJS.
Reparsing as ES module because module syntax was detected. This incurs a performance overhead.
To eliminate this warning, add "type": "module" to /home/nayuta/projects/trading-app/frontend/package.json.
(Use `node --trace-warnings ...` to show where the warning was created)
Session storage operation failed: read refresh token for logout. Persistence is not confirmed.
Session storage operation failed: remove tokens. Persistence is not confirmed.
Session storage operation failed: remove account selection. Persistence is not confirmed.
Session storage operation failed: remove tokens. Persistence is not confirmed.
Session storage operation failed: install tokens. Persistence is not confirmed.
Session storage operation failed: remove tokens. Persistence is not confirmed.
▶ actual Axios client and session ownership
  ✔ A refresh success after logout/B login cannot write, retry, expire or navigate (111.084354ms)
  ✔ A refresh failure after logout/B login cannot expire B (42.895439ms)
  ✔ late A original 200 cannot reach B cache or refresh (36.49641ms)
  ✔ late A original 401 cannot reach B cache or refresh (28.967227ms)
  ✔ six concurrent 401s refresh once and retry with current rotated credentials (24.131158ms)
  ✔ a late same-session 401 reuses a completed rotation (24.697052ms)
  ✔ B owns a separate refresh; late A completion cannot clear B single-flight (28.017368ms)
  ✔ A→B→A uses a new generation even for the same user id (20.24345ms)
  ✔ logout intent defeats refresh completion while its storage read is pending (27.925188ms)
  ✔ already-started A tokens.set cannot finish after B install (17.37457ms)
  ✔ already-started A tokens.remove cannot finish after B install (16.546425ms)
  ✔ new login discards expiry pending before handler registration (16.072687ms)
  ✔ mutation: removing generation comparison makes stale-success assertions fail (17.166053ms)
✔ actual Axios client and session ownership (412.614882ms)
▶ storage failures at real logout/expiry boundaries
  ✔ getRefreshToken failure cannot block invalidation, cache/storage cleanup or Login (17.519471ms)
  ✔ clearTokens failure completes logout but reports unconfirmed disk removal (16.555062ms)
  ✔ clearSelectedAccountId failure does not prevent Login (16.773241ms)
  ✔ cold-start dead-token burst + removal failure delivers expiry once and keeps selection (23.377959ms)
  ✔ accessToken read failure in a protected request expires once (16.239255ms)
  ✔ refreshToken read failure in a protected request expires once (15.402441ms)
  ✔ partial token save failure in login cannot install an authenticated cache (23.345532ms)
  ✔ partial token save failure in refresh cannot install an authenticated cache (15.08337ms)
  ✔ pending or failing server revoke does not delay local completion (14.541762ms)
  ✔ mutation: removing storage failure protection makes logout assertions fail (14.599613ms)
✔ storage failures at real logout/expiry boundaries (173.791407ms)
▶ ownership across pending native I/O and retry dispatch
  ✔ refresh already inside multiSet cannot overwrite or retry after B installs (12.995482ms)
  ✔ session switch during access-token read #1 blocks old dispatch (13.216184ms)
  ✔ session switch during access-token read #3 blocks old dispatch (22.592069ms)
  ✔ an old per-user selection removal finishes before a new login by that user (13.086246ms)
✔ ownership across pending native I/O and retry dispatch (62.018895ms)
▶ new session recovery after expiry/storage failures
  ✔ a failed cleanup does not poison storage or the next session expiry (12.85774ms)
  ✔ public login errors neither attach old credentials nor refresh/expire them (13.2535ms)
✔ new session recovery after expiry/storage failures (26.223217ms)
(node:868068) [MODULE_TYPELESS_PACKAGE_JSON] Warning: Module type of file:///home/nayuta/projects/trading-app/frontend/src/features/conditional/AttachedEntry.test.ts is not specified and it doesn't parse as CommonJS.
Reparsing as ES module because module syntax was detected. This incurs a performance overhead.
To eliminate this warning, add "type": "module" to /home/nayuta/projects/trading-app/frontend/package.json.
(Use `node --trace-warnings ...` to show where the warning was created)
react-test-renderer is deprecated. See https://react.dev/warnings/react-test-renderer
react-test-renderer is deprecated. See https://react.dev/warnings/react-test-renderer
✔ general BUY Limit attaches legs only to create; quote remains unchanged (376.556047ms)
react-test-renderer is deprecated. See https://react.dev/warnings/react-test-renderer
✔ season BUY Limit attaches legs only to create; quote remains unchanged (180.827232ms)
react-test-renderer is deprecated. See https://react.dev/warnings/react-test-renderer
✔ attached inputs are optional and never shown for Market or Sell (120.513605ms)
react-test-renderer is deprecated. See https://react.dev/warnings/react-test-renderer
✔ disabled Spot attachment blocks before-submit without hiding the editor (131.263183ms)
✔ disabled Spot attachment blocks quote-pending without hiding the editor (138.089078ms)
(node:868095) [MODULE_TYPELESS_PACKAGE_JSON] Warning: Module type of file:///home/nayuta/projects/trading-app/frontend/src/features/conditional/ProtectionPanel.test.ts is not specified and it doesn't parse as CommonJS.
Reparsing as ES module because module syntax was detected. This incurs a performance overhead.
To eliminate this warning, add "type": "module" to /home/nayuta/projects/trading-app/frontend/package.json.
(Use `node --trace-warnings ...` to show where the warning was created)
react-test-renderer is deprecated. See https://react.dev/warnings/react-test-renderer
react-test-renderer is deprecated. See https://react.dev/warnings/react-test-renderer
✔ spot stop_loss market uses scoped API and separates trigger/limit (226.269347ms)
react-test-renderer is deprecated. See https://react.dev/warnings/react-test-renderer
✔ spot stop_loss limit uses scoped API and separates trigger/limit (150.439559ms)
react-test-renderer is deprecated. See https://react.dev/warnings/react-test-renderer
✔ spot take_profit market uses scoped API and separates trigger/limit (118.053396ms)
react-test-renderer is deprecated. See https://react.dev/warnings/react-test-renderer
✔ spot take_profit limit uses scoped API and separates trigger/limit (139.04315ms)
react-test-renderer is deprecated. See https://react.dev/warnings/react-test-renderer
✔ futures stop_loss market uses scoped API and separates trigger/limit (105.856878ms)
react-test-renderer is deprecated. See https://react.dev/warnings/react-test-renderer
✔ futures stop_loss limit uses scoped API and separates trigger/limit (134.640516ms)
react-test-renderer is deprecated. See https://react.dev/warnings/react-test-renderer
✔ futures take_profit market uses scoped API and separates trigger/limit (102.691557ms)
react-test-renderer is deprecated. See https://react.dev/warnings/react-test-renderer
✔ futures take_profit limit uses scoped API and separates trigger/limit (133.184018ms)
react-test-renderer is deprecated. See https://react.dev/warnings/react-test-renderer
✔ OCO pending Limit retains sibling; cancel stays available in DISABLED (79.949193ms)
react-test-renderer is deprecated. See https://react.dev/warnings/react-test-renderer
✔ attached holding shows no pre-fill monitoring (49.869457ms)
react-test-renderer is deprecated. See https://react.dev/warnings/react-test-renderer
✔ spot disabled capability keeps UI and blocks even a retained submit callback (133.17361ms)
react-test-renderer is deprecated. See https://react.dev/warnings/react-test-renderer
✔ futures disabled capability keeps UI and blocks even a retained submit callback (125.553057ms)
react-test-renderer is deprecated. See https://react.dev/warnings/react-test-renderer
✔ disabled capability retains active protection and authorized cancellation (74.424849ms)
react-test-renderer is deprecated. See https://react.dev/warnings/react-test-renderer
✔ pending API data shows loading without mutation controls (73.093646ms)
react-test-renderer is deprecated. See https://react.dev/warnings/react-test-renderer
✔ ambiguous network retry preserves exact command and prevents duplicate clicks (178.843057ms)
react-test-renderer is deprecated. See https://react.dev/warnings/react-test-renderer
✔ account A→B→A suppresses old success and resets editor (175.384692ms)
react-test-renderer is deprecated. See https://react.dev/warnings/react-test-renderer
✔ logout/login suppresses old mutation result and invalidation (157.962533ms)
{"event":"trading_account_response_scope_mismatch","endpoint":"/trading-accounts/A/protections","expectedAccountId":"A","actualAccountId":"B"}
react-test-renderer is deprecated. See https://react.dev/warnings/react-test-renderer
✔ wrong account response is rejected; refresh error never shows old protection (72.048335ms)
react-test-renderer is deprecated. See https://react.dev/warnings/react-test-renderer
✔ invalid prices make no mutation (97.63143ms)
✔ flat position retains historical protection reads after feature disable (68.365437ms)
(node:868155) [MODULE_TYPELESS_PACKAGE_JSON] Warning: Module type of file:///home/nayuta/projects/trading-app/frontend/src/features/friends/friends.test.ts is not specified and it doesn't parse as CommonJS.
Reparsing as ES module because module syntax was detected. This incurs a performance overhead.
To eliminate this warning, add "type": "module" to /home/nayuta/projects/trading-app/frontend/package.json.
(Use `node --trace-warnings ...` to show where the warning was created)
▶ friends user flow
  ✔ searches the submitted nickname with its own key and server pagination (87.675025ms)
  ✔ shares trimmed keyboard/icon search, ignores blanks and hides only the search-before empty state (25.847193ms)
  ✔ sends requests, accepts/rejects incoming requests and disables pending requests (17.721356ms)
  ✔ opens a friend portfolio and removes only after the delete action (18.664438ms)
  ✔ uses separate incoming/list keys and distinguishes error from empty (15.953477ms)
✔ friends user flow (166.616737ms)
▶ friend API and targeted cache updates
  ✔ uses only v1-relative friend operations with no account or email payload (3.076583ms)
  ✔ revokes cached portfolio and friend ranking without clearing other accounts/rankings (4.052607ms)
✔ friend API and targeted cache updates (7.294448ms)
▶ overall menu and server privacy setting
  ✔ routes to MY, friends, records, notices and settings (3.845114ms)
  ✔ renders the persisted Boolean and updates /me cache before PATCH resolves (29.82497ms)
✔ overall menu and server privacy setting (33.812534ms)
(node:868166) [MODULE_TYPELESS_PACKAGE_JSON] Warning: Module type of file:///home/nayuta/projects/trading-app/frontend/src/features/futures/pendingPagination.test.ts is not specified and it doesn't parse as CommonJS.
Reparsing as ES module because module syntax was detected. This incurs a performance overhead.
To eliminate this warning, add "type": "module" to /home/nayuta/projects/trading-app/frontend/package.json.
(Use `node --trace-warnings ...` to show where the warning was created)
{"event":"trading_account_response_scope_mismatch","endpoint":"/trading-accounts/A/futures/limit-orders?limit=100&offset=100","expectedAccountId":"A","actualAccountId":"B"}
{"event":"trading_account_response_scope_mismatch","endpoint":"/trading-accounts/A/protections","expectedAccountId":"A","actualAccountId":"B"}
✔ futures malformed nextOffset undefined rejects after one page (50.326319ms)
✔ futures malformed nextOffset 0 rejects after one page (13.538738ms)
✔ futures malformed nextOffset -1 rejects after one page (9.87719ms)
✔ futures malformed nextOffset 0.5 rejects after one page (6.878258ms)
✔ futures malformed nextOffset 100001 rejects after one page (6.272082ms)
✔ futures malformed nextOffset 100 rejects after one page (5.310629ms)
✔ futures accumulates pages and verifies account scope on every page (11.027215ms)
✔ protections malformed nextOffset undefined rejects after one page (5.712636ms)
✔ protections malformed nextOffset 0 rejects after one page (4.770857ms)
✔ protections malformed nextOffset -1 rejects after one page (4.220041ms)
✔ protections malformed nextOffset 0.5 rejects after one page (4.297151ms)
✔ protections malformed nextOffset 100001 rejects after one page (2.973433ms)
✔ protections malformed nextOffset 100 rejects after one page (3.599387ms)
✔ protections accumulates pages and verifies account scope on every page (8.221448ms)
(node:868179) [MODULE_TYPELESS_PACKAGE_JSON] Warning: Module type of file:///home/nayuta/projects/trading-app/frontend/src/features/futures/policy.test.ts is not specified and it doesn't parse as CommonJS.
Reparsing as ES module because module syntax was detected. This incurs a performance overhead.
To eliminate this warning, add "type": "module" to /home/nayuta/projects/trading-app/frontend/package.json.
(Use `node --trace-warnings ...` to show where the warning was created)
✔ Futures Last reference needs a receipt within 10s and a trade within 60s (0.601182ms)
✔ records show the basis they were executed on (0.578692ms)
(node:868187) [MODULE_TYPELESS_PACKAGE_JSON] Warning: Module type of file:///home/nayuta/projects/trading-app/frontend/src/features/futures/positionDisplay.test.ts is not specified and it doesn't parse as CommonJS.
Reparsing as ES module because module syntax was detected. This incurs a performance overhead.
To eliminate this warning, add "type": "module" to /home/nayuta/projects/trading-app/frontend/package.json.
(Use `node --trace-warnings ...` to show where the warning was created)
✔ formats full Decimal money with unit-consistent signs without float loss (0.915933ms)
✔ long/cross only displays the canonical projection with fresh Mark evidence (1.24401ms)
✔ long/isolated only displays the canonical projection with fresh Mark evidence (0.233669ms)
✔ short/cross only displays the canonical projection with fresh Mark evidence (0.176028ms)
✔ short/isolated only displays the canonical projection with fresh Mark evidence (0.152323ms)
(node:868206) [MODULE_TYPELESS_PACKAGE_JSON] Warning: Module type of file:///home/nayuta/projects/trading-app/frontend/src/features/market/marketPresentation.test.ts is not specified and it doesn't parse as CommonJS.
Reparsing as ES module because module syntax was detected. This incurs a performance overhead.
To eliminate this warning, add "type": "module" to /home/nayuta/projects/trading-app/frontend/package.json.
(Use `node --trace-warnings ...` to show where the warning was created)
✔ closed rows retain the canonical price/change; zero and unavailable remain different (1.009411ms)
✔ routine open/closed copy is absent while actionable exceptions remain (0.151489ms)
✔ market header uses authoritative consensus, crypto never inherits a stock session (0.275725ms)
✔ session header follows accepted ticker transitions, and rejects a legacy overlay on a closed snapshot (0.143559ms)
(node:868237) [MODULE_TYPELESS_PACKAGE_JSON] Warning: Module type of file:///home/nayuta/projects/trading-app/frontend/src/features/market/marketRefresh.test.ts is not specified and it doesn't parse as CommonJS.
Reparsing as ES module because module syntax was detected. This incurs a performance overhead.
To eliminate this warning, add "type": "module" to /home/nayuta/projects/trading-app/frontend/package.json.
(Use `node --trace-warnings ...` to show where the warning was created)
react-test-renderer is deprecated. See https://react.dev/warnings/react-test-renderer
react-test-renderer is deprecated. See https://react.dev/warnings/react-test-renderer
✔ MarketScreen refreshes the first page and carries the new token through real infinite Query (234.955525ms)
react-test-renderer is deprecated. See https://react.dev/warnings/react-test-renderer
✔ MarketSearchScreen refreshes the first page and carries the new token through real infinite Query (146.22124ms)
✔ serializes an explicit fresh request through the existing Assets API (6.686296ms)
✔ Market consumes repeated Home category intents and preserves subsequent manual tab choices (41.489826ms)
(node:868307) [MODULE_TYPELESS_PACKAGE_JSON] Warning: Module type of file:///home/nayuta/projects/trading-app/frontend/src/features/market/marketSort.test.ts is not specified and it doesn't parse as CommonJS.
Reparsing as ES module because module syntax was detected. This incurs a performance overhead.
To eliminate this warning, add "type": "module" to /home/nayuta/projects/trading-app/frontend/package.json.
(Use `node --trace-warnings ...` to show where the warning was created)
react-test-renderer is deprecated. See https://react.dev/warnings/react-test-renderer
✔ isolates every market/search sort query and carries the server snapshot across pages (1.007669ms)
✔ serializes sort and continuation without reordering returned rows (42.558685ms)
✔ offers two criteria and separate neutral ASC/DESC controls, preserving direction (67.287752ms)
(node:868324) [MODULE_TYPELESS_PACKAGE_JSON] Warning: Module type of file:///home/nayuta/projects/trading-app/frontend/src/features/market/marketTickerStore.test.ts is not specified and it doesn't parse as CommonJS.
Reparsing as ES module because module syntax was detected. This incurs a performance overhead.
To eliminate this warning, add "type": "module" to /home/nayuta/projects/trading-app/frontend/package.json.
(Use `node --trace-warnings ...` to show where the warning was created)
▶ MarketTickerStore
  ✔ subscribes the loaded rows on ONE shared socket (5.516749ms)
  ✔ subscribes only the NEW ids when another page loads (1.332176ms)
  ✔ unsubscribes the previous tab rows when the tab changes (1.841686ms)
  ✔ releases every subscription on dispose but leaves the shared socket to other screens (1.420111ms)
  ✔ routes a ticker to its own asset only (2.311114ms)
  ✔ keeps other rows referentially untouched when one asset ticks (0.728175ms)
  ✔ ignores a duplicate snapshot id and an older timestamp (0.828337ms)
  ✔ does not let a timestamp-less priced event overwrite the latest price (1.76355ms)
  ✔ keeps the last good price while reconnecting and raises one banner (3.56243ms)
  ✔ flags a stale asset without dropping its price (0.768658ms)
  ✔ marks rows stale by time passing when the feed goes quiet (0.852252ms)
  ✔ records a subscription error for the row it belongs to (0.819742ms)
✔ MarketTickerStore (22.730581ms)
✔ preserves transport and subscription error evidence independently of the most recent ticker row (1.709668ms)
(node:868331) [MODULE_TYPELESS_PACKAGE_JSON] Warning: Module type of file:///home/nayuta/projects/trading-app/frontend/src/features/market/mergeMarketAssetTicker.test.ts is not specified and it doesn't parse as CommonJS.
Reparsing as ES module because module syntax was detected. This incurs a performance overhead.
To eliminate this warning, add "type": "module" to /home/nayuta/projects/trading-app/frontend/package.json.
(Use `node --trace-warnings ...` to show where the warning was created)
▶ mergeMarketAssetTicker
  ✔ clears the old daily return when the new daily baseline is unavailable (0.961295ms)
  ✔ uses the ticker price when the ticker is newer than REST (0.13603ms)
  ✔ keeps the REST price when it is newer than the ticker (0.14075ms)
  ✔ returns the REST row untouched when there is no ticker (0.133169ms)
  ✔ never combines a new local price with the previous KRW value (0.071262ms)
  ✔ shows the server-computed realtime KRW when FX is available (0.114839ms)
  ✔ ignores a price-less unavailable ticker so the REST price stays visible (0.055118ms)
  ✔ overlays a stale ticker but leaves staleness signalling to the caller (0.136896ms)
✔ mergeMarketAssetTicker (2.4888ms)
▶ mergeMarketAssetTicker displayPriceDecimals
  ✔ applies the ticker-declared decimals to the row (0.237481ms)
  ✔ keeps the REST decimals when the ticker declares none (0.192816ms)
✔ mergeMarketAssetTicker displayPriceDecimals (0.5845ms)
▶ market row inputs (props passed to MarketAssetRow)
  ✔ changes only the ticking asset's ticker prop identity (0.2216ms)
  ✔ merges inside the row without mutating the REST baseline (0.145777ms)
✔ market row inputs (props passed to MarketAssetRow) (0.441384ms)
▶ mergeMarketAssetTickers
  ✔ returns identical row objects for assets without a ticker (0.13734ms)
  ✔ returns the original list when nothing is subscribed yet (0.109327ms)
✔ mergeMarketAssetTickers (0.351718ms)
▶ closed stock display
  ✔ shows live in open, then the same close price separately from the trade restriction (0.116116ms)
  ✔ clears the price for a server-confirmed closed unavailable snapshot (0.044379ms)
  ✔ does not overlay an unqualified ticker onto a closed REST baseline (0.026809ms)
✔ closed stock display (0.278069ms)
(node:868339) [MODULE_TYPELESS_PACKAGE_JSON] Warning: Module type of file:///home/nayuta/projects/trading-app/frontend/src/features/me/api.test.ts is not specified and it doesn't parse as CommonJS.
Reparsing as ES module because module syntax was detected. This incurs a performance overhead.
To eliminate this warning, add "type": "module" to /home/nayuta/projects/trading-app/frontend/package.json.
(Use `node --trace-warnings ...` to show where the warning was created)
▶ profile image multipart API
  ✔ uses the native URI descriptor with current authenticated API client (58.062849ms)
  ✔ uses a Web JPEG Blob and lets the browser generate the multipart boundary (15.97295ms)
  ✔ rejects oversized normalized output before requesting an upload (11.693513ms)
  ✔ does not submit a prepared blob under a newer login session (7.57067ms)
✔ profile image multipart API (94.155877ms)
(node:868350) [MODULE_TYPELESS_PACKAGE_JSON] Warning: Module type of file:///home/nayuta/projects/trading-app/frontend/src/features/me/profileImage.test.ts is not specified and it doesn't parse as CommonJS.
Reparsing as ES module because module syntax was detected. This incurs a performance overhead.
To eliminate this warning, add "type": "module" to /home/nayuta/projects/trading-app/frontend/package.json.
(Use `node --trace-warnings ...` to show where the warning was created)
▶ gallery profile image pipeline
  ✔ requests iOS photo access, uses one square edit, normalizes JPEG and releases decoded memory (55.882042ms)
  ✔ supports limited access, while denial avoids opening the picker (27.389227ms)
  ✔ uses Android/Web pickers without a broad native permission request (15.836073ms)
  ✔ cancels without decoding or changing an image (6.687056ms)
  ✔ uses oriented decoded dimensions rather than incorrect picker dimensions (6.118598ms)
  ✔ re-encodes small square inputs without upscaling (7.417238ms)
  ✔ rejects huge files/dimensions before decoding and bounds decoded output too (16.653037ms)
  ✔ turns manipulation failure into a safe error and releases context (5.499928ms)
✔ gallery profile image pipeline (142.348726ms)
(node:868360) [MODULE_TYPELESS_PACKAGE_JSON] Warning: Module type of file:///home/nayuta/projects/trading-app/frontend/src/features/me/profileImageCache.test.ts is not specified and it doesn't parse as CommonJS.
Reparsing as ES module because module syntax was detected. This incurs a performance overhead.
To eliminate this warning, add "type": "module" to /home/nayuta/projects/trading-app/frontend/package.json.
(Use `node --trace-warnings ...` to show where the warning was created)
▶ profile image cache propagation
  ✔ updates shared /me immediately and invalidates only avatar-bearing self-dependent queries (2.218914ms)
  ✔ preserves concurrent nickname and privacy changes (0.731311ms)
  ✔ never repopulates a missing/different user or the same user in a newer session (0.492679ms)
✔ profile image cache propagation (3.987215ms)
(node:868373) [MODULE_TYPELESS_PACKAGE_JSON] Warning: Module type of file:///home/nayuta/projects/trading-app/frontend/src/features/order/limitOrder.test.ts is not specified and it doesn't parse as CommonJS.
Reparsing as ES module because module syntax was detected. This incurs a performance overhead.
To eliminate this warning, add "type": "module" to /home/nayuta/projects/trading-app/frontend/package.json.
(Use `node --trace-warnings ...` to show where the warning was created)
✔ isOrderSuccess accepts submitted limit registrations and executed market orders (0.641ms)
✔ isSubmittedLimitOrder identifies only submitted registrations (0.078927ms)
✔ order quote expiration stays active independently of the visible timestamp (0.23105ms)
✔ order quote display timestamps use KST without changing expiry calculation (0.441405ms)
✔ getOrderSuccessDisplay surfaces reservation fields for submitted limit orders (0.34119ms)
✔ getOrderSuccessDisplay never shows execution amounts for an unfilled limit order (0.161583ms)
✔ a stale server fill amount cannot leak into a submitted limit display (0.108894ms)
✔ executed market orders keep their real execution amounts (0.21536ms)
✔ order asset labels keep non-numeric symbols (0.195878ms)
✔ limit quote estimates come from the pinned quote basis and are labeled as estimates (0.275788ms)
✔ limit quote estimates are absent for a market quote (0.158922ms)
✔ submitted limit success retains its quote snapshot until the sheet closes (0.484791ms)
✔ hasNoExecutionResult covers submitted AND canceled limit rows (0.06782ms)
✔ open limit detection covers submitted buys and sells only (0.092348ms)
✔ order status labels cover 미체결/체결/취소 and pass through unknowns (0.124405ms)
✔ wallet mappers prefer server availableAmount and fall back for legacy payloads (0.177221ms)
✔ new limit-order error codes map to dedicated user messages by CODE (0.261101ms)
✔ success copy follows the server execution policy without promising exchange liquidity (0.15019ms)
✔ submitted limit sell displays reserved quantity and expected proceeds (0.567003ms)
✔ submitted-limit polling requires foreground, focus, and an open order (0.106191ms)
✔ existing market error semantics stay intact (0.041465ms)
✔ limit success copy is server-driven: reservation-only vs scheduler auto-execution (0.045361ms)
(node:868381) [MODULE_TYPELESS_PACKAGE_JSON] Warning: Module type of file:///home/nayuta/projects/trading-app/frontend/src/features/order/marketExecution.test.ts is not specified and it doesn't parse as CommonJS.
Reparsing as ES module because module syntax was detected. This incurs a performance overhead.
To eliminate this warning, add "type": "module" to /home/nayuta/projects/trading-app/frontend/package.json.
(Use `node --trace-warnings ...` to show where the warning was created)
▶ one-shot market result disclosure
  ✔ renders actual quantity/amount/VWAP while keeping requested/canceled quantities separate (1.493285ms)
  ✔ uses principal intent for amount BUY instead of a canceled quantity (0.195002ms)
  ✔ maps account/history rows using the same authoritative result and never polls the remainder (0.238917ms)
  ✔ discloses positive sub-cent unused principal without rounding it to zero (0.141838ms)
  ✔ preserves legacy full-fill and limit labels (0.096434ms)
✔ one-shot market result disclosure (2.756321ms)
(node:868390) [MODULE_TYPELESS_PACKAGE_JSON] Warning: Module type of file:///home/nayuta/projects/trading-app/frontend/src/features/order/orderDisplayContract.test.ts is not specified and it doesn't parse as CommonJS.
Reparsing as ES module because module syntax was detected. This incurs a performance overhead.
To eliminate this warning, add "type": "module" to /home/nayuta/projects/trading-app/frontend/package.json.
(Use `node --trace-warnings ...` to show where the warning was created)
▶ order completion display contract
  ✔ history stays conditional and secondary; home remains primary and asset return remains neutral (111.824101ms)
  ✔ hides identifiers, net amount, submission time and FX execution details (0.158532ms)
  ✔ retains market-fill and limit-registration facts (0.227196ms)
✔ order completion display contract (112.966428ms)
▶ order quote display and safety contract
  ✔ hides quote identifiers, position deltas, tolerance and expiry timestamp (0.257807ms)
  ✔ keeps quote execution, expiry, requote and idempotency guards (0.434446ms)
  ✔ leaves order and FX raw input state unformatted while typing (0.314962ms)
✔ order quote display and safety contract (1.185872ms)
(node:868401) [MODULE_TYPELESS_PACKAGE_JSON] Warning: Module type of file:///home/nayuta/projects/trading-app/frontend/src/features/position/assetDisplay.test.ts is not specified and it doesn't parse as CommonJS.
Reparsing as ES module because module syntax was detected. This incurs a performance overhead.
To eliminate this warning, add "type": "module" to /home/nayuta/projects/trading-app/frontend/package.json.
(Use `node --trace-warnings ...` to show where the warning was created)
▶ Home/Wallet holding value and unrealized return
  ✔ uses the complete local valuation and canonical return, regardless of quantity/cost/price (1.206684ms)
  ✔ us_stock follows the valuation currency instead of guessing from asset type (0.190018ms)
  ✔ crypto follows the valuation currency instead of guessing from asset type (0.174359ms)
  ✔ domestic_stock follows the valuation currency instead of guessing from asset type (0.156948ms)
  ✔ keeps genuine zero neutral and missing/invalid valuation values unknown (0.226352ms)
  ✔ shows stale values with a notice; unavailable hides all valuation values and raw errors (0.311963ms)
  ✔ domestic_stock preserves quantity 10.000000 without changing raw position facts (0.191772ms)
  ✔ domestic_stock preserves quantity 0.125000 without changing raw position facts (0.200693ms)
  ✔ domestic_stock preserves quantity 0.00080500 without changing raw position facts (0.195921ms)
  ✔ domestic_stock preserves quantity 0.12345678 without changing raw position facts (0.278555ms)
  ✔ domestic_stock preserves quantity 12345678901234567890.1234567 without changing raw position facts (0.138259ms)
  ✔ us_stock preserves quantity 10.000000 without changing raw position facts (0.108166ms)
  ✔ us_stock preserves quantity 0.125000 without changing raw position facts (0.131173ms)
  ✔ us_stock preserves quantity 0.00080500 without changing raw position facts (0.134827ms)
  ✔ us_stock preserves quantity 0.12345678 without changing raw position facts (0.137308ms)
  ✔ us_stock preserves quantity 12345678901234567890.1234567 without changing raw position facts (0.065243ms)
  ✔ crypto preserves quantity 10.000000 without changing raw position facts (0.219584ms)
  ✔ crypto preserves quantity 0.125000 without changing raw position facts (0.144077ms)
  ✔ crypto preserves quantity 0.00080500 without changing raw position facts (0.063596ms)
  ✔ crypto preserves quantity 0.12345678 without changing raw position facts (0.034475ms)
  ✔ crypto preserves quantity 12345678901234567890.1234567 without changing raw position facts (0.0289ms)
  ✔ available does not turn malformed quantities into valid holdings (0.268503ms)
  ✔ stale_cache does not turn malformed quantities into valid holdings (0.14546ms)
  ✔ unavailable does not turn malformed quantities into valid holdings (0.136146ms)
✔ Home/Wallet holding value and unrealized return (5.935812ms)
(node:868408) [MODULE_TYPELESS_PACKAGE_JSON] Warning: Module type of file:///home/nayuta/projects/trading-app/frontend/src/features/position/display.test.ts is not specified and it doesn't parse as CommonJS.
Reparsing as ES module because module syntax was detected. This incurs a performance overhead.
To eliminate this warning, add "type": "module" to /home/nayuta/projects/trading-app/frontend/package.json.
(Use `node --trace-warnings ...` to show where the warning was created)
▶ account-scoped position display
  ✔ shows available valuation and preserves known holding facts (0.872156ms)
  ✔ shows cached values with an explicit stale notice (0.18268ms)
  ✔ keeps the row while hiding every price-derived value when unavailable (0.164244ms)
✔ account-scoped position display (1.865982ms)
(node:868416) [MODULE_TYPELESS_PACKAGE_JSON] Warning: Module type of file:///home/nayuta/projects/trading-app/frontend/src/features/ranking/ranking.test.ts is not specified and it doesn't parse as CommonJS.
Reparsing as ES module because module syntax was detected. This incurs a performance overhead.
To eliminate this warning, add "type": "module" to /home/nayuta/projects/trading-app/frontend/package.json.
(Use `node --trace-warnings ...` to show where the warning was created)
props.pointerEvents is deprecated. Use style.pointerEvents
Received `false` for a non-boolean attribute `accessible`.

If you want to write it to the DOM, pass a string instead: accessible="false" or accessible={value.toString()}.

If you used to conditionally omit it with accessible={condition && value}, pass accessible={condition ? value : undefined} instead.
"textShadow*" style props are deprecated. Use "textShadow".
▶ ranking wire response rendering
  ✔ renders real flat ranking rows and available myRanking (277.769406ms)
  ✔ opens the existing summary with userId from both podium and list presses (20.053906ms)
  ✔ renders several users with unique participant keys, including overlapping pages (15.780037ms)
  ✔ preserves zero-row and snapshot-waiting states (8.679958ms)
  ✔ keeps the join guide and navigation for non-participants (15.566535ms)
  ✔ keeps joining accessible when the leaderboard is empty or not generated yet (12.382622ms)
  ✔ keeps public rows visible while myRanking is unavailable or hidden (20.467245ms)
  ✔ shows ErrorState and retries both queries on request failure (5.398246ms)
  ✔ keeps the existing loading and missing/current-season error states (5.598728ms)
  ✔ renders final tiers without requiring provisional tiers or a tier alias (8.093526ms)
  ✔ renders long nicknames and financial text without a line truncation limit (7.165577ms)
✔ ranking wire response rendering (398.03418ms)
▶ ranking API and query contract
  ✔ all keeps the canonical TOP3 independently of the scoped list (15.402249ms)
  ✔ friends keeps the canonical TOP3 independently of the scoped list (14.761766ms)
  ✔ top10 keeps the canonical TOP3 independently of the scoped list (12.490934ms)
  ✔ requests the settled season final publication explicitly (13.819098ms)
  ✔ returns the wire payload directly and preserves default scope limits (0.565821ms)
  ✔ pins subsequent pages to server pagination and snapshot metadata (7.157129ms)
  ✔ retains daily polling and disables it for final or settled rankings (6.764834ms)
  ✔ passes API failures to React Query without inventing an empty response (0.618077ms)
✔ ranking API and query contract (71.953114ms)
▶ existing user season summary
  ✔ renders nested summary user and requests the selected user endpoint (38.999041ms)
  ✔ handles a null current season without a render exception (5.252057ms)
  ✔ recognizes the backend USER_NOT_FOUND response and generic request errors (4.690683ms)
✔ existing user season summary (49.077982ms)
▶ other ranking consumers
  ✔ my/MyScreen preserves available/final/absent rank display and selected season requests (61.329123ms)
  ✔ my/MyScreen still surfaces ranking integrity errors (7.702592ms)
  ✔ my/MyScreen does not crash on an ordinary ranking request failure (7.063609ms)
  ✔ home/HomeScreen preserves available/final/absent rank display and selected season requests (193.865786ms)
  ✔ home/HomeScreen still surfaces ranking integrity errors (16.762703ms)
  ✔ home/HomeScreen does not crash on an ordinary ranking request failure (15.5124ms)
  ✔ MyScreen keeps ranking disabled for a general account (6.11129ms)
✔ other ranking consumers (308.663582ms)
▶ friend portfolio access rendering
  ✔ keeps competition info but never renders cached private holdings (10.318564ms)
  ✔ shows persisted history and holdings, and suppresses them during permission refresh (16.074377ms)
✔ friend portfolio access rendering (26.512796ms)
✔ friend ranking empty state keeps the tabs and opens friend discovery (8.078785ms)
(node:868445) [MODULE_TYPELESS_PACKAGE_JSON] Warning: Module type of file:///home/nayuta/projects/trading-app/frontend/src/features/ranking/rankingPublication.test.ts is not specified and it doesn't parse as CommonJS.
Reparsing as ES module because module syntax was detected. This incurs a performance overhead.
To eliminate this warning, add "type": "module" to /home/nayuta/projects/trading-app/frontend/package.json.
(Use `node --trace-warnings ...` to show where the warning was created)
react-test-renderer is deprecated. See https://react.dev/warnings/react-test-renderer
react-test-renderer is deprecated. See https://react.dev/warnings/react-test-renderer
✔ tab changes preserve global TOP3 and refresh adopts one new publication for both queries (314.019301ms)
react-test-renderer is deprecated. See https://react.dev/warnings/react-test-renderer
✔ a publication race recovers by refetching canonical TOP3 before the scoped list (111.343293ms)
react-test-renderer is deprecated. See https://react.dev/warnings/react-test-renderer
✔ active: secondary tab state preserves canonical TOP3 and scoped publication (230.793689ms)
✔ settled: secondary tab state preserves canonical TOP3 and scoped publication (237.378659ms)
(node:868472) [MODULE_TYPELESS_PACKAGE_JSON] Warning: Module type of file:///home/nayuta/projects/trading-app/frontend/src/features/record/accountOrders.test.ts is not specified and it doesn't parse as CommonJS.
Reparsing as ES module because module syntax was detected. This incurs a performance overhead.
To eliminate this warning, add "type": "module" to /home/nayuta/projects/trading-app/frontend/package.json.
(Use `node --trace-warnings ...` to show where the warning was created)
▶ account-scoped order rows adapt to the record row shape
  ✔ flattens the nested asset so the name is not lost (0.482259ms)
  ✔ keeps the reservation fields an unfilled limit order is allowed to show (0.072538ms)
  ✔ is recognised by the open-limit-buy predicate the polling depends on (0.053979ms)
  ✔ handles a filled market row (0.143018ms)
  ✔ keeps a submitted limit-sell reservation open for polling and cancel (0.097507ms)
  ✔ falls back to flat fields when the asset is absent (0.113731ms)
  ✔ maps a whole page and tolerates an empty one (0.41111ms)
✔ account-scoped order rows adapt to the record row shape (1.912957ms)
▶ complete account pending order read
  ✔ uses status filter and nextOffset, including both sides across pages (0.668146ms)
  ✔ does not publish a partial list when a later page fails or shifts (0.619578ms)
✔ complete account pending order read (1.48454ms)
(node:868480) [MODULE_TYPELESS_PACKAGE_JSON] Warning: Module type of file:///home/nayuta/projects/trading-app/frontend/src/features/record/queryCache.test.ts is not specified and it doesn't parse as CommonJS.
Reparsing as ES module because module syntax was detected. This incurs a performance overhead.
To eliminate this warning, add "type": "module" to /home/nayuta/projects/trading-app/frontend/package.json.
(Use `node --trace-warnings ...` to show where the warning was created)
▶ record/MY real query cache regression
  ✔ reproduces both failures when a page and InfiniteData deliberately share a key (2.529957ms)
  ✔ keeps both shapes through my → record and 20 repeated visits (182.291364ms)
  ✔ keeps both shapes through record → my and 20 repeated visits (67.574704ms)
  ✔ opens MY directly and displays the server total (0) (46.971932ms)
  ✔ opens MY directly and displays the server total (3) (38.063715ms)
  ✔ opens MY directly and displays the server total (23) (40.951215ms)
  ✔ keeps cached shapes through home → market → ranking → record → MY → home (49.504097ms)
  ✔ leaves ordinary server/query failures in each screen ErrorState (37.96558ms)
  ✔ mutation invalidation and session clear still cover both record shapes (23.758737ms)
✔ record/MY real query cache regression (490.572509ms)
(node:868498) [MODULE_TYPELESS_PACKAGE_JSON] Warning: Module type of file:///home/nayuta/projects/trading-app/frontend/src/features/record/seasonAccountLookup.test.ts is not specified and it doesn't parse as CommonJS.
Reparsing as ES module because module syntax was detected. This incurs a performance overhead.
To eliminate this warning, add "type": "module" to /home/nayuta/projects/trading-app/frontend/package.json.
(Use `node --trace-warnings ...` to show where the warning was created)
▶ season account lookup for the record order list
  ✔ is loading while the account list is loading (0.516193ms)
  ✔ reports an account LIST failure separately from a missing account (0.697189ms)
  ✔ reports a genuinely missing season account when the list loaded fine (0.110198ms)
  ✔ resolves the account for the season the screen is about (0.112511ms)
  ✔ never matches a general account to a season (0.141967ms)
  ✔ prefers the cached list over a failed background refetch (0.098048ms)
  ✔ never enables the orders query with an empty account id (0.097973ms)
✔ season account lookup for the record order list (2.359212ms)
▶ general account lookup for the record order list
  ✔ pins the directly named owned general account (0.263795ms)
  ✔ does not fall back to another general or season account (0.158489ms)
  ✔ keeps the existing season lookup when the route names a season (0.220183ms)
✔ general account lookup for the record order list (0.857057ms)
▶ explicit season account entry from home
  ✔ keeps owned active season account reads available by accountId (0.097443ms)
  ✔ keeps owned closed season account reads available by accountId (0.142487ms)
  ✔ keeps owned suspended season account reads available by accountId (0.09566ms)
✔ explicit season account entry from home (0.420565ms)
(node:868505) [MODULE_TYPELESS_PACKAGE_JSON] Warning: Module type of file:///home/nayuta/projects/trading-app/frontend/src/features/tradingAccount/TradingAccountContext.test.ts is not specified and it doesn't parse as CommonJS.
Reparsing as ES module because module syntax was detected. This incurs a performance overhead.
To eliminate this warning, add "type": "module" to /home/nayuta/projects/trading-app/frontend/package.json.
(Use `node --trace-warnings ...` to show where the warning was created)
✔ stays loading until the stored account choice has resolved (63.690609ms)
✔ updates selected-account CTA capability at start and end without a network response (20.121883ms)
✔ applies refreshed participant exclusion while keeping the same account and history (12.555579ms)
✔ hides cached beginner accounts unless the server explicitly enables development entry (22.206975ms)
(node:868515) [MODULE_TYPELESS_PACKAGE_JSON] Warning: Module type of file:///home/nayuta/projects/trading-app/frontend/src/features/tradingAccount/accountBinding.test.ts is not specified and it doesn't parse as CommonJS.
Reparsing as ES module because module syntax was detected. This incurs a performance overhead.
To eliminate this warning, add "type": "module" to /home/nayuta/projects/trading-app/frontend/package.json.
(Use `node --trace-warnings ...` to show where the warning was created)
▶ order/FX flow account binding
  ✔ blocks an excluded route account while keeping asset discovery/read/cancel separate (1.009094ms)
  ✔ waits while the owned-account list is still loading (0.369907ms)
  ✔ binds to the ROUTE account, not to the selected one (0.378587ms)
  ✔ STOPS the flow when the user switched accounts mid-order (0.639452ms)
  ✔ never silently follows the new selection (0.312925ms)
  ✔ reports an unowned bound id without probing whose it is (0.246763ms)
  ✔ prefers "account changed" over "unknown" when the selection moved on (0.264187ms)
  ✔ does not report a change when nothing is selected yet (0.161015ms)
✔ order/FX flow account binding (4.207526ms)
▶ bound-account capabilities gate the mutation, not just the button
  ✔ an active general account can quote and create an order (0.298939ms)
  ✔ an active general account can exchange (0.188243ms)
  ✔ a suspended account allows reads but no new order or exchange (0.214771ms)
  ✔ a closed account allows reads but no new order or exchange (0.153205ms)
  ✔ a season account whose season has ended cannot open new orders (0.178608ms)
  ✔ an active season account in an active season can trade (0.256176ms)
✔ bound-account capabilities gate the mutation, not just the button (1.544908ms)
▶ a slow response from account A cannot repaint account B's screen
  ✔ gives the two accounts different query keys for the same screen (0.252558ms)
  ✔ keeps the accountId adjacent to the resource so prefixes stay per-account (0.080825ms)
✔ a slow response from account A cannot repaint account B's screen (0.381812ms)
(node:868523) [MODULE_TYPELESS_PACKAGE_JSON] Warning: Module type of file:///home/nayuta/projects/trading-app/frontend/src/features/tradingAccount/accountIntegrityGate.test.ts is not specified and it doesn't parse as CommonJS.
Reparsing as ES module because module syntax was detected. This incurs a performance overhead.
To eliminate this warning, add "type": "module" to /home/nayuta/projects/trading-app/frontend/package.json.
(Use `node --trace-warnings ...` to show where the warning was created)
▶ secondary account query integrity gate
  ✔ returns null when nothing failed (0.529956ms)
  ✔ keeps a transient network failure OUT of the fail-closed state (0.152218ms)
  ✔ fails closed when a SECONDARY query reports a scope mismatch (0.464612ms)
  ✔ never lets a wallet integrity fault read as a zero balance (0.198642ms)
  ✔ never lets a position integrity fault read as "보유 종목이 없습니다" (0.102526ms)
  ✔ never lets a ranking integrity fault render as "-" (0.156717ms)
  ✔ fails closed when only ONE of several queries is structural (0.133829ms)
  ✔ names every structurally failed section, without duplicates (0.141935ms)
  ✔ retries exactly the queries that failed structurally (0.219047ms)
  ✔ tolerates a signal with no retry callback (0.191521ms)
  ✔ falls back to a generic subject when no section is named (0.059454ms)
✔ secondary account query integrity gate (3.116714ms)
(node:868530) [MODULE_TYPELESS_PACKAGE_JSON] Warning: Module type of file:///home/nayuta/projects/trading-app/frontend/src/features/tradingAccount/accountScope.test.ts is not specified and it doesn't parse as CommonJS.
Reparsing as ES module because module syntax was detected. This incurs a performance overhead.
To eliminate this warning, add "type": "module" to /home/nayuta/projects/trading-app/frontend/package.json.
(Use `node --trace-warnings ...` to show where the warning was created)
▶ assertAccountScope
  ✔ passes through a response that names the requested account (0.509031ms)
  ✔ passes through a response that carries NO account id (0.076146ms)
  ✔ REFUSES a response that names a different account (0.446817ms)
  ✔ checks the nested row shape too (order / quote / execution / claim) (0.085568ms)
  ✔ logs the endpoint and both ids — and NOT the payload (0.106091ms)
  ✔ classifies as a structural integrity error, not a transient failure (0.166512ms)
  ✔ does not treat an empty-string account id in the response as a claim (0.123377ms)
✔ assertAccountScope (2.170364ms)
(node:868538) [MODULE_TYPELESS_PACKAGE_JSON] Warning: Module type of file:///home/nayuta/projects/trading-app/frontend/src/features/tradingAccount/accountSelection.test.ts is not specified and it doesn't parse as CommonJS.
Reparsing as ES module because module syntax was detected. This incurs a performance overhead.
To eliminate this warning, add "type": "module" to /home/nayuta/projects/trading-app/frontend/package.json.
(Use `node --trace-warnings ...` to show where the warning was created)
▶ selectTradingAccountId
  ✔ keeps a stored account that is still owned (0.816246ms)
  ✔ falls back when there is no stored account (0.214909ms)
  ✔ DROPS a stored account the user no longer owns instead of retrying it (0.157874ms)
  ✔ prefers the active season account over the general account (0.103915ms)
  ✔ picks the general account when no season is being competed in (0.062585ms)
  ✔ does not prefer an EXCLUDED participant season account (0.105592ms)
  ✔ falls back to the most recently opened readable account (0.070416ms)
  ✔ returns an explicit empty result when the user owns nothing (0.101729ms)
  ✔ is deterministic when two accounts share an openedAt (0.178735ms)
✔ selectTradingAccountId (2.58851ms)
▶ selection storage is scoped per user
  ✔ gives two users different keys so a choice never leaks between them (0.23592ms)
✔ selection storage is scoped per user (0.343018ms)
▶ sortAccountsForDisplay
  ✔ offers the competing season first, then general, then inactive accounts (0.220076ms)
✔ sortAccountsForDisplay (0.302409ms)
▶ selection never prefers a season that is no longer running (작업 10 §A-9)
  ✔ does not prefer a still-active account of a ended (settlement pending) season over an active general account (0.192796ms)
  ✔ does not prefer a still-active account of a settled season over an active general account (0.112574ms)
  ✔ does not prefer a still-active account of a upcoming season over an active general account (0.135717ms)
  ✔ still prefers a genuinely active season over an active general account (0.07812ms)
  ✔ a stale season account is still REACHABLE as the most recent fallback (0.038402ms)
  ✔ keeps a stored CLOSED account: an explicit choice outranks the policy (0.030454ms)
  ✔ drops a stored id the user does not own and falls back by policy (0.028661ms)
✔ selection never prefers a season that is no longer running (작업 10 §A-9) (0.771223ms)
▶ findAccountForSeason — how a join flow finds the account it created
  ✔ finds the owned account linked to the joined season (0.099968ms)
  ✔ answers null — never a fabricated id — when the list has no account for that season (0.031462ms)
✔ findAccountForSeason — how a join flow finds the account it created (0.22205ms)
▶ display ordering follows the same season-liveness rule
  ✔ ranks an ended season account below the active general account (0.113476ms)
✔ display ordering follows the same season-liveness rule (0.151613ms)
(node:868546) [MODULE_TYPELESS_PACKAGE_JSON] Warning: Module type of file:///home/nayuta/projects/trading-app/frontend/src/features/tradingAccount/beginnerMode.test.ts is not specified and it doesn't parse as CommonJS.
Reparsing as ES module because module syntax was detected. This incurs a performance overhead.
To eliminate this warning, add "type": "module" to /home/nayuta/projects/trading-app/frontend/package.json.
(Use `node --trace-warnings ...` to show where the warning was created)
✔ beginner is a separately named TWR account without season or ad reward capabilities (0.520002ms)
✔ stored beginner selection and switching to general retain distinct financial query/flow scopes (0.538328ms)
✔ beginner daily history requires TWR semantics and rejects foreign account data (0.667573ms)
(node:868553) [MODULE_TYPELESS_PACKAGE_JSON] Warning: Module type of file:///home/nayuta/projects/trading-app/frontend/src/features/tradingAccount/capabilities.test.ts is not specified and it doesn't parse as CommonJS.
Reparsing as ES module because module syntax was detected. This incurs a performance overhead.
To eliminate this warning, add "type": "module" to /home/nayuta/projects/trading-app/frontend/package.json.
(Use `node --trace-warnings ...` to show where the warning was created)
▶ mode capabilities
  ✔ lets an active season account trade, quote and exchange (0.980572ms)
  ✔ allows active general trading and FX (0.259805ms)
  ✔ never shows season UI for a general account (0.314919ms)
  ✔ allows an ad-reward claim only on an ACTIVE general account (0.390132ms)
  ✔ blocks season trading outside an active season (0.31822ms)
✔ mode capabilities (2.791566ms)
▶ status capabilities
  ✔ active: reads and mutations allowed (0.409126ms)
  ✔ suspended: readable, but no new order or exchange (0.155157ms)
  ✔ closed: read-only history, no new activity (0.17325ms)
  ✔ reports status BEFORE mode, so a closed general account reads as closed (0.243983ms)
  ✔ returns null when no account is selected (0.216427ms)
✔ status capabilities (1.488679ms)
▶ season lifecycle and participant authority
  ✔ blocks new market/limit/FX for registered without blocking read/cancel (0.349862ms)
  ✔ blocks new market/limit/FX for excluded without blocking read/cancel (0.128958ms)
  ✔ blocks new market/limit/FX for finished without blocking read/cancel (0.158722ms)
  ✔ blocks new market/limit/FX for rewarded without blocking read/cancel (0.160176ms)
  ✔ keeps upcoming history/cancel available (0.106951ms)
  ✔ keeps ended history/cancel available (0.051008ms)
  ✔ keeps settled history/cancel available (0.162882ms)
  ✔ uses the half-open season window even while status is still active (0.361577ms)
  ✔ does not authorize a missing or invalid season window (0.128513ms)
  ✔ never consults season lifecycle or participant permission for a general account (0.322453ms)
✔ season lifecycle and participant authority (2.248845ms)
▶ account display never shows a raw UUID and states the return meaning
  ✔ names a general account and labels its TWR (0.188508ms)
  ✔ names a season account by its season and labels its initial-capital return (0.107619ms)
  ✔ shows a distinct status label for suspended and closed (0.057322ms)
  ✔ keeps a long Korean season name intact rather than pre-truncating it (0.057227ms)
  ✔ labels a response returnRateMethod distinctly for the two meanings (0.065673ms)
✔ account display never shows a raw UUID and states the return meaning (0.603194ms)
(node:868561) [MODULE_TYPELESS_PACKAGE_JSON] Warning: Module type of file:///home/nayuta/projects/trading-app/frontend/src/features/tradingAccount/entryScenarios.test.ts is not specified and it doesn't parse as CommonJS.
Reparsing as ES module because module syntax was detected. This incurs a performance overhead.
To eliminate this warning, add "type": "module" to /home/nayuta/projects/trading-app/frontend/package.json.
(Use `node --trace-warnings ...` to show where the warning was created)
▶ 시나리오 A — 시즌계정만 가진 사용자가 일반 투자를 시작한다 (13.1)
  ✔ login → mode selection → start general → general Home → switcher shows both → season Home (0.952802ms)
  ✔ a double press cannot create a second account: the replay lands on the SAME general account (0.166734ms)
✔ 시나리오 A — 시즌계정만 가진 사용자가 일반 투자를 시작한다 (13.1) (1.624544ms)
▶ 시나리오 B·C — general+season 보유 사용자의 새 로그인 (13.3)
  ✔ never auto-enters Home: the route is mode selection even with a stored choice (0.07362ms)
  ✔ B: choosing 시즌 투자 lands on the season account (0.136439ms)
  ✔ C: choosing 일반 투자 lands on the existing general account without creating one (0.173016ms)
✔ 시나리오 B·C — general+season 보유 사용자의 새 로그인 (13.3) (0.587362ms)
(node:868569) [MODULE_TYPELESS_PACKAGE_JSON] Warning: Module type of file:///home/nayuta/projects/trading-app/frontend/src/features/tradingAccount/generalAccountOpen.test.ts is not specified and it doesn't parse as CommonJS.
Reparsing as ES module because module syntax was detected. This incurs a performance overhead.
To eliminate this warning, add "type": "module" to /home/nayuta/projects/trading-app/frontend/package.json.
(Use `node --trace-warnings ...` to show where the warning was created)
▶ completeGeneralAccountOpen
  ✔ refreshes the list BEFORE selecting, and selects before onOpened (0.644217ms)
  ✔ selects the id THE SERVER returned — a replay (created:false) lands on the same account (0.130402ms)
  ✔ does not select anything when the refresh throws (0.348971ms)
✔ completeGeneralAccountOpen (1.700957ms)
(node:868576) [MODULE_TYPELESS_PACKAGE_JSON] Warning: Module type of file:///home/nayuta/projects/trading-app/frontend/src/features/tradingAccount/holdings.test.ts is not specified and it doesn't parse as CommonJS.
Reparsing as ES module because module syntax was detected. This incurs a performance overhead.
To eliminate this warning, add "type": "module" to /home/nayuta/projects/trading-app/frontend/package.json.
(Use `node --trace-warnings ...` to show where the warning was created)
▶ complete account holdings from the existing Position API
  ✔ follows nextOffset beyond 20 and 100; publishes the full positive count (1.895916ms)
  ✔ returns a normal empty account, preserves unavailable positions, uses exact decimals (0.132088ms)
  ✔ fails closed on invalid quantity -1 (0.310028ms)
  ✔ fails closed on invalid quantity NaN (0.141384ms)
  ✔ fails closed on invalid quantity Infinity (0.152101ms)
  ✔ fails closed on invalid quantity 1e3 (0.08593ms)
  ✔ fails closed on invalid quantity  (0.052271ms)
  ✔ fails closed on invalid quantity  1 (0.09097ms)
  ✔ fails closed on invalid quantity 1 (0.110038ms)
  ✔ fails closed on invalid quantity null (0.158998ms)
  ✔ does not return the first page when a subsequent request fails (0.274491ms)
  ✔ refuses account mismatch, incomplete pages, duplicate assets and invalid cursors (0.177547ms)
  ✔ refuses account mismatch, incomplete pages, duplicate assets and invalid cursors (0.17605ms)
  ✔ refuses account mismatch, incomplete pages, duplicate assets and invalid cursors (0.115546ms)
  ✔ refuses account mismatch, incomplete pages, duplicate assets and invalid cursors (0.082789ms)
  ✔ refuses account mismatch, incomplete pages, duplicate assets and invalid cursors (0.128205ms)
  ✔ does not publish a count when the list changes across offset pages (0.162723ms)
✔ complete account holdings from the existing Position API (5.32077ms)
(node:868584) [MODULE_TYPELESS_PACKAGE_JSON] Warning: Module type of file:///home/nayuta/projects/trading-app/frontend/src/features/tradingAccount/indicativePreview.test.ts is not specified and it doesn't parse as CommonJS.
Reparsing as ES module because module syntax was detected. This incurs a performance overhead.
To eliminate this warning, add "type": "module" to /home/nayuta/projects/trading-app/frontend/package.json.
(Use `node --trace-warnings ...` to show where the warning was created)
✔ long preview amounts retain significant digits when formatted (0.853067ms)
✔ empty, zero, negative, non-decimal and overprecision inputs never produce normal previews (0.388964ms)
✔ quantity and ticker updates recalculate every buy amount without changing input (1.109041ms)
✔ market/limit amounts use the server round8 gross → fee → total chain, including crypto half-up (0.320554ms)
✔ existing REST baseline is dated and labelled, stale/unavailable tickers never resurrect REST (0.296955ms)
✔ FX uses actual USD/KRW snapshot changes and deducts fees in the receiving currency (0.594536ms)
✔ FX respects server display validity, unknown validity, unavailable data and currency direction (0.269949ms)
(node:868592) [MODULE_TYPELESS_PACKAGE_JSON] Warning: Module type of file:///home/nayuta/projects/trading-app/frontend/src/features/tradingAccount/integrityErrors.test.ts is not specified and it doesn't parse as CommonJS.
Reparsing as ES module because module syntax was detected. This incurs a performance overhead.
To eliminate this warning, add "type": "module" to /home/nayuta/projects/trading-app/frontend/package.json.
(Use `node --trace-warnings ...` to show where the warning was created)
▶ structural integrity errors are never empty data
  ✔ classifies every integrity code as integrity (0.609466ms)
  ✔ gives an integrity fault a retry/contact message, not an empty state (0.177091ms)
  ✔ returns no integrity message for a non-integrity error (0.067742ms)
  ✔ covers the ranking and settlement integrity codes from 작업 8 (0.147432ms)
✔ structural integrity errors are never empty data (1.509084ms)
▶ capability limits are kept separate from damage
  ✔ classifies the remaining FX gate as a capability limit (0.207014ms)
  ✔ does not fold TRADING_ACCOUNT_NOT_ACTIVE into the not-implemented message (0.073026ms)
✔ capability limits are kept separate from damage (0.413169ms)
▶ other error kinds
  ✔ keeps 401 on the existing auth path (0.210835ms)
  ✔ treats the shared 404 as "not my account" without probing existence (0.148111ms)
  ✔ leaves transient price/FX section errors alone (0.118676ms)
  ✔ classifies an unknown failure as other rather than guessing (0.181898ms)
✔ other error kinds (0.942615ms)
(node:868603) [MODULE_TYPELESS_PACKAGE_JSON] Warning: Module type of file:///home/nayuta/projects/trading-app/frontend/src/features/tradingAccount/invalidation.test.ts is not specified and it doesn't parse as CommonJS.
Reparsing as ES module because module syntax was detected. This incurs a performance overhead.
To eliminate this warning, add "type": "module" to /home/nayuta/projects/trading-app/frontend/package.json.
(Use `node --trace-warnings ...` to show where the warning was created)
✔ Futures transfer refreshes only request-account cash/ledger and collateral (0.946245ms)
▶ account-scoped invalidation targets ONE account
  ✔ order create refreshes the acting account's entries (0.426751ms)
  ✔ order create leaves the OTHER account's cache alone (0.183224ms)
  ✔ order create does not throw away shared market data (0.150775ms)
  ✔ order create never invalidates the whole tradingAccount tree (0.219036ms)
  ✔ order cancel refreshes the acting account's entries (0.111514ms)
  ✔ order cancel leaves the OTHER account's cache alone (0.182449ms)
  ✔ order cancel does not throw away shared market data (0.142328ms)
  ✔ order cancel never invalidates the whole tradingAccount tree (0.162128ms)
  ✔ fx execute refreshes the acting account's entries (0.337733ms)
  ✔ fx execute leaves the OTHER account's cache alone (0.113741ms)
  ✔ fx execute does not throw away shared market data (0.053205ms)
  ✔ fx execute never invalidates the whole tradingAccount tree (0.023069ms)
  ✔ fx execute does not refresh data it cannot have changed (0.062373ms)
  ✔ ad reward claim refreshes the acting account's entries (0.064739ms)
  ✔ ad reward claim leaves the OTHER account's cache alone (0.023546ms)
  ✔ ad reward claim does not throw away shared market data (0.021435ms)
  ✔ ad reward claim never invalidates the whole tradingAccount tree (0.080613ms)
  ✔ skips season-only views for a general account (0.085675ms)
  ✔ refreshes season-only views for a season account (0.137076ms)
✔ account-scoped invalidation targets ONE account (3.109648ms)
▶ query keys separate accounts structurally
  ✔ account A's prefix cannot match account B's entries (0.145278ms)
  ✔ two season accounts do not share one cache entry (0.155083ms)
  ✔ normalises equivalent filters to one entry (0.162787ms)
✔ query keys separate accounts structurally (0.674862ms)
✔ transfer refreshes only the command account cash and ledger, without TWR or positions (0.187076ms)
(node:868614) [MODULE_TYPELESS_PACKAGE_JSON] Warning: Module type of file:///home/nayuta/projects/trading-app/frontend/src/features/tradingAccount/legacyFinancialCalls.test.ts is not specified and it doesn't parse as CommonJS.
Reparsing as ES module because module syntax was detected. This incurs a performance overhead.
To eliminate this warning, add "type": "module" to /home/nayuta/projects/trading-app/frontend/package.json.
(Use `node --trace-warnings ...` to show where the warning was created)
▶ current financial screens never call a legacy implicit-account API
  ✔ defines no legacy financial request function anywhere (13.51755ms)
  ✔ imports no legacy financial symbol (3.01663ms)
  ✔ keeps getCurrentSeason out of app entry and per-account gating (0.555858ms)
  ✔ reads every current financial screen through the account-scoped surface (0.344398ms)
✔ current financial screens never call a legacy implicit-account API (18.117054ms)
(node:868625) [MODULE_TYPELESS_PACKAGE_JSON] Warning: Module type of file:///home/nayuta/projects/trading-app/frontend/src/features/tradingAccount/modeSelection.test.ts is not specified and it doesn't parse as CommonJS.
Reparsing as ES module because module syntax was detected. This incurs a performance overhead.
To eliminate this warning, add "type": "module" to /home/nayuta/projects/trading-app/frontend/package.json.
(Use `node --trace-warnings ...` to show where the warning was created)
▶ buildModeSelectionModel — 일반 투자 column
  ✔ offers STARTING a general account to a season-only user (13.1) (0.81684ms)
  ✔ offers the EXISTING general account, never a second one (13.2) (0.141278ms)
  ✔ still offers a suspended or closed general account as itself (0.098695ms)
  ✔ prefers the active general account if several ever existed (0.147613ms)
✔ buildModeSelectionModel — 일반 투자 column (1.758459ms)
▶ buildModeSelectionModel — 시즌 투자 column
  ✔ offers continuing the season the user is competing in, without a join CTA (0.208553ms)
  ✔ offers JOINING an active season the user has not joined (13.2·13.4) (0.164887ms)
  ✔ offers no join when there is no season at all (0.180624ms)
  ✔ offers no join for an upcoming or ended season (0.208712ms)
  ✔ offers no join when the owned list already holds that season — even if the season answer is stale (0.185452ms)
  ✔ does not offer joining when membership is known but the account list is stale (0.245936ms)
  ✔ honours server effective mode and expired dates despite an active status (0.132046ms)
  ✔ keeps general and past accounts available when the season lookup has no usable result (0.124279ms)
  ✔ offers the current season alongside past accounts without fabricating an account or shortening its name (0.221721ms)
  ✔ shows both options to a user holding general + active season (13.3), deciding nothing (0.212076ms)
✔ buildModeSelectionModel — 시즌 투자 column (2.180296ms)
▶ buildModeSelectionModel — past seasons (13.5)
  ✔ lists ended/settled season accounts as history, never as "continue" (0.523335ms)
  ✔ treats an ended-but-unsettled season account as past, not as a live start (0.133436ms)
  ✔ treats an excluded participant as not competing (0.058425ms)
✔ buildModeSelectionModel — past seasons (13.5) (0.793878ms)
▶ hasGeneralAccount
  ✔ is false only when NO general account exists in any status (0.053024ms)
✔ hasGeneralAccount (0.07708ms)
(node:868633) [MODULE_TYPELESS_PACKAGE_JSON] Warning: Module type of file:///home/nayuta/projects/trading-app/frontend/src/features/tradingAccount/portfolioMessage.test.ts is not specified and it doesn't parse as CommonJS.
Reparsing as ES module because module syntax was detected. This incurs a performance overhead.
To eliminate this warning, add "type": "module" to /home/nayuta/projects/trading-app/frontend/package.json.
(Use `node --trace-warnings ...` to show where the warning was created)
▶ portfolio user message
  ✔ maps price failures to Korean copy without leaking backend details (0.397241ms)
✔ portfolio user message (0.765928ms)
(node:868640) [MODULE_TYPELESS_PACKAGE_JSON] Warning: Module type of file:///home/nayuta/projects/trading-app/frontend/src/features/tradingAccount/portfolioReadPolicy.test.ts is not specified and it doesn't parse as CommonJS.
Reparsing as ES module because module syntax was detected. This incurs a performance overhead.
To eliminate this warning, add "type": "module" to /home/nayuta/projects/trading-app/frontend/package.json.
(Use `node --trace-warnings ...` to show where the warning was created)
▶ portfolio recovery eligibility and safe facts
  ✔ allows one bounded retry for no_response/ECONNABORTED (0.603036ms)
  ✔ allows one bounded retry for no_response/ERR_NETWORK (0.087362ms)
  ✔ allows one bounded retry for 502/ERR_BAD_RESPONSE (0.102462ms)
  ✔ allows one bounded retry for 503/ERR_BAD_RESPONSE (0.116341ms)
  ✔ allows one bounded retry for 504/ERR_BAD_RESPONSE (0.088879ms)
  ✔ does not automatically retry or reconnect/remount repair UNAUTHORIZED/ERR_BAD_RESPONSE (0.131271ms)
  ✔ does not automatically retry or reconnect/remount repair FORBIDDEN/ERR_BAD_RESPONSE (0.103449ms)
  ✔ does not automatically retry or reconnect/remount repair TRADING_ACCOUNT_NOT_FOUND/ERR_BAD_RESPONSE (0.112182ms)
  ✔ does not automatically retry or reconnect/remount repair INTERNAL_SERVER_ERROR/ERR_BAD_RESPONSE (0.1559ms)
  ✔ does not automatically retry or reconnect/remount repair TRADING_ACCOUNT_SCOPE_MISMATCH/ERR_BAD_RESPONSE (0.23906ms)
  ✔ does not automatically retry or reconnect/remount repair GENERAL_PERFORMANCE_INTEGRITY/ERR_BAD_RESPONSE (0.062903ms)
  ✔ does not automatically retry or reconnect/remount repair INVALID_DECIMAL/ERR_BAD_RESPONSE (0.086694ms)
  ✔ does not automatically retry or reconnect/remount repair unrecognized/ERR_BAD_RESPONSE (0.110261ms)
  ✔ does not automatically retry or reconnect/remount repair not_observed/not_observed (0.091416ms)
  ✔ does not automatically retry or reconnect/remount repair not_observed/ERR_CANCELED (0.12899ms)
  ✔ does not automatically retry or reconnect/remount repair not_observed/TRADING_ACCOUNT_SCOPE_MISMATCH (0.095438ms)
  ✔ contains only bounded allowlisted metadata, never error messages or payloads (0.293612ms)
✔ portfolio recovery eligibility and safe facts (3.79093ms)
▶ actual authentication, entry, Axios and portfolio cache flow
  ✔ login → seeded me → owned list → season portfolio (success) (199.93881ms)
  ✔ login → seeded me → owned list → season portfolio (timeout) (96.356451ms)
  ✔ login → seeded me → owned list → season portfolio (gateway) (77.587478ms)
✔ actual authentication, entry, Axios and portfolio cache flow (374.065644ms)
(node:868661) [MODULE_TYPELESS_PACKAGE_JSON] Warning: Module type of file:///home/nayuta/projects/trading-app/frontend/src/features/tradingAccount/quotedAction.test.ts is not specified and it doesn't parse as CommonJS.
Reparsing as ES module because module syntax was detected. This incurs a performance overhead.
To eliminate this warning, add "type": "module" to /home/nayuta/projects/trading-app/frontend/package.json.
(Use `node --trace-warnings ...` to show where the warning was created)
✔ order: one click quotes then executes once in general-account, repeated clicks are locked (3.226435ms)
✔ order: one click quotes then executes once in season-account, repeated clicks are locked (0.61909ms)
✔ fx: one click quotes then executes once in general-account, repeated clicks are locked (0.691575ms)
✔ fx: one click quotes then executes once in season-account, repeated clicks are locked (0.562033ms)
✔ lost execute response retries the identical quote, request and key, even if quote TTL has passed (0.444663ms)
✔ account epoch changes or unmount during quote prevent execute, including A → B → A (0.127536ms)
✔ expiry, stale data and price/rate changes propagate server errors with no automatic retries (0.22534ms)
(node:868669) [MODULE_TYPELESS_PACKAGE_JSON] Warning: Module type of file:///home/nayuta/projects/trading-app/frontend/src/features/tradingAccount/sessionCacheObserver.test.ts is not specified and it doesn't parse as CommonJS.
Reparsing as ES module because module syntax was detected. This incurs a performance overhead.
To eliminate this warning, add "type": "module" to /home/nayuta/projects/trading-app/frontend/package.json.
(Use `node --trace-warnings ...` to show where the warning was created)
react-test-renderer is deprecated. See https://react.dev/warnings/react-test-renderer
✔ the mounted account provider reattaches to cleared/seeded me and incoming user-scoped account queries (166.379905ms)
(node:868683) [MODULE_TYPELESS_PACKAGE_JSON] Warning: Module type of file:///home/nayuta/projects/trading-app/frontend/src/features/wallet/fxAccountScope.test.ts is not specified and it doesn't parse as CommonJS.
Reparsing as ES module because module syntax was detected. This incurs a performance overhead.
To eliminate this warning, add "type": "module" to /home/nayuta/projects/trading-app/frontend/package.json.
(Use `node --trace-warnings ...` to show where the warning was created)
▶ FX response account scope
  ▶ isFxResponseInScope
    ✔ accepts a response for the account the screen is showing now (0.546594ms)
    ✔ rejects account A's response after the user switched to account B (0.133287ms)
    ✔ rejects a response from BEFORE a switch even when the user switched back (0.088582ms)
    ✔ rejects everything while no account is selected (0.595693ms)
  ✔ isFxResponseInScope (1.731845ms)
  ▶ isFxQuoteResponseCurrent
    ✔ accepts a quote for the current account and the current inputs (0.303608ms)
    ✔ rejects account A's quote once the screen shows account B (0.124374ms)
    ✔ still rejects a superseded quote within the SAME account (0.073451ms)
    ✔ rejects a quote whose inputs match but whose account does not (0.166723ms)
  ✔ isFxQuoteResponseCurrent (0.819398ms)
✔ FX response account scope (2.837004ms)
(node:868690) [MODULE_TYPELESS_PACKAGE_JSON] Warning: Module type of file:///home/nayuta/projects/trading-app/frontend/src/features/wallet/fxRateUpdates.test.ts is not specified and it doesn't parse as CommonJS.
Reparsing as ES module because module syntax was detected. This incurs a performance overhead.
To eliminate this warning, add "type": "module" to /home/nayuta/projects/trading-app/frontend/package.json.
(Use `node --trace-warnings ...` to show where the warning was created)
▶ FX rate notifications
  ✔ resyncs canonical REST and updates KRW preview without clearing input (313.936252ms)
  ✔ resyncs canonical REST and updates USD preview without clearing input (123.976333ms)
  ✔ repeats after an in-flight read, coalesces bursts and recovers from a failed read (0.880975ms)
react-test-renderer is deprecated. See https://react.dev/warnings/react-test-renderer
  ✔ keeps the existing account-switch reset while rates remain account-independent (114.074322ms)
  ✔ cancels pre-event queries and resyncs on ACK, foreground, and validity expiry (1174.038936ms)
✔ FX rate notifications (1727.76846ms)
▶ FX runtime observations stay separate from canonical REST values
  ✔ records ACK/update, coalesced resync, disconnect/auth/error, and ignores payload rates (0.867965ms)
✔ FX runtime observations stay separate from canonical REST values (1.010697ms)
(node:868729) [MODULE_TYPELESS_PACKAGE_JSON] Warning: Module type of file:///home/nayuta/projects/trading-app/frontend/src/features/wallet/fxUiDisplay.test.ts is not specified and it doesn't parse as CommonJS.
Reparsing as ES module because module syntax was detected. This incurs a performance overhead.
To eliminate this warning, add "type": "module" to /home/nayuta/projects/trading-app/frontend/package.json.
(Use `node --trace-warnings ...` to show where the warning was created)
✔ retains the measured loading rate space after arrival without limiting larger text (355.269303ms)
▶ FX screen information display
  ✔ the success Market action reaches MarketTab / Market (104.747056ms)
  ✔ keeps the current rate and captured timestamp with empty and filled inputs (130.10297ms)
  ✔ removes the ledger CTA from the suspended exchange branch and keeps the restriction (135.801946ms)
  ✔ removes the ledger CTA from the closed exchange branch and keeps the restriction (73.942273ms)
  ✔ retains unavailable-rate handling and disables execution without a ledger CTA (78.721805ms)
  ✔ keeps KRW quote → execute data and shows the successful response (79.096466ms)
  ✔ keeps USD quote → execute data and shows the successful response (65.337013ms)
✔ FX screen information display (668.328158ms)
▶ FX completion sheet rows
  ✔ renders exactly the eight requested rows for KRW on a short viewport (0.552887ms)
  ✔ renders exactly the eight requested rows for USD on a short viewport (0.32985ms)
✔ FX completion sheet rows (1.053555ms)
(node:868764) [MODULE_TYPELESS_PACKAGE_JSON] Warning: Module type of file:///home/nayuta/projects/trading-app/frontend/src/features/wallet/mapper.test.ts is not specified and it doesn't parse as CommonJS.
Reparsing as ES module because module syntax was detected. This incurs a performance overhead.
To eliminate this warning, add "type": "module" to /home/nayuta/projects/trading-app/frontend/package.json.
(Use `node --trace-warnings ...` to show where the warning was created)
▶ status-aware wallet balance display
  ✔ keeps an unfetched or absent wallet unknown (0.355433ms)
  ✔ distinguishes a real zero from a positive API balance (0.099852ms)
✔ status-aware wallet balance display (1.079924ms)
▶ wallet and FX rate failure isolation
  ✔ keeps loaded wallets renderable when only the FX rate request fails (0.261799ms)
  ✔ returns to ready after the FX rate query recovers (0.141989ms)
  ✔ still treats a wallet request failure as a wallet error (0.084604ms)
✔ wallet and FX rate failure isolation (0.632195ms)
▶ FX decimal display
  ✔ trims quote rates and formats display timestamps in KST (0.625658ms)
  ✔ formats KRW completion amounts with units and canonical balances (0.875605ms)
  ✔ formats USD completion amounts with units and canonical balances (0.171975ms)
  ✔ supports typed array wallet responses by currency rather than array order (0.207407ms)
  ✔ keeps absent canonical balances unknown without guessing from compatibility fields (0.212023ms)
✔ FX decimal display (2.624769ms)
▶ canonical Wallet Scope selection
  ✔ keeps the Wallet/FX/order funding readers on Securities irrespective of response order (0.179001ms)
  ✔ does not substitute Crypto or duplicate legacy USD rows for Securities (0.169652ms)
  ✔ can select a future scope explicitly and leaves source data unchanged (0.081664ms)
✔ canonical Wallet Scope selection (0.518273ms)
(node:868772) [MODULE_TYPELESS_PACKAGE_JSON] Warning: Module type of file:///home/nayuta/projects/trading-app/frontend/src/features/wallet/transactions.test.ts is not specified and it doesn't parse as CommonJS.
Reparsing as ES module because module syntax was detected. This incurs a performance overhead.
To eliminate this warning, add "type": "module" to /home/nayuta/projects/trading-app/frontend/package.json.
(Use `node --trace-warnings ...` to show where the warning was created)
▶ wallet ledger contract and real screen integration
  ✔ renders backend transactions/id through the actual API and screen (old screen threw at page.items.forEach) (113.878396ms)
  ✔ renders USD sell and FX target using their persisted USD balances, never KRW valuation (37.496268ms)
  ✔ shows both transfer legs, their wallet identities and a shared USD route (26.524168ms)
  ✔ only offers KRW/USD, defaults to KRW and honors route USD with separate query keys (42.038196ms)
  ✔ shows direction-compatible types and atomically resets an invalid selection to all (22.570431ms)
  ✔ keeps exchange selected for either direction and limits ad reward to its real writer scope (20.37774ms)
  ✔ merges pages by canonical id, follows nextOffset and retains first trade balanceAfter (15.913275ms)
  ✔ does not silently discard unknown/historical financial rows or mislabel ad funding as profit (15.349968ms)
  ✔ turns malformed API success into ErrorState without optional shape fallbacks (188.353428ms)
  ✔ uses empty/error/integrity states correctly for both account modes (28.727083ms)
  ✔ keeps long asset names, amounts, balance and date on wrapping vertical rows (12.637638ms)
✔ wallet ledger contract and real screen integration (524.769045ms)
▶ ledger executed quantity contract
  ✔ preserves fractional and large Decimal strings and uses stock/crypto units (0.296902ms)
  ✔ rejects absent, zero, malformed quantity and unknown asset types at the API boundary (0.436694ms)
  ✔ does not show trade quantity for FX or ad rewards, and rejects unexpected metadata (0.195948ms)
✔ ledger executed quantity contract (1.069923ms)
(node:868786) [MODULE_TYPELESS_PACKAGE_JSON] Warning: Module type of file:///home/nayuta/projects/trading-app/frontend/src/features/wallet/walletTransfer.test.ts is not specified and it doesn't parse as CommonJS.
Reparsing as ES module because module syntax was detected. This incurs a performance overhead.
To eliminate this warning, add "type": "module" to /home/nayuta/projects/trading-app/frontend/package.json.
(Use `node --trace-warnings ...` to show where the warning was created)
✔ Futures availability requires the account-owned wallet and canonical nonnegative collateral (0.694524ms)
✔ amount and available cash preserve eight decimal digits without spending reservations (0.601461ms)
✔ success must echo the command account, distinct canonical USD identities, amount and usable balances (0.476972ms)
✔ all canonical identities expose only approved USD and cross-currency routes (0.169576ms)
✔ a cross quote and success must echo account, wallet route, source currency/amount and pinned fee (0.673272ms)
(node:868797) [MODULE_TYPELESS_PACKAGE_JSON] Warning: Module type of file:///home/nayuta/projects/trading-app/frontend/src/hooks/pullToRefresh.test.ts is not specified and it doesn't parse as CommonJS.
Reparsing as ES module because module syntax was detected. This incurs a performance overhead.
To eliminate this warning, add "type": "module" to /home/nayuta/projects/trading-app/frontend/package.json.
(Use `node --trace-warnings ...` to show where the warning was created)
react-test-renderer is deprecated. See https://react.dev/warnings/react-test-renderer
react-test-renderer is deprecated. See https://react.dev/warnings/react-test-renderer
✔ uses a themed native control, coalesces duplicate pulls and always settles failures (89.326881ms)
react-test-renderer is deprecated. See https://react.dev/warnings/react-test-renderer
✔ does not start extra work during background/pagination fetch or disabled search (28.147076ms)
✔ preserves query data and local disclosure/range on failure, isolating late account responses (79.764755ms)
(node:868807) [MODULE_TYPELESS_PACKAGE_JSON] Warning: Module type of file:///home/nayuta/projects/trading-app/frontend/src/hooks/useFocusedInputScroll.test.ts is not specified and it doesn't parse as CommonJS.
Reparsing as ES module because module syntax was detected. This incurs a performance overhead.
To eliminate this warning, add "type": "module" to /home/nayuta/projects/trading-app/frontend/package.json.
(Use `node --trace-warnings ...` to show where the warning was created)
react-test-renderer is deprecated. See https://react.dev/warnings/react-test-renderer
✔ keeps focused input and submit visible when they fit, prioritizing input on a short viewport (49.194409ms)
✔ re-measures on keyboard/resize events, preserves manual scrolling and ignores late measurements after blur/unmount (18.482045ms)
(node:868816) [MODULE_TYPELESS_PACKAGE_JSON] Warning: Module type of file:///home/nayuta/projects/trading-app/frontend/src/screens/asset/AssetDetailFlow.test.ts is not specified and it doesn't parse as CommonJS.
Reparsing as ES module because module syntax was detected. This incurs a performance overhead.
To eliminate this warning, add "type": "module" to /home/nayuta/projects/trading-app/frontend/package.json.
(Use `node --trace-warnings ...` to show where the warning was created)
react-test-renderer is deprecated. See https://react.dev/warnings/react-test-renderer
react-test-renderer is deprecated. See https://react.dev/warnings/react-test-renderer
✔ market asset opens chart-first detail with price, change and a shared holding section (364.721356ms)
react-test-renderer is deprecated. See https://react.dev/warnings/react-test-renderer
✔ detail timeframe uses the existing query policy and isolates live candles (165.054045ms)
react-test-renderer is deprecated. See https://react.dev/warnings/react-test-renderer
✔ pair switch does not show a previous ticker or live candle (130.397086ms)
react-test-renderer is deprecated. See https://react.dev/warnings/react-test-renderer
✔ buy CTA passes the selected account and opens the existing trading screen (120.781364ms)
react-test-renderer is deprecated. See https://react.dev/warnings/react-test-renderer
✔ sell CTA passes the selected account and opens the existing trading screen (111.198155ms)
react-test-renderer is deprecated. See https://react.dev/warnings/react-test-renderer
✔ no selected account disables both order actions without a fallback route (103.502201ms)
react-test-renderer is deprecated. See https://react.dev/warnings/react-test-renderer
✔ an Order route keeps its account when selection changes (93.344668ms)
react-test-renderer is deprecated. See https://react.dev/warnings/react-test-renderer
✔ 320px and large text keep both order actions flexible below the chart (89.076613ms)
react-test-renderer is deprecated. See https://react.dev/warnings/react-test-renderer
react-test-renderer is deprecated. See https://react.dev/warnings/react-test-renderer
✔ detail candle diagnostics stay admin only (181.026836ms)
react-test-renderer is deprecated. See https://react.dev/warnings/react-test-renderer
✔ detail header keeps name, symbol, paired prices, change, chart and actions in order at 320px and fontScale 2 (100.222284ms)
react-test-renderer is deprecated. See https://react.dev/warnings/react-test-renderer
✔ USD/KRW toggle swaps only the same display price pair (101.101644ms)
react-test-renderer is deprecated. See https://react.dev/warnings/react-test-renderer
✔ unavailable ticker KRW never borrows REST conversion (90.304615ms)
react-test-renderer is deprecated. See https://react.dev/warnings/react-test-renderer
✔ domestic KRW stock has no invented USD conversion (101.276883ms)
react-test-renderer is deprecated. See https://react.dev/warnings/react-test-renderer
✔ changing assets restores USD as the default display choice (87.482998ms)
react-test-renderer is deprecated. See https://react.dev/warnings/react-test-renderer
✔ settlement badge shows USD for Binance and stays separate from the display toggle (84.390488ms)
✔ domestic asset shows KRW and a long name wraps beside the badge (80.129821ms)
(node:868858) [MODULE_TYPELESS_PACKAGE_JSON] Warning: Module type of file:///home/nayuta/projects/trading-app/frontend/src/screens/asset/accountHoldings.test.ts is not specified and it doesn't parse as CommonJS.
Reparsing as ES module because module syntax was detected. This incurs a performance overhead.
To eliminate this warning, add "type": "module" to /home/nayuta/projects/trading-app/frontend/package.json.
(Use `node --trace-warnings ...` to show where the warning was created)
react-test-renderer is deprecated. See https://react.dev/warnings/react-test-renderer
react-test-renderer is deprecated. See https://react.dev/warnings/react-test-renderer
✔ holding TP/SL creates with the card account, asset and Position; active protection opens management (381.111574ms)
react-test-renderer is deprecated. See https://react.dev/warnings/react-test-renderer
✔ pending separates Spot/Futures entries from active or holding Protection and honors cancellation capability (180.476273ms)
react-test-renderer is deprecated. See https://react.dev/warnings/react-test-renderer
✔ pending keeps Futures protection visible but paused when only Futures mode is disabled; cancellation remains available (135.127006ms)
react-test-renderer is deprecated. See https://react.dev/warnings/react-test-renderer
▶ holdings in Order with real React Query and order invalidation
  ✔ all/current filters, missing asset and zero positions; changing asset resets filter/input/KRW (126.640219ms)
react-test-renderer is deprecated. See https://react.dev/warnings/react-test-renderer
  ✔ renders every page without publishing a partial count or nesting a vertical list (148.553702ms)
react-test-renderer is deprecated. See https://react.dev/warnings/react-test-renderer
  ✔ never renders general holdings under season, including a late general response and cached return (126.125585ms)
react-test-renderer is deprecated. See https://react.dev/warnings/react-test-renderer
  ✔ general/all: first buy, add buy, partial sell and full sell update through real create invalidation (168.517634ms)
react-test-renderer is deprecated. See https://react.dev/warnings/react-test-renderer
  ✔ general/current: first buy, add buy, partial sell and full sell update through real create invalidation (153.968441ms)
react-test-renderer is deprecated. See https://react.dev/warnings/react-test-renderer
  ✔ season/all: first buy, add buy, partial sell and full sell update through real create invalidation (151.841265ms)
react-test-renderer is deprecated. See https://react.dev/warnings/react-test-renderer
  ✔ season/current: first buy, add buy, partial sell and full sell update through real create invalidation (157.283527ms)
react-test-renderer is deprecated. See https://react.dev/warnings/react-test-renderer
  ✔ suspended accounts remain readable independently from order capability (107.516768ms)
react-test-renderer is deprecated. See https://react.dev/warnings/react-test-renderer
  ✔ closed accounts remain readable independently from order capability (101.106443ms)
react-test-renderer is deprecated. See https://react.dev/warnings/react-test-renderer
  ✔ distinguishes network failure from empty, retries (122.430237ms)
react-test-renderer is deprecated. See https://react.dev/warnings/react-test-renderer
  ✔ distinguishes integrity failure from empty, retries (109.802632ms)
react-test-renderer is deprecated. See https://react.dev/warnings/react-test-renderer
  ✔ uses canonical valuation including unavailable/stale, signs, zero and high returns; KRW toggle leaves holdings intact (98.640029ms)
react-test-renderer is deprecated. See https://react.dev/warnings/react-test-renderer
  ✔ domestic_stock open badge is beside the pair, never raw (98.739393ms)
react-test-renderer is deprecated. See https://react.dev/warnings/react-test-renderer
  ✔ domestic_stock closed badge is beside the pair, never raw (97.285603ms)
react-test-renderer is deprecated. See https://react.dev/warnings/react-test-renderer
  ✔ domestic_stock unknown badge is beside the pair, never raw (99.317884ms)
react-test-renderer is deprecated. See https://react.dev/warnings/react-test-renderer
  ✔ us_stock open badge is beside the pair, never raw (105.413947ms)
react-test-renderer is deprecated. See https://react.dev/warnings/react-test-renderer
  ✔ us_stock closed badge is beside the pair, never raw (84.92111ms)
react-test-renderer is deprecated. See https://react.dev/warnings/react-test-renderer
  ✔ us_stock unknown badge is beside the pair, never raw (91.338208ms)
✔ holdings in Order with real React Query and order invalidation (2150.725666ms)
react-test-renderer is deprecated. See https://react.dev/warnings/react-test-renderer
▶ pending limit orders in the real trading screen
  ✔ aggregates pending emptiness for Spot 0/Futures 1 and keeps TP/SL independent (97.527224ms)
react-test-renderer is deprecated. See https://react.dev/warnings/react-test-renderer
  ✔ aggregates pending emptiness for Spot 1/Futures 0 and keeps TP/SL independent (114.245089ms)
react-test-renderer is deprecated. See https://react.dev/warnings/react-test-renderer
  ✔ aggregates pending emptiness for Spot 0/Futures 0 and keeps TP/SL independent (117.735423ms)
react-test-renderer is deprecated. See https://react.dev/warnings/react-test-renderer
  ✔ keeps holdings filters and shows a distinct empty pending state (108.706681ms)
react-test-renderer is deprecated. See https://react.dev/warnings/react-test-renderer
  ✔ shows BUY and SELL, excludes other lifecycle rows, and wraps long values at 320px / 2× font (97.114823ms)
react-test-renderer is deprecated. See https://react.dev/warnings/react-test-renderer
  ✔ keeps all three filters accessible at 430px (112.477431ms)
react-test-renderer is deprecated. See https://react.dev/warnings/react-test-renderer
  ✔ switches General to Season without ever showing the old account row (111.800184ms)
react-test-renderer is deprecated. See https://react.dev/warnings/react-test-renderer
  ✔ refreshes create, matcher execution and cancellation from the account-scoped key (113.007391ms)
react-test-renderer is deprecated. See https://react.dev/warnings/react-test-renderer
  ✔ reads every submitted page before displaying the list (162.521854ms)
react-test-renderer is deprecated. See https://react.dev/warnings/react-test-renderer
  ✔ distinguishes network failure from empty (104.41865ms)
react-test-renderer is deprecated. See https://react.dev/warnings/react-test-renderer
  ✔ distinguishes integrity failure from empty (102.343948ms)
✔ pending limit orders in the real trading screen (1242.512645ms)
▶ order panel side colors in the trading screen
  ✔ keeps BUY green and SELL red on selected tabs and final CTA (119.456213ms)
✔ order panel side colors in the trading screen (119.660373ms)
(node:868970) [MODULE_TYPELESS_PACKAGE_JSON] Warning: Module type of file:///home/nayuta/projects/trading-app/frontend/src/screens/asset/assetPriceDiagnostics.test.ts is not specified and it doesn't parse as CommonJS.
Reparsing as ES module because module syntax was detected. This incurs a performance overhead.
To eliminate this warning, add "type": "module" to /home/nayuta/projects/trading-app/frontend/package.json.
(Use `node --trace-warnings ...` to show where the warning was created)
react-test-renderer is deprecated. See https://react.dev/warnings/react-test-renderer
react-test-renderer is deprecated. See https://react.dev/warnings/react-test-renderer
▶ asset detail HTTP 200 price diagnostics
  ✔ keeps chart failure copy safe and diagnostics gated for user (361.346735ms)
react-test-renderer is deprecated. See https://react.dev/warnings/react-test-renderer
  ✔ keeps chart failure copy safe and diagnostics gated for operator (169.112187ms)
react-test-renderer is deprecated. See https://react.dev/warnings/react-test-renderer
  ✔ keeps chart failure copy safe and diagnostics gated for admin (132.408158ms)
react-test-renderer is deprecated. See https://react.dev/warnings/react-test-renderer
  ✔ filters arbitrary ticker/conversion reasons in Detail runtime diagnostics (115.991441ms)
react-test-renderer is deprecated. See https://react.dev/warnings/react-test-renderer
  ✔ filters arbitrary ticker/conversion reasons in OrderScreen runtime diagnostics (112.512812ms)
react-test-renderer is deprecated. See https://react.dev/warnings/react-test-renderer
  ✔ shows an actual HTTP quote failure beside the order error, collapsed (125.724279ms)
react-test-renderer is deprecated. See https://react.dev/warnings/react-test-renderer
  ✔ gives admin the backend diagnostic in the detail screen, once, alongside existing price warnings (101.99436ms)
react-test-renderer is deprecated. See https://react.dev/warnings/react-test-renderer
  ✔ does not show technical details when FX conversion has no consumer error on the standalone order screen (98.84427ms)
react-test-renderer is deprecated. See https://react.dev/warnings/react-test-renderer
  ✔ does not invent a diagnostic for missing price, unrelated price errors or normal price (124.18447ms)
react-test-renderer is deprecated. See https://react.dev/warnings/react-test-renderer
  ✔ keeps the normal display when a newer ticker resolves the visible REST failure (99.259285ms)
react-test-renderer is deprecated. See https://react.dev/warnings/react-test-renderer
  ✔ places a client runtime diagnosis inside the visible stale preview warning (98.838418ms)
react-test-renderer is deprecated. See https://react.dev/warnings/react-test-renderer
  ✔ explains when an accepted unavailable WebSocket ticker replaces a valid REST display (108.453549ms)
react-test-renderer is deprecated. See https://react.dev/warnings/react-test-renderer
  ✔ does not attach an older REST diagnosis to a newer ticker failure (97.772065ms)
react-test-renderer is deprecated. See https://react.dev/warnings/react-test-renderer
  ✔ explains a ticker-only FX conversion failure without inventing a REST diagnostic (100.435015ms)
react-test-renderer is deprecated. See https://react.dev/warnings/react-test-renderer
  ✔ shows the runtime cause on a standalone order screen without a REST diagnostic (111.781012ms)
react-test-renderer is deprecated. See https://react.dev/warnings/react-test-renderer
  ✔ hides an injected backend diagnostic from user (104.069737ms)
react-test-renderer is deprecated. See https://react.dev/warnings/react-test-renderer
  ✔ hides an injected backend diagnostic from operator (93.779996ms)
react-test-renderer is deprecated. See https://react.dev/warnings/react-test-renderer
  ✔ fails closed when /me fails or has not resolved (210.666608ms)
✔ asset detail HTTP 200 price diagnostics (2368.695576ms)
(node:869015) [MODULE_TYPELESS_PACKAGE_JSON] Warning: Module type of file:///home/nayuta/projects/trading-app/frontend/src/screens/asset/inlineTrading.test.ts is not specified and it doesn't parse as CommonJS.
Reparsing as ES module because module syntax was detected. This incurs a performance overhead.
To eliminate this warning, add "type": "module" to /home/nayuta/projects/trading-app/frontend/package.json.
(Use `node --trace-warnings ...` to show where the warning was created)
react-test-renderer is deprecated. See https://react.dev/warnings/react-test-renderer
react-test-renderer is deprecated. See https://react.dev/warnings/react-test-renderer
▶ Order screen lifecycle with real React and query mutations
  ✔ general market buy preserves quote/create, canonical inputs, account and success (385.352457ms)
react-test-renderer is deprecated. See https://react.dev/warnings/react-test-renderer
  ✔ general limit buy preserves quote/create, canonical inputs, account and success (183.707968ms)
react-test-renderer is deprecated. See https://react.dev/warnings/react-test-renderer
  ✔ general market sell preserves quote/create, canonical inputs, account and success (148.459239ms)
react-test-renderer is deprecated. See https://react.dev/warnings/react-test-renderer
  ✔ general limit sell preserves quote/create, canonical inputs, account and success (128.354486ms)
react-test-renderer is deprecated. See https://react.dev/warnings/react-test-renderer
  ✔ season market buy preserves quote/create, canonical inputs, account and success (121.286386ms)
react-test-renderer is deprecated. See https://react.dev/warnings/react-test-renderer
  ✔ season limit buy preserves quote/create, canonical inputs, account and success (111.69661ms)
react-test-renderer is deprecated. See https://react.dev/warnings/react-test-renderer
  ✔ season market sell preserves quote/create, canonical inputs, account and success (104.32536ms)
react-test-renderer is deprecated. See https://react.dev/warnings/react-test-renderer
  ✔ season limit sell preserves quote/create, canonical inputs, account and success (110.949677ms)
react-test-renderer is deprecated. See https://react.dev/warnings/react-test-renderer
  ✔ a delayed buy quote cannot create after account changes (123.81819ms)
react-test-renderer is deprecated. See https://react.dev/warnings/react-test-renderer
  ✔ a delayed sell quote is discarded after account changes (103.041451ms)
react-test-renderer is deprecated. See https://react.dev/warnings/react-test-renderer
  ✔ a delayed buy quote cannot create after asset changes (102.710391ms)
react-test-renderer is deprecated. See https://react.dev/warnings/react-test-renderer
  ✔ a delayed sell quote is discarded after asset changes (115.83276ms)
react-test-renderer is deprecated. See https://react.dev/warnings/react-test-renderer
  ✔ a delayed buy quote cannot create after side changes (101.873777ms)
react-test-renderer is deprecated. See https://react.dev/warnings/react-test-renderer
  ✔ a delayed sell quote is discarded after side changes (111.696876ms)
react-test-renderer is deprecated. See https://react.dev/warnings/react-test-renderer
  ✔ a late buy create refreshes only the original account without a stale success sheet (113.357036ms)
react-test-renderer is deprecated. See https://react.dev/warnings/react-test-renderer
  ✔ a late sell create refreshes only the original account without a stale success sheet (101.410914ms)
react-test-renderer is deprecated. See https://react.dev/warnings/react-test-renderer
  ✔ buy ignores a second create press before React disables the button (99.538066ms)
react-test-renderer is deprecated. See https://react.dev/warnings/react-test-renderer
  ✔ buy clears the unusable quote after QUOTE_EXPIRED (124.498514ms)
react-test-renderer is deprecated. See https://react.dev/warnings/react-test-renderer
  ✔ buy clears the unusable quote after RATE_CHANGED_REQUOTE_REQUIRED (109.636169ms)
react-test-renderer is deprecated. See https://react.dev/warnings/react-test-renderer
  ✔ buy clears the unusable quote after ORDER_IDEMPOTENCY_CONFLICT (107.774294ms)
react-test-renderer is deprecated. See https://react.dev/warnings/react-test-renderer
  ✔ sell ignores a second create press before React disables the button (117.181619ms)
react-test-renderer is deprecated. See https://react.dev/warnings/react-test-renderer
  ✔ sell clears the unusable quote after QUOTE_EXPIRED (109.671673ms)
react-test-renderer is deprecated. See https://react.dev/warnings/react-test-renderer
  ✔ sell clears the unusable quote after RATE_CHANGED_REQUOTE_REQUIRED (110.394448ms)
react-test-renderer is deprecated. See https://react.dev/warnings/react-test-renderer
  ✔ sell clears the unusable quote after ORDER_IDEMPOTENCY_CONFLICT (120.341846ms)
react-test-renderer is deprecated. See https://react.dev/warnings/react-test-renderer
  ✔ retries an uncertain buy with the same quote and idempotency key (113.483639ms)
react-test-renderer is deprecated. See https://react.dev/warnings/react-test-renderer
  ✔ rejects an expired sell quote before create, then allows an explicit retry (112.239948ms)
react-test-renderer is deprecated. See https://react.dev/warnings/react-test-renderer
  ✔ locks sell input and type controls through quote and create, including direct stale callbacks (115.02838ms)
react-test-renderer is deprecated. See https://react.dev/warnings/react-test-renderer
  ✔ uses each account holdings for ratios and blocks overselling and suspended accounts (100.104949ms)
react-test-renderer is deprecated. See https://react.dev/warnings/react-test-renderer
  ✔ keeps old account holdings and quotes away after switching A → B → A (104.795609ms)
✔ Order screen lifecycle with real React and query mutations (3614.728866ms)
react-test-renderer is deprecated. See https://react.dev/warnings/react-test-renderer
▶ trading and chart screen boundaries
  ✔ resets the display toggle and inputs on pair replacement and reuses the search route (108.699638ms)
  ✔ keeps all candle work on the focused chart, merges live data and resyncs REST (90.221843ms)
✔ trading and chart screen boundaries (199.113893ms)
(node:869115) [MODULE_TYPELESS_PACKAGE_JSON] Warning: Module type of file:///home/nayuta/projects/trading-app/frontend/src/screens/asset/tradingControls.test.ts is not specified and it doesn't parse as CommonJS.
Reparsing as ES module because module syntax was detected. This incurs a performance overhead.
To eliminate this warning, add "type": "module" to /home/nayuta/projects/trading-app/frontend/package.json.
(Use `node --trace-warnings ...` to show where the warning was created)
react-test-renderer is deprecated. See https://react.dev/warnings/react-test-renderer
react-test-renderer is deprecated. See https://react.dev/warnings/react-test-renderer
✔ buy: market/limit transitions clear stale actions and strip market limitPrice (393.9349ms)
react-test-renderer is deprecated. See https://react.dev/warnings/react-test-renderer
✔ buy: quote failure never creates; user may explicitly retry (173.660399ms)
react-test-renderer is deprecated. See https://react.dev/warnings/react-test-renderer
✔ sell: market/limit transitions clear stale actions and strip market limitPrice (147.242141ms)
react-test-renderer is deprecated. See https://react.dev/warnings/react-test-renderer
✔ sell: quote failure never creates; user may explicitly retry (126.135782ms)
react-test-renderer is deprecated. See https://react.dev/warnings/react-test-renderer
✔ bnb: all buy ratios fill from available wallet with existing fee buffer (108.822869ms)
react-test-renderer is deprecated. See https://react.dev/warnings/react-test-renderer
✔ samsung: all buy ratios fill from available wallet with existing fee buffer (104.11829ms)
react-test-renderer is deprecated. See https://react.dev/warnings/react-test-renderer
✔ all sell ratios use selected position and empty holdings stays quiet until input or ratio press (121.578534ms)
react-test-renderer is deprecated. See https://react.dev/warnings/react-test-renderer
✔ ratio zero: press explains inability without inventing quantity (98.655773ms)
react-test-renderer is deprecated. See https://react.dev/warnings/react-test-renderer
✔ ratio wallet: press explains inability without inventing quantity (93.960469ms)
react-test-renderer is deprecated. See https://react.dev/warnings/react-test-renderer
✔ ratio price: press explains inability without inventing quantity (104.311879ms)
react-test-renderer is deprecated. See https://react.dev/warnings/react-test-renderer
✔ ratio limit: press explains inability without inventing quantity (91.075675ms)
react-test-renderer is deprecated. See https://react.dev/warnings/react-test-renderer
✔ ratio position: press explains inability without inventing quantity (102.911598ms)
react-test-renderer is deprecated. See https://react.dev/warnings/react-test-renderer
✔ sell quantity 1: partial/full holding and canonical quote strings (100.521722ms)
react-test-renderer is deprecated. See https://react.dev/warnings/react-test-renderer
✔ sell quantity 4: partial/full holding and canonical quote strings (103.736233ms)
react-test-renderer is deprecated. See https://react.dev/warnings/react-test-renderer
✔ sell quote binding rejects {"asset":{"id":"other"}} (118.025544ms)
react-test-renderer is deprecated. See https://react.dev/warnings/react-test-renderer
✔ sell quote binding rejects {"side":"buy"} (96.83054ms)
react-test-renderer is deprecated. See https://react.dev/warnings/react-test-renderer
✔ sell quote binding rejects {"quantity":"2"} (101.030747ms)
react-test-renderer is deprecated. See https://react.dev/warnings/react-test-renderer
✔ sell quote binding rejects {"orderType":"limit"} (107.727454ms)
{"event":"trading_account_response_scope_mismatch","endpoint":"POST /trading-accounts/:accountId/orders/quote","expectedAccountId":"general","actualAccountId":"other"}
react-test-renderer is deprecated. See https://react.dev/warnings/react-test-renderer
✔ sell quote binding rejects {"tradingAccountId":"other"} (106.583369ms)
react-test-renderer is deprecated. See https://react.dev/warnings/react-test-renderer
✔ sell uncertain create preserves quote and idempotency key across an explicit retry (106.492842ms)
react-test-renderer is deprecated. See https://react.dev/warnings/react-test-renderer
✔ user detail technical warnings respect role; product notices remain (103.372849ms)
react-test-renderer is deprecated. See https://react.dev/warnings/react-test-renderer
✔ user chart technical warnings respect role; product notices remain (100.050415ms)
react-test-renderer is deprecated. See https://react.dev/warnings/react-test-renderer
✔ operator detail technical warnings respect role; product notices remain (88.039017ms)
react-test-renderer is deprecated. See https://react.dev/warnings/react-test-renderer
✔ operator chart technical warnings respect role; product notices remain (102.592769ms)
react-test-renderer is deprecated. See https://react.dev/warnings/react-test-renderer
✔ admin detail technical warnings respect role; product notices remain (89.020747ms)
react-test-renderer is deprecated. See https://react.dev/warnings/react-test-renderer
✔ admin chart technical warnings respect role; product notices remain (89.435742ms)
react-test-renderer is deprecated. See https://react.dev/warnings/react-test-renderer
✔ double click during sell quote and unmount never start create (91.210568ms)
✔ sell unavailable position section explains ratio failure and blocks create (88.800027ms)
(node:869179) [MODULE_TYPELESS_PACKAGE_JSON] Warning: Module type of file:///home/nayuta/projects/trading-app/frontend/src/screens/auth/publicAuthErrors.test.ts is not specified and it doesn't parse as CommonJS.
Reparsing as ES module because module syntax was detected. This incurs a performance overhead.
To eliminate this warning, add "type": "module" to /home/nayuta/projects/trading-app/frontend/package.json.
(Use `node --trace-warnings ...` to show where the warning was created)
react-test-renderer is deprecated. See https://react.dev/warnings/react-test-renderer
react-test-renderer is deprecated. See https://react.dev/warnings/react-test-renderer
react-test-renderer is deprecated. See https://react.dev/warnings/react-test-renderer
▶ public authentication and general account errors
  ✔ Login renders safe failure text before authentication (101.203824ms)
  ✔ Signup renders safe failure text before authentication (30.555538ms)
  ✔ uses the real general-account mutation mapper for setup error text (25.146413ms)
✔ public authentication and general account errors (157.582903ms)
(node:869192) [MODULE_TYPELESS_PACKAGE_JSON] Warning: Module type of file:///home/nayuta/projects/trading-app/frontend/src/screens/entry/ModeSelectionScreen.test.ts is not specified and it doesn't parse as CommonJS.
Reparsing as ES module because module syntax was detected. This incurs a performance overhead.
To eliminate this warning, add "type": "module" to /home/nayuta/projects/trading-app/frontend/package.json.
(Use `node --trace-warnings ...` to show where the warning was created)
✔ simplifies owned general/joined season cards while retaining explicit local selection (93.82311ms)
✔ unjoined and empty-account cards offer explicit start/join without a fabricated participation badge (26.852282ms)
✔ keeps loading, account/season retries, general-open failure and past-season access (24.195611ms)
✔ beginner entry is hidden by default and creation requires an explicit press (19.906918ms)
✔ existing beginner selection changes accounts without creating or moving data (15.332032ms)
✔ beginner creation errors retain the original error for the shared diagnostic surface (15.314061ms)
(node:869232) [MODULE_TYPELESS_PACKAGE_JSON] Warning: Module type of file:///home/nayuta/projects/trading-app/frontend/src/screens/futures/FuturesLimitEntry.test.ts is not specified and it doesn't parse as CommonJS.
Reparsing as ES module because module syntax was detected. This incurs a performance overhead.
To eliminate this warning, add "type": "module" to /home/nayuta/projects/trading-app/frontend/package.json.
(Use `node --trace-warnings ...` to show where the warning was created)
react-test-renderer is deprecated. See https://react.dev/warnings/react-test-renderer
react-test-renderer is deprecated. See https://react.dev/warnings/react-test-renderer
✔ long valid stop_loss market attachment submits unchanged (448.944487ms)
react-test-renderer is deprecated. See https://react.dev/warnings/react-test-renderer
✔ long valid stop_loss limit attachment submits unchanged (280.719056ms)
react-test-renderer is deprecated. See https://react.dev/warnings/react-test-renderer
✔ long valid take_profit market attachment submits unchanged (252.299722ms)
react-test-renderer is deprecated. See https://react.dev/warnings/react-test-renderer
✔ long valid take_profit limit attachment submits unchanged (249.309088ms)
react-test-renderer is deprecated. See https://react.dev/warnings/react-test-renderer
✔ long valid stop_loss/take_profit market attachment submits unchanged (254.207518ms)
react-test-renderer is deprecated. See https://react.dev/warnings/react-test-renderer
✔ long valid stop_loss/take_profit limit attachment submits unchanged (316.624984ms)
react-test-renderer is deprecated. See https://react.dev/warnings/react-test-renderer
✔ short valid stop_loss market attachment submits unchanged (216.679814ms)
react-test-renderer is deprecated. See https://react.dev/warnings/react-test-renderer
✔ short valid stop_loss limit attachment submits unchanged (249.950869ms)
react-test-renderer is deprecated. See https://react.dev/warnings/react-test-renderer
✔ short valid take_profit market attachment submits unchanged (216.939215ms)
react-test-renderer is deprecated. See https://react.dev/warnings/react-test-renderer
✔ short valid take_profit limit attachment submits unchanged (243.408407ms)
react-test-renderer is deprecated. See https://react.dev/warnings/react-test-renderer
✔ short valid stop_loss/take_profit market attachment submits unchanged (243.624379ms)
react-test-renderer is deprecated. See https://react.dev/warnings/react-test-renderer
✔ short valid stop_loss/take_profit limit attachment submits unchanged (305.611992ms)
react-test-renderer is deprecated. See https://react.dev/warnings/react-test-renderer
✔ long/stop_loss rejects invalid trigger 100 before transport (207.292631ms)
react-test-renderer is deprecated. See https://react.dev/warnings/react-test-renderer
✔ long/stop_loss rejects invalid trigger 110 before transport (207.52292ms)
react-test-renderer is deprecated. See https://react.dev/warnings/react-test-renderer
✔ long/take_profit rejects invalid trigger 100 before transport (202.204382ms)
react-test-renderer is deprecated. See https://react.dev/warnings/react-test-renderer
✔ long/take_profit rejects invalid trigger 90 before transport (218.996344ms)
react-test-renderer is deprecated. See https://react.dev/warnings/react-test-renderer
✔ short/stop_loss rejects invalid trigger 100 before transport (214.308764ms)
react-test-renderer is deprecated. See https://react.dev/warnings/react-test-renderer
✔ short/stop_loss rejects invalid trigger 90 before transport (207.147472ms)
react-test-renderer is deprecated. See https://react.dev/warnings/react-test-renderer
✔ short/take_profit rejects invalid trigger 100 before transport (205.503317ms)
react-test-renderer is deprecated. See https://react.dev/warnings/react-test-renderer
✔ short/take_profit rejects invalid trigger 110 before transport (219.197274ms)
react-test-renderer is deprecated. See https://react.dev/warnings/react-test-renderer
✔ long attachment compares the full 16+8 decimal price without Number rounding (237.48863ms)
react-test-renderer is deprecated. See https://react.dev/warnings/react-test-renderer
✔ short attachment compares the full 16+8 decimal price without Number rounding (237.882877ms)
react-test-renderer is deprecated. See https://react.dev/warnings/react-test-renderer
✔ server trigger rejection retains direction guidance and the authoritative failure (179.868084ms)
react-test-renderer is deprecated. See https://react.dev/warnings/react-test-renderer
✔ Limit A/long/cross/1 uses the account contract (223.941482ms)
react-test-renderer is deprecated. See https://react.dev/warnings/react-test-renderer
✔ Limit A/long/cross/37 uses the account contract (209.497685ms)
react-test-renderer is deprecated. See https://react.dev/warnings/react-test-renderer
✔ Limit A/long/cross/100 uses the account contract (214.876656ms)
react-test-renderer is deprecated. See https://react.dev/warnings/react-test-renderer
✔ Limit A/long/isolated/1 uses the account contract (208.83403ms)
react-test-renderer is deprecated. See https://react.dev/warnings/react-test-renderer
✔ Limit A/long/isolated/37 uses the account contract (222.937152ms)
react-test-renderer is deprecated. See https://react.dev/warnings/react-test-renderer
✔ Limit A/long/isolated/100 uses the account contract (210.352934ms)
react-test-renderer is deprecated. See https://react.dev/warnings/react-test-renderer
✔ Limit A/short/cross/1 uses the account contract (213.357813ms)
react-test-renderer is deprecated. See https://react.dev/warnings/react-test-renderer
✔ Limit A/short/cross/37 uses the account contract (214.774142ms)
react-test-renderer is deprecated. See https://react.dev/warnings/react-test-renderer
✔ Limit A/short/cross/100 uses the account contract (222.023079ms)
react-test-renderer is deprecated. See https://react.dev/warnings/react-test-renderer
✔ Limit A/short/isolated/1 uses the account contract (217.811217ms)
react-test-renderer is deprecated. See https://react.dev/warnings/react-test-renderer
✔ Limit A/short/isolated/37 uses the account contract (218.923716ms)
react-test-renderer is deprecated. See https://react.dev/warnings/react-test-renderer
✔ Limit A/short/isolated/100 uses the account contract (215.960939ms)
react-test-renderer is deprecated. See https://react.dev/warnings/react-test-renderer
✔ Limit B/long/cross/1 uses the account contract (205.786184ms)
react-test-renderer is deprecated. See https://react.dev/warnings/react-test-renderer
✔ Limit B/long/cross/37 uses the account contract (213.032791ms)
react-test-renderer is deprecated. See https://react.dev/warnings/react-test-renderer
✔ Limit B/long/cross/100 uses the account contract (212.061939ms)
react-test-renderer is deprecated. See https://react.dev/warnings/react-test-renderer
✔ Limit B/long/isolated/1 uses the account contract (206.397303ms)
react-test-renderer is deprecated. See https://react.dev/warnings/react-test-renderer
✔ Limit B/long/isolated/37 uses the account contract (224.436105ms)
react-test-renderer is deprecated. See https://react.dev/warnings/react-test-renderer
✔ Limit B/long/isolated/100 uses the account contract (210.195833ms)
react-test-renderer is deprecated. See https://react.dev/warnings/react-test-renderer
✔ Limit B/short/cross/1 uses the account contract (215.35728ms)
react-test-renderer is deprecated. See https://react.dev/warnings/react-test-renderer
✔ Limit B/short/cross/37 uses the account contract (219.132178ms)
react-test-renderer is deprecated. See https://react.dev/warnings/react-test-renderer
✔ Limit B/short/cross/100 uses the account contract (225.123411ms)
react-test-renderer is deprecated. See https://react.dev/warnings/react-test-renderer
✔ Limit B/short/isolated/1 uses the account contract (217.623867ms)
react-test-renderer is deprecated. See https://react.dev/warnings/react-test-renderer
✔ Limit B/short/isolated/37 uses the account contract (212.454025ms)
react-test-renderer is deprecated. See https://react.dev/warnings/react-test-renderer
✔ Limit B/short/isolated/100 uses the account contract (209.943867ms)
react-test-renderer is deprecated. See https://react.dev/warnings/react-test-renderer
✔ Limit attaches stop_loss through the existing Protection editor (210.099831ms)
react-test-renderer is deprecated. See https://react.dev/warnings/react-test-renderer
✔ Limit attaches take_profit through the existing Protection editor (184.190977ms)
react-test-renderer is deprecated. See https://react.dev/warnings/react-test-renderer
✔ Limit attaches stop_loss/take_profit through the existing Protection editor (239.085054ms)
An update to FuturesLimitEntryForm inside a test was not wrapped in act(...).

When testing, code that causes React state updates should be wrapped into act(...):

act(() => {
  /* fire events that update state */
});
/* assert on the output */

This ensures that you're testing the behavior the user would see in the browser. Learn more at https://react.dev/link/wrap-tests-with-act
react-test-renderer is deprecated. See https://react.dev/warnings/react-test-renderer
✔ disabled capabilities keep TP/SL visible and stop a retained attached submit callback (205.904195ms)
react-test-renderer is deprecated. See https://react.dev/warnings/react-test-renderer
✔ REDUCE_ONLY stops new Limit entry after capability refetch (189.580792ms)
react-test-renderer is deprecated. See https://react.dev/warnings/react-test-renderer
✔ DISABLED stops new Limit entry after capability refetch (182.509433ms)
react-test-renderer is deprecated. See https://react.dev/warnings/react-test-renderer
✔ uncertain Limit retry preserves the exact intent and idempotency key (242.18641ms)
react-test-renderer is deprecated. See https://react.dev/warnings/react-test-renderer
✔ a new session clears an uncertain Limit request even for the same selected account (211.613435ms)
react-test-renderer is deprecated. See https://react.dev/warnings/react-test-renderer
✔ Limit callback cannot cross the account boundary (175.315691ms)
react-test-renderer is deprecated. See https://react.dev/warnings/react-test-renderer
✔ Limit callback cannot cross the session boundary (176.170585ms)
✔ the Market Futures instrument list navigates with its account and rejects stale selection (154.595962ms)
(node:869458) [MODULE_TYPELESS_PACKAGE_JSON] Warning: Module type of file:///home/nayuta/projects/trading-app/frontend/src/screens/futures/FuturesScreen.test.ts is not specified and it doesn't parse as CommonJS.
Reparsing as ES module because module syntax was detected. This incurs a performance overhead.
To eliminate this warning, add "type": "module" to /home/nayuta/projects/trading-app/frontend/package.json.
(Use `node --trace-warnings ...` to show where the warning was created)
react-test-renderer is deprecated. See https://react.dev/warnings/react-test-renderer
react-test-renderer is deprecated. See https://react.dev/warnings/react-test-renderer
✔ ENABLED: detailed card selects the existing trade form without submitting and keeps capability restrictions (421.301918ms)
react-test-renderer is deprecated. See https://react.dev/warnings/react-test-renderer
✔ REDUCE_ONLY: detailed card selects the existing trade form without submitting and keeps capability restrictions (196.087262ms)
react-test-renderer is deprecated. See https://react.dev/warnings/react-test-renderer
✔ DISABLED: detailed card selects the existing trade form without submitting and keeps capability restrictions (132.615164ms)
react-test-renderer is deprecated. See https://react.dev/warnings/react-test-renderer
✔ the detailed TP/SL entrance manages one existing group and never opens a duplicate registration (172.61686ms)
react-test-renderer is deprecated. See https://react.dev/warnings/react-test-renderer
✔ closing from the detailed card sends the existing captured quantity and removes the refreshed open position (162.124052ms)
react-test-renderer is deprecated. See https://react.dev/warnings/react-test-renderer
✔ Reduce/Close accepts a quiet market's re-confirmed older Futures Last trade (165.930542ms)
react-test-renderer is deprecated. See https://react.dev/warnings/react-test-renderer
✔ a Futures Last trade older than 60 seconds is not shown or executable (137.126722ms)
react-test-renderer is deprecated. See https://react.dev/warnings/react-test-renderer
✔ A 롱(Long) 격리(Isolated) 1x opens through account API (196.808788ms)
react-test-renderer is deprecated. See https://react.dev/warnings/react-test-renderer
✔ A 롱(Long) 격리(Isolated) 37x opens through account API (197.063531ms)
react-test-renderer is deprecated. See https://react.dev/warnings/react-test-renderer
✔ A 롱(Long) 격리(Isolated) 100x opens through account API (185.626959ms)
react-test-renderer is deprecated. See https://react.dev/warnings/react-test-renderer
✔ A 롱(Long) 교차(Cross) 1x opens through account API (189.090662ms)
react-test-renderer is deprecated. See https://react.dev/warnings/react-test-renderer
✔ A 롱(Long) 교차(Cross) 37x opens through account API (187.5476ms)
react-test-renderer is deprecated. See https://react.dev/warnings/react-test-renderer
✔ A 롱(Long) 교차(Cross) 100x opens through account API (194.419258ms)
react-test-renderer is deprecated. See https://react.dev/warnings/react-test-renderer
✔ A 숏(Short) 격리(Isolated) 1x opens through account API (186.983043ms)
react-test-renderer is deprecated. See https://react.dev/warnings/react-test-renderer
✔ A 숏(Short) 격리(Isolated) 37x opens through account API (192.670233ms)
react-test-renderer is deprecated. See https://react.dev/warnings/react-test-renderer
✔ A 숏(Short) 격리(Isolated) 100x opens through account API (190.680194ms)
react-test-renderer is deprecated. See https://react.dev/warnings/react-test-renderer
✔ A 숏(Short) 교차(Cross) 1x opens through account API (196.844259ms)
react-test-renderer is deprecated. See https://react.dev/warnings/react-test-renderer
✔ A 숏(Short) 교차(Cross) 37x opens through account API (188.31738ms)
react-test-renderer is deprecated. See https://react.dev/warnings/react-test-renderer
✔ A 숏(Short) 교차(Cross) 100x opens through account API (190.692734ms)
react-test-renderer is deprecated. See https://react.dev/warnings/react-test-renderer
✔ B 롱(Long) 격리(Isolated) 1x opens through account API (179.442413ms)
react-test-renderer is deprecated. See https://react.dev/warnings/react-test-renderer
✔ B 롱(Long) 격리(Isolated) 37x opens through account API (192.130701ms)
react-test-renderer is deprecated. See https://react.dev/warnings/react-test-renderer
✔ B 롱(Long) 격리(Isolated) 100x opens through account API (180.261175ms)
react-test-renderer is deprecated. See https://react.dev/warnings/react-test-renderer
✔ B 롱(Long) 교차(Cross) 1x opens through account API (185.256739ms)
react-test-renderer is deprecated. See https://react.dev/warnings/react-test-renderer
✔ B 롱(Long) 교차(Cross) 37x opens through account API (182.050624ms)
react-test-renderer is deprecated. See https://react.dev/warnings/react-test-renderer
✔ B 롱(Long) 교차(Cross) 100x opens through account API (190.938976ms)
react-test-renderer is deprecated. See https://react.dev/warnings/react-test-renderer
✔ B 숏(Short) 격리(Isolated) 1x opens through account API (193.978298ms)
react-test-renderer is deprecated. See https://react.dev/warnings/react-test-renderer
✔ B 숏(Short) 격리(Isolated) 37x opens through account API (182.687209ms)
react-test-renderer is deprecated. See https://react.dev/warnings/react-test-renderer
✔ B 숏(Short) 격리(Isolated) 100x opens through account API (184.599348ms)
react-test-renderer is deprecated. See https://react.dev/warnings/react-test-renderer
✔ B 숏(Short) 교차(Cross) 1x opens through account API (174.960157ms)
react-test-renderer is deprecated. See https://react.dev/warnings/react-test-renderer
✔ B 숏(Short) 교차(Cross) 37x opens through account API (183.579353ms)
react-test-renderer is deprecated. See https://react.dev/warnings/react-test-renderer
✔ B 숏(Short) 교차(Cross) 100x opens through account API (185.457121ms)
react-test-renderer is deprecated. See https://react.dev/warnings/react-test-renderer
✔ increase keeps lifetime direction, leverage and isolated (151.690566ms)
react-test-renderer is deprecated. See https://react.dev/warnings/react-test-renderer
✔ increase keeps lifetime direction, leverage and cross (166.756731ms)
react-test-renderer is deprecated. See https://react.dev/warnings/react-test-renderer
✔ reduce keeps lifetime direction, leverage and isolated (155.379578ms)
react-test-renderer is deprecated. See https://react.dev/warnings/react-test-renderer
✔ reduce keeps lifetime direction, leverage and cross (158.557824ms)
react-test-renderer is deprecated. See https://react.dev/warnings/react-test-renderer
✔ close keeps lifetime direction, leverage and isolated (157.23107ms)
react-test-renderer is deprecated. See https://react.dev/warnings/react-test-renderer
✔ close keeps lifetime direction, leverage and cross (160.092563ms)
react-test-renderer is deprecated. See https://react.dev/warnings/react-test-renderer
✔ ENABLED follows server capability and stale Mark still permits reduction (154.648593ms)
react-test-renderer is deprecated. See https://react.dev/warnings/react-test-renderer
✔ REDUCE_ONLY follows server capability and stale Mark still permits reduction (158.204299ms)
react-test-renderer is deprecated. See https://react.dev/warnings/react-test-renderer
✔ DISABLED follows server capability and stale Mark still permits reduction (152.797593ms)
react-test-renderer is deprecated. See https://react.dev/warnings/react-test-renderer
✔ uncertain execution retries its committed idempotency key; duplicate clicks submit once (219.292522ms)
react-test-renderer is deprecated. See https://react.dev/warnings/react-test-renderer
✔ route-bound account and scope epoch suppress a late A mutation after A→B→A (208.331251ms)
react-test-renderer is deprecated. See https://react.dev/warnings/react-test-renderer
✔ logout/login generation suppresses old success and cache invalidation (153.14701ms)
react-test-renderer is deprecated. See https://react.dev/warnings/react-test-renderer
{"event":"trading_account_response_scope_mismatch","endpoint":"/trading-accounts/A/futures/instruments","expectedAccountId":"A","actualAccountId":"B"}
{"event":"trading_account_response_scope_mismatch","endpoint":"/trading-accounts/A/futures/positions","expectedAccountId":"A","actualAccountId":"B"}
{"event":"trading_account_response_scope_mismatch","endpoint":"/trading-accounts/A/futures/executions?limit=20&offset=0","expectedAccountId":"A","actualAccountId":"B"}
{"event":"trading_account_response_scope_mismatch","endpoint":"/trading-accounts/A/futures/final-settlement","expectedAccountId":"A","actualAccountId":"B"}
✔ liquidation history exposes economic loss, actual cash and shortfall separately (124.001859ms)
react-test-renderer is deprecated. See https://react.dev/warnings/react-test-renderer
✔ scope mismatch and failed refresh hide financial data (87.388979ms)
✔ uncertain open replays the original command after poll shows a position and mode becomes DISABLED (182.357598ms)
(node:869598) [MODULE_TYPELESS_PACKAGE_JSON] Warning: Module type of file:///home/nayuta/projects/trading-app/frontend/src/screens/guide/BeginnerLearningScreen.test.ts is not specified and it doesn't parse as CommonJS.
Reparsing as ES module because module syntax was detected. This incurs a performance overhead.
To eliminate this warning, add "type": "module" to /home/nayuta/projects/trading-app/frontend/package.json.
(Use `node --trace-warnings ...` to show where the warning was created)
react-test-renderer is deprecated. See https://react.dev/warnings/react-test-renderer
✔ switches between an honest preparation state and the actual existing guide content/navigation (78.087677ms)
(node:869608) [MODULE_TYPELESS_PACKAGE_JSON] Warning: Module type of file:///home/nayuta/projects/trading-app/frontend/src/screens/guide/guideContent.test.ts is not specified and it doesn't parse as CommonJS.
Reparsing as ES module because module syntax was detected. This incurs a performance overhead.
To eliminate this warning, add "type": "module" to /home/nayuta/projects/trading-app/frontend/package.json.
(Use `node --trace-warnings ...` to show where the warning was created)
react-test-renderer is deprecated. See https://react.dev/warnings/react-test-renderer
▶ local guide calculations
  ✔ derives thick/thin 20-share fills, averages and depleted levels without changing fixtures (7.539799ms)
  ✔ retains partial fills and empty averages for shared order exercises (0.245996ms)
  ✔ calculates candle ranges, opposing intrabar paths, and OHLC aggregation (0.229805ms)
  ✔ computes 12-share market buy from actual fills, not the displayed current price (0.332313ms)
✔ local guide calculations (9.049338ms)
react-test-renderer is deprecated. See https://react.dev/warnings/react-test-renderer
▶ continuous guide interactions
  ✔ opens the two market chapters through existing ActionPressable cards (132.868528ms)
react-test-renderer is deprecated. See https://react.dev/warnings/react-test-renderer
  ✔ walks exactly two liquidity exercises downward and preserves all prior results (97.487066ms)
react-test-renderer is deprecated. See https://react.dev/warnings/react-test-renderer
  ✔ connects all seven beginner terms to one candle before the builder (49.966647ms)
react-test-renderer is deprecated. See https://react.dev/warnings/react-test-renderer
  ✔ updates SVG geometry, replays both paths and aggregates only after results (105.557773ms)
react-test-renderer is deprecated. See https://react.dev/warnings/react-test-renderer
  ✔ keeps a limit order waiting through quote changes and fills only on eligible selling (74.962622ms)
react-test-renderer is deprecated. See https://react.dev/warnings/react-test-renderer
  ✔ explains both alternative order choices without teaching absolute superiority (53.315591ms)
react-test-renderer is deprecated. See https://react.dev/warnings/react-test-renderer
  ✔ reveals only the current limit exercise row, including a row taller than the viewport (43.687516ms)
react-test-renderer is deprecated. See https://react.dev/warnings/react-test-renderer
  ✔ follows the thin book during a stacked simultaneous comparison without competing scrolls (25.296705ms)
react-test-renderer is deprecated. See https://react.dev/warnings/react-test-renderer
  ✔ LiquidityScreen guards duplicate starts, pauses on blur, and clears timers on reset/unmount (32.257995ms)
react-test-renderer is deprecated. See https://react.dev/warnings/react-test-renderer
  ✔ CandlesScreen guards duplicate starts, pauses on blur, and clears timers on reset/unmount (51.825328ms)
react-test-renderer is deprecated. See https://react.dev/warnings/react-test-renderer
  ✔ OrderTypesScreen guards duplicate starts, pauses on blur, and clears timers on reset/unmount (25.531127ms)
react-test-renderer is deprecated. See https://react.dev/warnings/react-test-renderer
  ✔ LiquidityScreen wraps text and stacks comparisons at narrow widths and large font scales (57.226194ms)
react-test-renderer is deprecated. See https://react.dev/warnings/react-test-renderer
  ✔ CandlesScreen wraps text and stacks comparisons at narrow widths and large font scales (98.91052ms)
  ✔ OrderTypesScreen wraps text and stacks comparisons at narrow widths and large font scales (128.070237ms)
  ✔ isolates all educational modules from account, order and candle services (1.322914ms)
✔ continuous guide interactions (979.489508ms)
(node:869639) [MODULE_TYPELESS_PACKAGE_JSON] Warning: Module type of file:///home/nayuta/projects/trading-app/frontend/src/screens/guide/guideLesson.test.ts is not specified and it doesn't parse as CommonJS.
Reparsing as ES module because module syntax was detected. This incurs a performance overhead.
To eliminate this warning, add "type": "module" to /home/nayuta/projects/trading-app/frontend/package.json.
(Use `node --trace-warnings ...` to show where the warning was created)
react-test-renderer is deprecated. See https://react.dev/warnings/react-test-renderer
react-test-renderer is deprecated. See https://react.dev/warnings/react-test-renderer
▶ guide home and market basics lesson
  ✔ opens all six available guides with the existing touch surface (108.190248ms)
react-test-renderer is deprecated. See https://react.dev/warnings/react-test-renderer
react-test-renderer is deprecated. See https://react.dev/warnings/react-test-renderer
  ✔ shows the resting book, visibly executes each price level in order, then fully resets (103.811951ms)
react-test-renderer is deprecated. See https://react.dev/warnings/react-test-renderer
  ✔ pauses while blurred, cancels on unmount, and opens a fresh lesson (58.850284ms)
react-test-renderer is deprecated. See https://react.dev/warnings/react-test-renderer
  ✔ keeps text results and accessible quote labels, with unrestricted large-font layouts (69.450746ms)
react-test-renderer is deprecated. See https://react.dev/warnings/react-test-renderer
  ✔ keeps each result and its purchase values before the next exercise, preserving the first snapshot (65.880592ms)
react-test-renderer is deprecated. See https://react.dev/warnings/react-test-renderer
  ✔ reveals only exercise 2's active row on a narrow screen at font scale 1 (47.094864ms)
react-test-renderer is deprecated. See https://react.dev/warnings/react-test-renderer
  ✔ reveals only exercise 2's active row on a narrow screen at font scale 3 (47.85033ms)
react-test-renderer is deprecated. See https://react.dev/warnings/react-test-renderer
  ✔ waits for exercise 2 measurements and leaves visible rows in place (36.531444ms)
  ✔ enlarges home typography without restricting card text or button labels (14.510546ms)
✔ guide home and market basics lesson (553.43425ms)
(node:869660) [MODULE_TYPELESS_PACKAGE_JSON] Warning: Module type of file:///home/nayuta/projects/trading-app/frontend/src/screens/guide/marketGuides.test.ts is not specified and it doesn't parse as CommonJS.
Reparsing as ES module because module syntax was detected. This incurs a performance overhead.
To eliminate this warning, add "type": "module" to /home/nayuta/projects/trading-app/frontend/package.json.
(Use `node --trace-warnings ...` to show where the warning was created)
react-test-renderer is deprecated. See https://react.dev/warnings/react-test-renderer
▶ market guide calculations from local inputs
  ✔ converts actual winter/summer dates including next day and early close (8.644717ms)
  ✔ derives eligible auction quantities without mutating orders (0.264527ms)
  ✔ filters the same trades into OHLC, keeps raw candles, and sizes shared axes (0.242304ms)
  ✔ builds both market timelines from the same immutable session records (0.580076ms)
  ✔ conserves conversion value and keeps dividends receivable separate from cash (0.157795ms)
  ✔ computes index contributions, NAV, premium, normalized returns and dispersion (0.303283ms)
✔ market guide calculations from local inputs (10.833553ms)
react-test-renderer is deprecated. See https://react.dev/warnings/react-test-renderer
▶ new guide chapters preserve downward learning flow
  ✔ StockCharacteristics opens each chapter through the existing stack (189.03086ms)
react-test-renderer is deprecated. See https://react.dev/warnings/react-test-renderer
  ✔ CorporateActions opens each chapter through the existing stack (74.908262ms)
react-test-renderer is deprecated. See https://react.dev/warnings/react-test-renderer
  ✔ EtfIndex opens each chapter through the existing stack (58.479231ms)
react-test-renderer is deprecated. See https://react.dev/warnings/react-test-renderer
  ✔ compares Korea and the US on the same session timeline, then freezes before dates (138.851886ms)
react-test-renderer is deprecated. See https://react.dev/warnings/react-test-renderer
  ✔ collects without execution, creates first/last candles and compares US auctions sequentially (73.286652ms)
react-test-renderer is deprecated. See https://react.dev/warnings/react-test-renderer
  ✔ renders the gap and a falling candle with +6%, then filters the original records (54.524619ms)
  ✔ keeps three stock chapters without removed safeguards content (0.426893ms)
react-test-renderer is deprecated. See https://react.dev/warnings/react-test-renderer
  ✔ applies split/reverse once and preserves independent results (46.358409ms)
react-test-renderer is deprecated. See https://react.dev/warnings/react-test-renderer
  ✔ teaches dividends before two major phases and transfers receivable only on payment (60.210829ms)
react-test-renderer is deprecated. See https://react.dev/warnings/react-test-renderer
  ✔ adjusts all OHLC values on a common axis and keeps the prior chart fixed (55.373171ms)
react-test-renderer is deprecated. See https://react.dev/warnings/react-test-renderer
  ✔ teaches index then ETF before following, NAV and tracking (62.546664ms)
react-test-renderer is deprecated. See https://react.dev/warnings/react-test-renderer
  ✔ shows assets → fund → one ETF share without direct constituent ownership (36.760443ms)
react-test-renderer is deprecated. See https://react.dev/warnings/react-test-renderer
  ✔ applies one asset change to index, fund assets and per-share value together (44.891309ms)
react-test-renderer is deprecated. See https://react.dev/warnings/react-test-renderer
  ✔ separates net assets, unit NAV, premium and mismatched timestamps (45.801655ms)
react-test-renderer is deprecated. See https://react.dev/warnings/react-test-renderer
  ✔ compares normalized returns and sequential dispersion examples before product details (64.994674ms)
react-test-renderer is deprecated. See https://react.dev/warnings/react-test-renderer
  ✔ sessions resets locally, has no background playback and uses readable text (94.084074ms)
react-test-renderer is deprecated. See https://react.dev/warnings/react-test-renderer
  ✔ auctions resets locally, has no background playback and uses readable text (71.400377ms)
react-test-renderer is deprecated. See https://react.dev/warnings/react-test-renderer
  ✔ gaps resets locally, has no background playback and uses readable text (50.20906ms)
react-test-renderer is deprecated. See https://react.dev/warnings/react-test-renderer
  ✔ splits resets locally, has no background playback and uses readable text (42.428996ms)
react-test-renderer is deprecated. See https://react.dev/warnings/react-test-renderer
  ✔ dividends resets locally, has no background playback and uses readable text (42.420114ms)
react-test-renderer is deprecated. See https://react.dev/warnings/react-test-renderer
  ✔ adjusted resets locally, has no background playback and uses readable text (52.208461ms)
react-test-renderer is deprecated. See https://react.dev/warnings/react-test-renderer
  ✔ index resets locally, has no background playback and uses readable text (57.724474ms)
react-test-renderer is deprecated. See https://react.dev/warnings/react-test-renderer
  ✔ etf resets locally, has no background playback and uses readable text (35.969372ms)
react-test-renderer is deprecated. See https://react.dev/warnings/react-test-renderer
  ✔ following resets locally, has no background playback and uses readable text (34.882224ms)
react-test-renderer is deprecated. See https://react.dev/warnings/react-test-renderer
  ✔ nav resets locally, has no background playback and uses readable text (43.339056ms)
  ✔ tracking resets locally, has no background playback and uses readable text (60.589036ms)
  ✔ shares existing real chart colors without changing the market chart policy (0.580435ms)
✔ new guide chapters preserve downward learning flow (1593.620015ms)
(node:869703) [MODULE_TYPELESS_PACKAGE_JSON] Warning: Module type of file:///home/nayuta/projects/trading-app/frontend/src/screens/history/TradeHistoryScreen.test.ts is not specified and it doesn't parse as CommonJS.
Reparsing as ES module because module syntax was detected. This incurs a performance overhead.
To eliminate this warning, add "type": "module" to /home/nayuta/projects/trading-app/frontend/package.json.
(Use `node --trace-warnings ...` to show where the warning was created)
react-test-renderer is deprecated. See https://react.dev/warnings/react-test-renderer
react-test-renderer is deprecated. See https://react.dev/warnings/react-test-renderer
✔ route {"accountId":"historical"} pins read, filter, pagination, refresh and cancel across account switching (385.475905ms)
react-test-renderer is deprecated. See https://react.dev/warnings/react-test-renderer
✔ route {"seasonId":"record-0"} pins read, filter, pagination, refresh and cancel across account switching (249.071893ms)
react-test-renderer is deprecated. See https://react.dev/warnings/react-test-renderer
✔ submitted order polling respects focus, foreground and terminal state (140.356381ms)
✔ foreign/missing subjects cannot fall back to the selected account (74.719466ms)
(node:869720) [MODULE_TYPELESS_PACKAGE_JSON] Warning: Module type of file:///home/nayuta/projects/trading-app/frontend/src/screens/home/financialDiagnostics.test.ts is not specified and it doesn't parse as CommonJS.
Reparsing as ES module because module syntax was detected. This incurs a performance overhead.
To eliminate this warning, add "type": "module" to /home/nayuta/projects/trading-app/frontend/package.json.
(Use `node --trace-warnings ...` to show where the warning was created)
react-test-renderer is deprecated. See https://react.dev/warnings/react-test-renderer
react-test-renderer is deprecated. See https://react.dev/warnings/react-test-renderer
✔ Home account lookup: original failure, safe copy and user gate (546.130714ms)
react-test-renderer is deprecated. See https://react.dev/warnings/react-test-renderer
✔ Holdings preview: original failure, safe copy and user gate (355.390572ms)
react-test-renderer is deprecated. See https://react.dev/warnings/react-test-renderer
✔ Holdings full: original failure, safe copy and user gate (349.719369ms)
react-test-renderer is deprecated. See https://react.dev/warnings/react-test-renderer
✔ Home portfolio: original failure, safe copy and user gate (290.342997ms)
react-test-renderer is deprecated. See https://react.dev/warnings/react-test-renderer
✔ Home equity: original failure, safe copy and user gate (341.125725ms)
react-test-renderer is deprecated. See https://react.dev/warnings/react-test-renderer
✔ Wallet portfolio: original failure, safe copy and user gate (148.141318ms)
react-test-renderer is deprecated. See https://react.dev/warnings/react-test-renderer
✔ Wallet cash: original failure, safe copy and user gate (148.125619ms)
react-test-renderer is deprecated. See https://react.dev/warnings/react-test-renderer
✔ Wallet holdings: original failure, safe copy and user gate (141.400342ms)
react-test-renderer is deprecated. See https://react.dev/warnings/react-test-renderer
✔ Wallet equity: original failure, safe copy and user gate (176.904076ms)
react-test-renderer is deprecated. See https://react.dev/warnings/react-test-renderer
✔ Wallet ledger: original failure, safe copy and user gate (103.410542ms)
react-test-renderer is deprecated. See https://react.dev/warnings/react-test-renderer
✔ Portfolio overview: original failure, safe copy and user gate (145.622927ms)
react-test-renderer is deprecated. See https://react.dev/warnings/react-test-renderer
✔ Portfolio equity: original failure, safe copy and user gate (131.30748ms)
react-test-renderer is deprecated. See https://react.dev/warnings/react-test-renderer
✔ Trade history: original failure, safe copy and user gate (106.058654ms)
react-test-renderer is deprecated. See https://react.dev/warnings/react-test-renderer
✔ Home account lookup: original failure, safe copy and operator gate (271.750279ms)
react-test-renderer is deprecated. See https://react.dev/warnings/react-test-renderer
✔ Holdings preview: original failure, safe copy and operator gate (285.974118ms)
react-test-renderer is deprecated. See https://react.dev/warnings/react-test-renderer
✔ Holdings full: original failure, safe copy and operator gate (307.653447ms)
react-test-renderer is deprecated. See https://react.dev/warnings/react-test-renderer
✔ Home portfolio: original failure, safe copy and operator gate (283.65984ms)
react-test-renderer is deprecated. See https://react.dev/warnings/react-test-renderer
✔ Home equity: original failure, safe copy and operator gate (303.945039ms)
react-test-renderer is deprecated. See https://react.dev/warnings/react-test-renderer
✔ Wallet portfolio: original failure, safe copy and operator gate (142.795466ms)
react-test-renderer is deprecated. See https://react.dev/warnings/react-test-renderer
✔ Wallet cash: original failure, safe copy and operator gate (137.224264ms)
react-test-renderer is deprecated. See https://react.dev/warnings/react-test-renderer
✔ Wallet holdings: original failure, safe copy and operator gate (146.879063ms)
react-test-renderer is deprecated. See https://react.dev/warnings/react-test-renderer
✔ Wallet equity: original failure, safe copy and operator gate (177.159541ms)
react-test-renderer is deprecated. See https://react.dev/warnings/react-test-renderer
✔ Wallet ledger: original failure, safe copy and operator gate (107.574737ms)
react-test-renderer is deprecated. See https://react.dev/warnings/react-test-renderer
✔ Portfolio overview: original failure, safe copy and operator gate (128.873364ms)
react-test-renderer is deprecated. See https://react.dev/warnings/react-test-renderer
✔ Portfolio equity: original failure, safe copy and operator gate (125.444003ms)
react-test-renderer is deprecated. See https://react.dev/warnings/react-test-renderer
✔ Trade history: original failure, safe copy and operator gate (101.703077ms)
react-test-renderer is deprecated. See https://react.dev/warnings/react-test-renderer
✔ Home account lookup: original failure, safe copy and admin gate (315.761446ms)
react-test-renderer is deprecated. See https://react.dev/warnings/react-test-renderer
✔ Holdings preview: original failure, safe copy and admin gate (341.403873ms)
react-test-renderer is deprecated. See https://react.dev/warnings/react-test-renderer
✔ Holdings full: original failure, safe copy and admin gate (353.52285ms)
react-test-renderer is deprecated. See https://react.dev/warnings/react-test-renderer
✔ Home portfolio: original failure, safe copy and admin gate (329.921396ms)
react-test-renderer is deprecated. See https://react.dev/warnings/react-test-renderer
✔ Home equity: original failure, safe copy and admin gate (341.981888ms)
react-test-renderer is deprecated. See https://react.dev/warnings/react-test-renderer
✔ Wallet portfolio: original failure, safe copy and admin gate (178.390731ms)
react-test-renderer is deprecated. See https://react.dev/warnings/react-test-renderer
✔ Wallet cash: original failure, safe copy and admin gate (173.960519ms)
react-test-renderer is deprecated. See https://react.dev/warnings/react-test-renderer
✔ Wallet holdings: original failure, safe copy and admin gate (163.151712ms)
react-test-renderer is deprecated. See https://react.dev/warnings/react-test-renderer
✔ Wallet equity: original failure, safe copy and admin gate (212.647031ms)
react-test-renderer is deprecated. See https://react.dev/warnings/react-test-renderer
✔ Wallet ledger: original failure, safe copy and admin gate (129.660649ms)
react-test-renderer is deprecated. See https://react.dev/warnings/react-test-renderer
✔ Portfolio overview: original failure, safe copy and admin gate (152.992053ms)
react-test-renderer is deprecated. See https://react.dev/warnings/react-test-renderer
✔ Portfolio equity: original failure, safe copy and admin gate (151.195213ms)
react-test-renderer is deprecated. See https://react.dev/warnings/react-test-renderer
✔ Trade history: original failure, safe copy and admin gate (149.288533ms)
react-test-renderer is deprecated. See https://react.dev/warnings/react-test-renderer
✔ Holdings preview: wiring preserves the previous default public copy even for a known error code (275.293033ms)
react-test-renderer is deprecated. See https://react.dev/warnings/react-test-renderer
✔ Holdings full: wiring preserves the previous default public copy even for a known error code (321.72037ms)
react-test-renderer is deprecated. See https://react.dev/warnings/react-test-renderer
✔ Wallet account lookup: wiring preserves the previous default public copy even for a known error code (133.71108ms)
react-test-renderer is deprecated. See https://react.dev/warnings/react-test-renderer
✔ Wallet portfolio: wiring preserves the previous default public copy even for a known error code (144.002522ms)
react-test-renderer is deprecated. See https://react.dev/warnings/react-test-renderer
✔ Wallet cash: wiring preserves the previous default public copy even for a known error code (136.359139ms)
react-test-renderer is deprecated. See https://react.dev/warnings/react-test-renderer
✔ Wallet holdings: wiring preserves the previous default public copy even for a known error code (139.635911ms)
react-test-renderer is deprecated. See https://react.dev/warnings/react-test-renderer
✔ home: account list rejection precedes empty state and retry succeeds (370.984401ms)
react-test-renderer is deprecated. See https://react.dev/warnings/react-test-renderer
✔ wallet: account list rejection precedes empty state and retry succeeds (240.055913ms)
react-test-renderer is deprecated. See https://react.dev/warnings/react-test-renderer
✔ portfolio: account list rejection precedes empty state and retry succeeds (223.775785ms)
react-test-renderer is deprecated. See https://react.dev/warnings/react-test-renderer
✔ ledger: account list rejection precedes empty state and retry succeeds (190.99057ms)
react-test-renderer is deprecated. See https://react.dev/warnings/react-test-renderer
✔ history: account list rejection precedes empty state and retry succeeds (197.378297ms)
react-test-renderer is deprecated. See https://react.dev/warnings/react-test-renderer
✔ general Home: HTTP 200 section failure is preserved, separate from a rejected query (339.259351ms)
react-test-renderer is deprecated. See https://react.dev/warnings/react-test-renderer
✔ season Home: HTTP 200 section failure is preserved, separate from a rejected query (362.209279ms)
react-test-renderer is deprecated. See https://react.dev/warnings/react-test-renderer
✔ home: existing valuation diagnostic survives complete holdings, with no fabricated unavailable failure (376.739086ms)
react-test-renderer is deprecated. See https://react.dev/warnings/react-test-renderer
✔ wallet: existing valuation diagnostic survives complete holdings, with no fabricated unavailable failure (215.842825ms)
react-test-renderer is deprecated. See https://react.dev/warnings/react-test-renderer
✔ wallet: real integrity failure keeps its classification and original diagnostic (173.226174ms)
react-test-renderer is deprecated. See https://react.dev/warnings/react-test-renderer
✔ ledger: real integrity failure keeps its classification and original diagnostic (126.434886ms)
react-test-renderer is deprecated. See https://react.dev/warnings/react-test-renderer
✔ history: real integrity failure keeps its classification and original diagnostic (131.146165ms)
react-test-renderer is deprecated. See https://react.dev/warnings/react-test-renderer
✔ Portfolio: concurrent generic and integrity failures select the actual integrity request (153.91704ms)
react-test-renderer is deprecated. See https://react.dev/warnings/react-test-renderer
✔ Wallet: simultaneous independent query failures keep distinct error/diagnostic pairs and retry one request (214.555377ms)
react-test-renderer is deprecated. See https://react.dev/warnings/react-test-renderer
✔ Portfolio: concurrent positions/equity errors retain both matching diagnostics in the partial notice (162.03075ms)
react-test-renderer is deprecated. See https://react.dev/warnings/react-test-renderer
✔ Holdings preview: successful retry clears the failed request diagnostic (381.694163ms)
react-test-renderer is deprecated. See https://react.dev/warnings/react-test-renderer
✔ Holdings full: successful retry clears the failed request diagnostic (421.584512ms)
react-test-renderer is deprecated. See https://react.dev/warnings/react-test-renderer
✔ Home portfolio: successful retry clears the failed request diagnostic (374.900012ms)
react-test-renderer is deprecated. See https://react.dev/warnings/react-test-renderer
✔ Wallet portfolio: successful retry clears the failed request diagnostic (245.171592ms)
react-test-renderer is deprecated. See https://react.dev/warnings/react-test-renderer
✔ Wallet cash: successful retry clears the failed request diagnostic (230.777696ms)
react-test-renderer is deprecated. See https://react.dev/warnings/react-test-renderer
✔ Wallet holdings: successful retry clears the failed request diagnostic (228.330721ms)
react-test-renderer is deprecated. See https://react.dev/warnings/react-test-renderer
✔ Wallet ledger: successful retry clears the failed request diagnostic (189.663143ms)
react-test-renderer is deprecated. See https://react.dev/warnings/react-test-renderer
✔ Portfolio overview: successful retry clears the failed request diagnostic (219.65746ms)
react-test-renderer is deprecated. See https://react.dev/warnings/react-test-renderer
✔ Trade history: successful retry clears the failed request diagnostic (211.715771ms)
react-test-renderer is deprecated. See https://react.dev/warnings/react-test-renderer
✔ home: failed account A diagnostics disappear on account B (343.456666ms)
react-test-renderer is deprecated. See https://react.dev/warnings/react-test-renderer
✔ wallet: failed account A diagnostics disappear on account B (213.854695ms)
react-test-renderer is deprecated. See https://react.dev/warnings/react-test-renderer
✔ ledger: failed account A diagnostics disappear on account B (159.780775ms)
react-test-renderer is deprecated. See https://react.dev/warnings/react-test-renderer
✔ portfolio: failed account A diagnostics disappear on account B (186.272435ms)
react-test-renderer is deprecated. See https://react.dev/warnings/react-test-renderer
✔ diagnostics fail closed when /me is unresolved (132.419216ms)
react-test-renderer is deprecated. See https://react.dev/warnings/react-test-renderer
✔ diagnostics fail closed when /me is lookup-failed (162.971793ms)
react-test-renderer is deprecated. See https://react.dev/warnings/react-test-renderer
✔ home: successful empty data has no backend diagnostic (295.207056ms)
react-test-renderer is deprecated. See https://react.dev/warnings/react-test-renderer
✔ wallet: successful empty data has no backend diagnostic (135.643002ms)
react-test-renderer is deprecated. See https://react.dev/warnings/react-test-renderer
✔ portfolio: successful empty data has no backend diagnostic (121.214063ms)
react-test-renderer is deprecated. See https://react.dev/warnings/react-test-renderer
✔ ledger: successful empty data has no backend diagnostic (93.538845ms)
react-test-renderer is deprecated. See https://react.dev/warnings/react-test-renderer
✔ history: successful empty data has no backend diagnostic (101.121358ms)
react-test-renderer is deprecated. See https://react.dev/warnings/react-test-renderer
✔ cancel mutation: safe existing alert, original inline failure and user gate (268.588469ms)
react-test-renderer is deprecated. See https://react.dev/warnings/react-test-renderer
✔ cancel mutation: safe existing alert, original inline failure and operator gate (255.200964ms)
react-test-renderer is deprecated. See https://react.dev/warnings/react-test-renderer
✔ cancel mutation: safe existing alert, original inline failure and admin gate (302.433998ms)
react-test-renderer is deprecated. See https://react.dev/warnings/react-test-renderer
✔ cancel errors are pinned to the history route, and cannot survive changing its subject (299.28915ms)
react-test-renderer is deprecated. See https://react.dev/warnings/react-test-renderer
✔ late cancel failure and an old confirmation cannot attach to an A→B→A history scope (368.511794ms)
react-test-renderer is deprecated. See https://react.dev/warnings/react-test-renderer
✔ Futures collateral query: safe copy, original error and user gate (174.835284ms)
react-test-renderer is deprecated. See https://react.dev/warnings/react-test-renderer
✔ Futures collateral query: safe copy, original error and operator gate (164.292988ms)
react-test-renderer is deprecated. See https://react.dev/warnings/react-test-renderer
✔ Futures collateral query: safe copy, original error and admin gate (161.942312ms)
react-test-renderer is deprecated. See https://react.dev/warnings/react-test-renderer
✔ Futures collateral integrity failure uses the existing integrity state, while normal unavailable collateral has no diagnostic (187.105864ms)
react-test-renderer is deprecated. See https://react.dev/warnings/react-test-renderer
✔ existing transfer mutation wiring preserves user gate and clears after success (119.203024ms)
react-test-renderer is deprecated. See https://react.dev/warnings/react-test-renderer
✔ existing transfer mutation wiring preserves operator gate and clears after success (124.341166ms)
react-test-renderer is deprecated. See https://react.dev/warnings/react-test-renderer
✔ existing transfer mutation wiring preserves admin gate and clears after success (118.537891ms)
react-test-renderer is deprecated. See https://react.dev/warnings/react-test-renderer
✔ Order wallet query failure reaches the existing public copy and user gate (138.45813ms)
react-test-renderer is deprecated. See https://react.dev/warnings/react-test-renderer
✔ Order wallet query failure reaches the existing public copy and operator gate (108.357701ms)
react-test-renderer is deprecated. See https://react.dev/warnings/react-test-renderer
✔ Order wallet query failure reaches the existing public copy and admin gate (123.627044ms)
react-test-renderer is deprecated. See https://react.dev/warnings/react-test-renderer
✔ order: account query rejection reaches its actual error UI for user (102.20556ms)
react-test-renderer is deprecated. See https://react.dev/warnings/react-test-renderer
✔ futures: account query rejection reaches its actual error UI for user (163.913359ms)
react-test-renderer is deprecated. See https://react.dev/warnings/react-test-renderer
✔ order: account query rejection reaches its actual error UI for operator (98.852046ms)
react-test-renderer is deprecated. See https://react.dev/warnings/react-test-renderer
✔ futures: account query rejection reaches its actual error UI for operator (169.461885ms)
react-test-renderer is deprecated. See https://react.dev/warnings/react-test-renderer
✔ order: account query rejection reaches its actual error UI for admin (103.945752ms)
react-test-renderer is deprecated. See https://react.dev/warnings/react-test-renderer
✔ futures: account query rejection reaches its actual error UI for admin (153.00177ms)
react-test-renderer is deprecated. See https://react.dev/warnings/react-test-renderer
✔ Home season header: existing ranking failure notice preserves its own diagnostic for user (313.871234ms)
react-test-renderer is deprecated. See https://react.dev/warnings/react-test-renderer
✔ Home season header: existing ranking failure notice preserves its own diagnostic for operator (322.111811ms)
react-test-renderer is deprecated. See https://react.dev/warnings/react-test-renderer
✔ Home season header: existing ranking failure notice preserves its own diagnostic for admin (305.00907ms)
✔ FX: HTTP 200 unavailable wallets do not borrow a rate failure (75.639036ms)
✔ FX: wallet rejection selects only its own failure (64.745211ms)
react-test-renderer is deprecated. See https://react.dev/warnings/react-test-renderer
✔ Order concurrent generic position and wallet integrity errors select only the actual integrity failure (110.127519ms)
react-test-renderer is deprecated. See https://react.dev/warnings/react-test-renderer
✔ existing quote mutation wiring preserves user gate and clears after success (113.071495ms)
react-test-renderer is deprecated. See https://react.dev/warnings/react-test-renderer
✔ existing quote mutation wiring preserves operator gate and clears after success (110.153628ms)
react-test-renderer is deprecated. See https://react.dev/warnings/react-test-renderer
✔ existing quote mutation wiring preserves admin gate and clears after success (131.060109ms)
react-test-renderer is deprecated. See https://react.dev/warnings/react-test-renderer
✔ existing create mutation wiring preserves user gate and clears after success (115.626166ms)
react-test-renderer is deprecated. See https://react.dev/warnings/react-test-renderer
✔ existing create mutation wiring preserves operator gate and clears after success (114.857659ms)
react-test-renderer is deprecated. See https://react.dev/warnings/react-test-renderer
✔ existing create mutation wiring preserves admin gate and clears after success (114.903904ms)
react-test-renderer is deprecated. See https://react.dev/warnings/react-test-renderer
✔ Futures instruments query failure connects its original error for user (189.506597ms)
react-test-renderer is deprecated. See https://react.dev/warnings/react-test-renderer
✔ Futures instruments query failure connects its original error for operator (180.811638ms)
react-test-renderer is deprecated. See https://react.dev/warnings/react-test-renderer
✔ Futures instruments query failure connects its original error for admin (176.858737ms)
react-test-renderer is deprecated. See https://react.dev/warnings/react-test-renderer
✔ Futures executions query failure connects its original error for user (177.732062ms)
react-test-renderer is deprecated. See https://react.dev/warnings/react-test-renderer
✔ Futures executions query failure connects its original error for operator (195.511881ms)
react-test-renderer is deprecated. See https://react.dev/warnings/react-test-renderer
✔ Futures executions query failure connects its original error for admin (181.289211ms)
react-test-renderer is deprecated. See https://react.dev/warnings/react-test-renderer
✔ equity range change does not reuse the preceding range failure (374.767354ms)
react-test-renderer is deprecated. See https://react.dev/warnings/react-test-renderer
✔ transfer timeout: uncertain outcome, observed runtime and pinned retry for user (127.238681ms)
react-test-renderer is deprecated. See https://react.dev/warnings/react-test-renderer
✔ transfer timeout: uncertain outcome, observed runtime and pinned retry for operator (119.735996ms)
react-test-renderer is deprecated. See https://react.dev/warnings/react-test-renderer
✔ transfer timeout: uncertain outcome, observed runtime and pinned retry for admin (123.19202ms)
react-test-renderer is deprecated. See https://react.dev/warnings/react-test-renderer
✔ transfer network: uncertain outcome, observed runtime and pinned retry for user (115.336789ms)
react-test-renderer is deprecated. See https://react.dev/warnings/react-test-renderer
✔ transfer network: uncertain outcome, observed runtime and pinned retry for operator (120.416054ms)
react-test-renderer is deprecated. See https://react.dev/warnings/react-test-renderer
✔ transfer network: uncertain outcome, observed runtime and pinned retry for admin (115.99763ms)
react-test-renderer is deprecated. See https://react.dev/warnings/react-test-renderer
✔ transfer contract: uncertain outcome, observed runtime and pinned retry for user (136.270574ms)
react-test-renderer is deprecated. See https://react.dev/warnings/react-test-renderer
✔ transfer contract: uncertain outcome, observed runtime and pinned retry for operator (144.086472ms)
react-test-renderer is deprecated. See https://react.dev/warnings/react-test-renderer
✔ transfer contract: uncertain outcome, observed runtime and pinned retry for admin (136.528893ms)
react-test-renderer is deprecated. See https://react.dev/warnings/react-test-renderer
✔ order timeout at quote: client observations never assert server execution failure (104.614568ms)
react-test-renderer is deprecated. See https://react.dev/warnings/react-test-renderer
✔ order timeout at execute: client observations never assert server execution failure (110.828104ms)
react-test-renderer is deprecated. See https://react.dev/warnings/react-test-renderer
✔ portfolio renders each failed query once, even when its partial notice is visible (171.735417ms)
react-test-renderer is deprecated. See https://react.dev/warnings/react-test-renderer
✔ order quote response validation preserves uncertainty without an automatic second mutation (107.315373ms)
react-test-renderer is deprecated. See https://react.dev/warnings/react-test-renderer
✔ order execute response validation preserves uncertainty without an automatic second mutation (114.196843ms)
react-test-renderer is deprecated. See https://react.dev/warnings/react-test-renderer
✔ home cached live-valuation failure: user gate, sanitization and recovery (324.339942ms)
react-test-renderer is deprecated. See https://react.dev/warnings/react-test-renderer
✔ home cached live-valuation failure: operator gate, sanitization and recovery (351.725093ms)
react-test-renderer is deprecated. See https://react.dev/warnings/react-test-renderer
✔ home cached live-valuation failure: admin gate, sanitization and recovery (339.878143ms)
react-test-renderer is deprecated. See https://react.dev/warnings/react-test-renderer
✔ portfolio cached live-valuation failure: user gate, sanitization and recovery (199.79241ms)
react-test-renderer is deprecated. See https://react.dev/warnings/react-test-renderer
✔ portfolio cached live-valuation failure: operator gate, sanitization and recovery (192.366563ms)
✔ portfolio cached live-valuation failure: admin gate, sanitization and recovery (198.31925ms)
(node:870325) [MODULE_TYPELESS_PACKAGE_JSON] Warning: Module type of file:///home/nayuta/projects/trading-app/frontend/src/screens/home/generalAccountHome.test.ts is not specified and it doesn't parse as CommonJS.
Reparsing as ES module because module syntax was detected. This incurs a performance overhead.
To eliminate this warning, add "type": "module" to /home/nayuta/projects/trading-app/frontend/package.json.
(Use `node --trace-warnings ...` to show where the warning was created)
▶ GeneralAccountHome independent financial reads
  ✔ does not gate position queries on portfolio availability (0.545086ms)
  ✔ moves cash and history to Wallet instead of repeating its cards (0.133902ms)
  ✔ does not turn missing position query data into an empty list (0.117915ms)
  ✔ does not render raw portfolio exception messages (0.057872ms)
  ✔ has no exchange-only capability notice or wiring (0.06648ms)
✔ GeneralAccountHome independent financial reads (1.599123ms)
(node:870333) [MODULE_TYPELESS_PACKAGE_JSON] Warning: Module type of file:///home/nayuta/projects/trading-app/frontend/src/screens/home/holdingsAndPositions.test.ts is not specified and it doesn't parse as CommonJS.
Reparsing as ES module because module syntax was detected. This incurs a performance overhead.
To eliminate this warning, add "type": "module" to /home/nayuta/projects/trading-app/frontend/package.json.
(Use `node --trace-warnings ...` to show where the warning was created)
react-test-renderer is deprecated. See https://react.dev/warnings/react-test-renderer
react-test-renderer is deprecated. See https://react.dev/warnings/react-test-renderer
✔ general: Spot 0 / Futures 0 remain separate and navigate to their domain (380.218746ms)
react-test-renderer is deprecated. See https://react.dev/warnings/react-test-renderer
✔ general: Spot 1 / Futures 0 remain separate and navigate to their domain (242.58506ms)
react-test-renderer is deprecated. See https://react.dev/warnings/react-test-renderer
✔ general: Spot 0 / Futures 1 remain separate and navigate to their domain (232.30262ms)
react-test-renderer is deprecated. See https://react.dev/warnings/react-test-renderer
✔ general: Spot 1 / Futures 1 remain separate and navigate to their domain (243.275302ms)
react-test-renderer is deprecated. See https://react.dev/warnings/react-test-renderer
✔ season: Spot 0 / Futures 0 remain separate and navigate to their domain (170.522766ms)
react-test-renderer is deprecated. See https://react.dev/warnings/react-test-renderer
✔ season: Spot 1 / Futures 0 remain separate and navigate to their domain (203.652513ms)
react-test-renderer is deprecated. See https://react.dev/warnings/react-test-renderer
✔ season: Spot 0 / Futures 1 remain separate and navigate to their domain (194.130421ms)
react-test-renderer is deprecated. See https://react.dev/warnings/react-test-renderer
✔ season: Spot 1 / Futures 1 remain separate and navigate to their domain (225.377124ms)
react-test-renderer is deprecated. See https://react.dev/warnings/react-test-renderer
✔ beginner: Spot 0 / Futures 0 remain separate and navigate to their domain (168.436334ms)
react-test-renderer is deprecated. See https://react.dev/warnings/react-test-renderer
✔ beginner: Spot 1 / Futures 0 remain separate and navigate to their domain (196.163711ms)
react-test-renderer is deprecated. See https://react.dev/warnings/react-test-renderer
✔ beginner: Spot 0 / Futures 1 remain separate and navigate to their domain (187.073161ms)
react-test-renderer is deprecated. See https://react.dev/warnings/react-test-renderer
✔ beginner: Spot 1 / Futures 1 remain separate and navigate to their domain (225.651981ms)
react-test-renderer is deprecated. See https://react.dev/warnings/react-test-renderer
✔ a failed positions read never makes both domains look empty (157.380464ms)
react-test-renderer is deprecated. See https://react.dev/warnings/react-test-renderer
✔ a failed futures read never makes both domains look empty (123.098371ms)
react-test-renderer is deprecated. See https://react.dev/warnings/react-test-renderer
✔ a late Futures response cannot paint an outgoing account after General→Season→Beginner (227.378561ms)
✔ opening a Futures position for the same BTC leaves the Spot count, quantity, canonical value and PnL intact (154.503956ms)
(node:870452) [MODULE_TYPELESS_PACKAGE_JSON] Warning: Module type of file:///home/nayuta/projects/trading-app/frontend/src/screens/home/homeDiscovery.test.ts is not specified and it doesn't parse as CommonJS.
Reparsing as ES module because module syntax was detected. This incurs a performance overhead.
To eliminate this warning, add "type": "module" to /home/nayuta/projects/trading-app/frontend/package.json.
(Use `node --trace-warnings ...` to show where the warning was created)
react-test-renderer is deprecated. See https://react.dev/warnings/react-test-renderer
react-test-renderer is deprecated. See https://react.dev/warnings/react-test-renderer
✔ season: 0 holdings use server order, lazy complete pagination and collapse (340.341617ms)
react-test-renderer is deprecated. See https://react.dev/warnings/react-test-renderer
✔ season: 1 holdings use server order, lazy complete pagination and collapse (176.564939ms)
react-test-renderer is deprecated. See https://react.dev/warnings/react-test-renderer
✔ season: 7 holdings use server order, lazy complete pagination and collapse (258.964986ms)
react-test-renderer is deprecated. See https://react.dev/warnings/react-test-renderer
✔ season: 207 holdings use server order, lazy complete pagination and collapse (251.262265ms)
react-test-renderer is deprecated. See https://react.dev/warnings/react-test-renderer
✔ general: 0 holdings use server order, lazy complete pagination and collapse (145.283635ms)
react-test-renderer is deprecated. See https://react.dev/warnings/react-test-renderer
✔ general: 1 holdings use server order, lazy complete pagination and collapse (145.943145ms)
react-test-renderer is deprecated. See https://react.dev/warnings/react-test-renderer
✔ general: 7 holdings use server order, lazy complete pagination and collapse (234.338087ms)
react-test-renderer is deprecated. See https://react.dev/warnings/react-test-renderer
✔ general: 207 holdings use server order, lazy complete pagination and collapse (230.837127ms)
react-test-renderer is deprecated. See https://react.dev/warnings/react-test-renderer
✔ unavailable valuations have no arbitrary representative but remain accessible, including a lone position (202.652869ms)
react-test-renderer is deprecated. See https://react.dev/warnings/react-test-renderer
✔ a later page failure retains the representative and retry never presents a partial list as complete (217.202374ms)
react-test-renderer is deprecated. See https://react.dev/warnings/react-test-renderer
✔ HOT uses the Market turnover DESC result and stable order for each category, with exact navigation (414.10172ms)
react-test-renderer is deprecated. See https://react.dev/warnings/react-test-renderer
✔ HOT omits unavailable, invalid and inactive turnover without refilling; zero is valid (165.512027ms)
react-test-renderer is deprecated. See https://react.dev/warnings/react-test-renderer
✔ Crypto HOT renders the five rows verified by the backend writer-to-Assets contract (159.935599ms)
react-test-renderer is deprecated. See https://react.dev/warnings/react-test-renderer
✔ category changes never relabel the previous response and late account reads cannot mix holdings or ranking (283.191637ms)
✔ Home and Wallet share the complete holdings cache but the preview shape remains separate (198.155423ms)
(node:870533) [MODULE_TYPELESS_PACKAGE_JSON] Warning: Module type of file:///home/nayuta/projects/trading-app/frontend/src/screens/home/homeHeader.test.ts is not specified and it doesn't parse as CommonJS.
Reparsing as ES module because module syntax was detected. This incurs a performance overhead.
To eliminate this warning, add "type": "module" to /home/nayuta/projects/trading-app/frontend/package.json.
(Use `node --trace-warnings ...` to show where the warning was created)
react-test-renderer is deprecated. See https://react.dev/warnings/react-test-renderer
react-test-renderer is deprecated. See https://react.dev/warnings/react-test-renderer
✔ Native season heading has intrinsic width at 320px and ignores a zero-width layout pass (134.430126ms)
react-test-renderer is deprecated. See https://react.dev/warnings/react-test-renderer
✔ Native season heading has intrinsic width at 360px and ignores a zero-width layout pass (57.560701ms)
react-test-renderer is deprecated. See https://react.dev/warnings/react-test-renderer
✔ Native season heading has intrinsic width at 390px and ignores a zero-width layout pass (33.046357ms)
react-test-renderer is deprecated. See https://react.dev/warnings/react-test-renderer
✔ Native season heading has intrinsic width at 430px and ignores a zero-width layout pass (29.453517ms)
react-test-renderer is deprecated. See https://react.dev/warnings/react-test-renderer
✔ a genuinely wrapped heading stacks only its content, keeps the caption with the emblem, and resets on a wider viewport (32.33255ms)
react-test-renderer is deprecated. See https://react.dev/warnings/react-test-renderer
✔ large fonts (1.5) grow by content without a duplicate artwork minimum (23.589747ms)
react-test-renderer is deprecated. See https://react.dev/warnings/react-test-renderer
react-test-renderer is deprecated. See https://react.dev/warnings/react-test-renderer
react-test-renderer is deprecated. See https://react.dev/warnings/react-test-renderer
react-test-renderer is deprecated. See https://react.dev/warnings/react-test-renderer
react-test-renderer is deprecated. See https://react.dev/warnings/react-test-renderer
react-test-renderer is deprecated. See https://react.dev/warnings/react-test-renderer
react-test-renderer is deprecated. See https://react.dev/warnings/react-test-renderer
react-test-renderer is deprecated. See https://react.dev/warnings/react-test-renderer
react-test-renderer is deprecated. See https://react.dev/warnings/react-test-renderer
react-test-renderer is deprecated. See https://react.dev/warnings/react-test-renderer
✔ large fonts (2) grow by content without a duplicate artwork minimum (27.043778ms)
✔ Home context is spacious, quiet and opens the existing account selection sheet (24.020054ms)
✔ Home preserves the important account/season context: 일시정지 (20.876337ms)
✔ Home preserves the important account/season context: 종료 (28.118516ms)
✔ Home preserves the important account/season context: 시작 전 (18.421782ms)
✔ Home preserves the important account/season context: 종료됨 (18.50973ms)
✔ Home preserves the important account/season context: 정산 완료 (18.991934ms)
✔ Home preserves the important account/season context: 참가 등록 (17.495259ms)
✔ Home preserves the important account/season context: 참가 제외 (19.435915ms)
✔ Home preserves the important account/season context: 참가 종료 (25.298968ms)
✔ Home preserves the important account/season context: 보상 지급 완료 (18.168937ms)
(node:870554) [MODULE_TYPELESS_PACKAGE_JSON] Warning: Module type of file:///home/nayuta/projects/trading-app/frontend/src/screens/home/homeIntegration.test.ts is not specified and it doesn't parse as CommonJS.
Reparsing as ES module because module syntax was detected. This incurs a performance overhead.
To eliminate this warning, add "type": "module" to /home/nayuta/projects/trading-app/frontend/package.json.
(Use `node --trace-warnings ...` to show where the warning was created)
▶ Home asset hierarchy and real portfolio/ranking/me sources
  ✔ general puts total assets and performance before details, with competition only in season (289.91194ms)
  ✔ general keeps unknown performance and unavailable summaries explicit (126.569276ms)
  ✔ general Hero uses compact labels from the response method, independently of account mode (85.759823ms)
  ✔ season puts total assets and performance before details, with competition only in season (101.267586ms)
  ✔ season keeps unknown performance and unavailable summaries explicit (82.440704ms)
  ✔ season Hero uses compact labels from the response method, independently of account mode (77.189701ms)
  ✔ settled season uses final labels and the existing final tier source (80.191266ms)
✔ Home asset hierarchy and real portfolio/ranking/me sources (844.204076ms)
▶ Home keeps exchange entry in Wallet
  ✔ general has no Home exchange and Wallet opens WalletFx for the selected account (94.137091ms)
  ✔ general suspended keeps trade restrictions and Wallet exchange gating/history (87.31013ms)
  ✔ general closed keeps trade restrictions and Wallet exchange gating/history (71.017497ms)
  ✔ general does not offer exchange before capabilities are available (70.227605ms)
  ✔ general shows only relevant trade notices, independently of exchange capability (68.861353ms)
  ✔ season has no Home exchange and Wallet opens WalletFx for the selected account (77.034214ms)
  ✔ season suspended keeps trade restrictions and Wallet exchange gating/history (63.837796ms)
  ✔ season closed keeps trade restrictions and Wallet exchange gating/history (70.633466ms)
  ✔ season does not offer exchange before capabilities are available (56.366032ms)
  ✔ season shows only relevant trade notices, independently of exchange capability (61.716096ms)
  ✔ season trade restrictions and reward entry remain: {"seasonStatus":"ended"} (61.603976ms)
  ✔ season trade restrictions and reward entry remain: {"seasonStatus":"settled"} (60.44951ms)
  ✔ season trade restrictions and reward entry remain: {"participantStatus":"excluded"} (60.323084ms)
  ✔ season trade restrictions and reward entry remain: {"participantStatus":"finished"} (61.510789ms)
  ✔ season trade restrictions and reward entry remain: {"endAt":"2026-09-09T00:00:00Z"} (68.232394ms)
  ✔ general ↔ season switches keep Home free of exchange and Wallet FX scoped to the selected account (103.805858ms)
✔ Home keeps exchange entry in Wallet (1137.762764ms)
▶ general/season home API, queries, rendering and navigation integration
  ✔ general opens daily trend above positions and reachable wallet history and its unique features (65.977294ms)
  ✔ general equity integrity failure gates the entire home, while a transient failure stays local (61.552472ms)
  ✔ general switches never keep previous query data beneath another account name (62.123367ms)
  ✔ season opens daily trend above positions and reachable wallet history and its unique features (60.522655ms)
  ✔ season equity integrity failure gates the entire home, while a transient failure stays local (67.423991ms)
  ✔ season switches never keep previous query data beneath another account name (53.97731ms)
  ✔ rejects malformed/duplicate/out-of-order daily data instead of repairing or showing zero (0.656188ms)
  ✔ general refuses malformed daily envelopes at the API boundary and closes the whole home (672.869863ms)
  ✔ general accepts only an explicit empty history, never an unavailable response as empty (0.249298ms)
  ✔ season refuses malformed daily envelopes at the API boundary and closes the whole home (657.468537ms)
  ✔ season accepts only an explicit empty history, never an unavailable response as empty (0.153824ms)
✔ general/season home API, queries, rendering and navigation integration (1703.344493ms)
▶ wallet button through destination TradeHistory account lookup and API
  ✔ general can actually load the explicitly selected account orders at the destination (89.477205ms)
  ✔ season can actually load the explicitly selected account orders at the destination (92.941008ms)
✔ wallet button through destination TradeHistory account lookup and API (182.539688ms)
✔ general disclosure, ranges and account switches keep adjacent scoped daily content (73.777202ms)
✔ season disclosure, ranges and account switches keep adjacent scoped daily content (63.90113ms)
(node:870625) [MODULE_TYPELESS_PACKAGE_JSON] Warning: Module type of file:///home/nayuta/projects/trading-app/frontend/src/screens/home/homePortfolioRecovery.test.ts is not specified and it doesn't parse as CommonJS.
Reparsing as ES module because module syntax was detected. This incurs a performance overhead.
To eliminate this warning, add "type": "module" to /home/nayuta/projects/trading-app/frontend/package.json.
(Use `node --trace-warnings ...` to show where the warning was created)
react-test-renderer is deprecated. See https://react.dev/warnings/react-test-renderer
react-test-renderer is deprecated. See https://react.dev/warnings/react-test-renderer
✔ general: persistent failure names portfolio, retains context, passes diagnostics and recovers once on focus (404.494967ms)
react-test-renderer is deprecated. See https://react.dev/warnings/react-test-renderer
✔ general: structural failure is fail closed and is never retried by timer/focus (210.307177ms)
react-test-renderer is deprecated. See https://react.dev/warnings/react-test-renderer
✔ general: success-envelope unavailable remains a notice, not a full request error (216.778141ms)
react-test-renderer is deprecated. See https://react.dev/warnings/react-test-renderer
✔ season: persistent failure names portfolio, retains context, passes diagnostics and recovers once on focus (216.643133ms)
react-test-renderer is deprecated. See https://react.dev/warnings/react-test-renderer
✔ season: structural failure is fail closed and is never retried by timer/focus (165.484028ms)
✔ season: success-envelope unavailable remains a notice, not a full request error (204.892633ms)
(node:870657) [MODULE_TYPELESS_PACKAGE_JSON] Warning: Module type of file:///home/nayuta/projects/trading-app/frontend/src/screens/home/homeRefresh.test.ts is not specified and it doesn't parse as CommonJS.
Reparsing as ES module because module syntax was detected. This incurs a performance overhead.
To eliminate this warning, add "type": "module" to /home/nayuta/projects/trading-app/frontend/package.json.
(Use `node --trace-warnings ...` to show where the warning was created)
react-test-renderer is deprecated. See https://react.dev/warnings/react-test-renderer
react-test-renderer is deprecated. See https://react.dev/warnings/react-test-renderer
✔ general: refresh covers context, current HOT and expanded holdings, retaining disclosures and scope (695.208024ms)
✔ season: refresh covers context, current HOT and expanded holdings, retaining disclosures and scope (494.639477ms)
(node:870681) [MODULE_TYPELESS_PACKAGE_JSON] Warning: Module type of file:///home/nayuta/projects/trading-app/frontend/src/screens/home/homeTier.test.ts is not specified and it doesn't parse as CommonJS.
Reparsing as ES module because module syntax was detected. This incurs a performance overhead.
To eliminate this warning, add "type": "module" to /home/nayuta/projects/trading-app/frontend/package.json.
(Use `node --trace-warnings ...` to show where the warning was created)
react-test-renderer is deprecated. See https://react.dev/warnings/react-test-renderer
react-test-renderer is deprecated. See https://react.dev/warnings/react-test-renderer
✔ bronze selects its complete provided emblem and Home presentation in both appearances (158.189013ms)
react-test-renderer is deprecated. See https://react.dev/warnings/react-test-renderer
✔ silver selects its complete provided emblem and Home presentation in both appearances (55.535994ms)
react-test-renderer is deprecated. See https://react.dev/warnings/react-test-renderer
✔ gold selects its complete provided emblem and Home presentation in both appearances (32.654817ms)
react-test-renderer is deprecated. See https://react.dev/warnings/react-test-renderer
✔ platinum selects its complete provided emblem and Home presentation in both appearances (33.483769ms)
react-test-renderer is deprecated. See https://react.dev/warnings/react-test-renderer
✔ diamond selects its complete provided emblem and Home presentation in both appearances (27.38876ms)
react-test-renderer is deprecated. See https://react.dev/warnings/react-test-renderer
✔ master selects its complete provided emblem and Home presentation in both appearances (26.281167ms)
react-test-renderer is deprecated. See https://react.dev/warnings/react-test-renderer
✔ daily/final selection preserves the existing getRankingTier policy (28.83466ms)
react-test-renderer is deprecated. See https://react.dev/warnings/react-test-renderer
✔ loading uses neutral visuals, including errors retaining cached data (28.312131ms)
react-test-renderer is deprecated. See https://react.dev/warnings/react-test-renderer
✔ error uses neutral visuals, including errors retaining cached data (22.791438ms)
react-test-renderer is deprecated. See https://react.dev/warnings/react-test-renderer
✔ null uses neutral visuals, including errors retaining cached data (28.941794ms)
react-test-renderer is deprecated. See https://react.dev/warnings/react-test-renderer
✔ unknown uses neutral visuals, including errors retaining cached data (18.963222ms)
react-test-renderer is deprecated. See https://react.dev/warnings/react-test-renderer
✔ response-unavailable uses neutral visuals, including errors retaining cached data (20.058292ms)
react-test-renderer is deprecated. See https://react.dev/warnings/react-test-renderer
✔ my-unavailable uses neutral visuals, including errors retaining cached data (18.842152ms)
react-test-renderer is deprecated. See https://react.dev/warnings/react-test-renderer
✔ not-joined uses neutral visuals, including errors retaining cached data (19.11726ms)
react-test-renderer is deprecated. See https://react.dev/warnings/react-test-renderer
✔ missing-season uses neutral visuals, including errors retaining cached data (24.551266ms)
react-test-renderer is deprecated. See https://react.dev/warnings/react-test-renderer
✔ missing-response uses neutral visuals, including errors retaining cached data (21.857519ms)
✔ unknown identifiers cannot select an inherited property or invent a tier (0.154547ms)
react-test-renderer is deprecated. See https://react.dev/warnings/react-test-renderer
✔ general account has no tier, frame, background or rank; missing me does not remove a valid tier (20.267026ms)
react-test-renderer is deprecated. See https://react.dev/warnings/react-test-renderer
✔ supplies the emblem beside the account information and leaves all text untruncated (27.730833ms)
✔ an unavailable rank never prints an invalid number or hides the known tier (21.490459ms)
(node:870706) [MODULE_TYPELESS_PACKAGE_JSON] Warning: Module type of file:///home/nayuta/projects/trading-app/frontend/src/screens/home/settledPortfolio.test.ts is not specified and it doesn't parse as CommonJS.
Reparsing as ES module because module syntax was detected. This incurs a performance overhead.
To eliminate this warning, add "type": "module" to /home/nayuta/projects/trading-app/frontend/package.json.
(Use `node --trace-warnings ...` to show where the warning was created)
react-test-renderer is deprecated. See https://react.dev/warnings/react-test-renderer
react-test-renderer is deprecated. See https://react.dev/warnings/react-test-renderer
✔ settled Home hero uses final totals and never labels current UPNL as final (104.98782ms)
react-test-renderer is deprecated. See https://react.dev/warnings/react-test-renderer
✔ missing settled evidence does not fall back to a live summary (28.318804ms)
react-test-renderer is deprecated. See https://react.dev/warnings/react-test-renderer
✔ account-scoped Season Home passes the authoritative final result to the hero (316.850476ms)
✔ Portfolio shows immutable final summary and clearly labels live holdings as reference (72.436569ms)
(node:870720) [MODULE_TYPELESS_PACKAGE_JSON] Warning: Module type of file:///home/nayuta/projects/trading-app/frontend/src/screens/home/tierAssets.test.ts is not specified and it doesn't parse as CommonJS.
Reparsing as ES module because module syntax was detected. This incurs a performance overhead.
To eliminate this warning, add "type": "module" to /home/nayuta/projects/trading-app/frontend/package.json.
(Use `node --trace-warnings ...` to show where the warning was created)
react-test-renderer is deprecated. See https://react.dev/warnings/react-test-renderer
react-test-renderer is deprecated. See https://react.dev/warnings/react-test-renderer
react-test-renderer is deprecated. See https://react.dev/warnings/react-test-renderer
react-test-renderer is deprecated. See https://react.dev/warnings/react-test-renderer
react-test-renderer is deprecated. See https://react.dev/warnings/react-test-renderer
react-test-renderer is deprecated. See https://react.dev/warnings/react-test-renderer
react-test-renderer is deprecated. See https://react.dev/warnings/react-test-renderer
react-test-renderer is deprecated. See https://react.dev/warnings/react-test-renderer
react-test-renderer is deprecated. See https://react.dev/warnings/react-test-renderer
react-test-renderer is deprecated. See https://react.dev/warnings/react-test-renderer
react-test-renderer is deprecated. See https://react.dev/warnings/react-test-renderer
react-test-renderer is deprecated. See https://react.dev/warnings/react-test-renderer
✔ maps all twelve original background PNGs to the exact tier and appearance (83.808847ms)
✔ keeps supplied emblems verbatim, preserves the existing slots and scales both axes uniformly (46.717824ms)
(node:870730) [MODULE_TYPELESS_PACKAGE_JSON] Warning: Module type of file:///home/nayuta/projects/trading-app/frontend/src/screens/market/MarketScreen.test.ts is not specified and it doesn't parse as CommonJS.
Reparsing as ES module because module syntax was detected. This incurs a performance overhead.
To eliminate this warning, add "type": "module" to /home/nayuta/projects/trading-app/frontend/package.json.
(Use `node --trace-warnings ...` to show where the warning was created)
▶ MarketScreen partial-price warning policy
  ✔ keeps API price errors without rendering the main-market warning (0.485195ms)
  ✔ continues to render every API item through the existing price policy (0.1274ms)
  ✔ keeps the realtime reconnect warning (0.133011ms)
  ✔ keeps normal pagination and does not add an account-mode warning branch (0.076114ms)
  ✔ leaves the separate search-result warning unchanged (0.045865ms)
✔ MarketScreen partial-price warning policy (1.390695ms)
✔ uses the shared socket for market and search session transitions without per-client REST polling (0.205473ms)
(node:870737) [MODULE_TYPELESS_PACKAGE_JSON] Warning: Module type of file:///home/nayuta/projects/trading-app/frontend/src/screens/my/SettingsScreen.test.ts is not specified and it doesn't parse as CommonJS.
Reparsing as ES module because module syntax was detected. This incurs a performance overhead.
To eliminate this warning, add "type": "module" to /home/nayuta/projects/trading-app/frontend/package.json.
(Use `node --trace-warnings ...` to show where the warning was created)
react-test-renderer is deprecated. See https://react.dev/warnings/react-test-renderer
react-test-renderer is deprecated. See https://react.dev/warnings/react-test-renderer
▶ Settings portfolio privacy switch
  ✔ uses matching compact Secondary switches while notifications remain local (113.65378ms)
react-test-renderer is deprecated. See https://react.dev/warnings/react-test-renderer
  ✔ shows GET /me true and immediately changes true to false without saving copy (53.353622ms)
react-test-renderer is deprecated. See https://react.dev/warnings/react-test-renderer
  ✔ immediately changes false to true and confirms the server response (40.162543ms)
react-test-renderer is deprecated. See https://react.dev/warnings/react-test-renderer
  ✔ uses an unexpected server Boolean and does not wait for summary invalidation (40.246577ms)
react-test-renderer is deprecated. See https://react.dev/warnings/react-test-renderer
  ✔ rolls back only portfolioPublic and alerts on PATCH failure (33.88058ms)
react-test-renderer is deprecated. See https://react.dev/warnings/react-test-renderer
  ✔ serializes rapid toggles and preserves the final explicit choice (43.705529ms)
react-test-renderer is deprecated. See https://react.dev/warnings/react-test-renderer
  ✔ does not restore a previous session from a late PATCH response (32.461626ms)
react-test-renderer is deprecated. See https://react.dev/warnings/react-test-renderer
react-test-renderer is deprecated. See https://react.dev/warnings/react-test-renderer
  ✔ refetches persisted /me on reentry and keeps nickname editing (41.415442ms)
✔ Settings portfolio privacy switch (399.724481ms)
react-test-renderer is deprecated. See https://react.dev/warnings/react-test-renderer
▶ Settings appearance preference
  ✔ offers system, light and dark and applies a choice immediately without a profile PATCH (26.631857ms)
✔ Settings appearance preference (26.755848ms)
react-test-renderer is deprecated. See https://react.dev/warnings/react-test-renderer
▶ Settings financial palette preference
  ✔ offers exactly two presets, defaults to Red/Blue and never PATCHes a profile (30.751326ms)
✔ Settings financial palette preference (30.924835ms)
react-test-renderer is deprecated. See https://react.dev/warnings/react-test-renderer
▶ Settings profile image management
  ✔ offers add with no image and change/delete with an existing image (27.981567ms)
react-test-renderer is deprecated. See https://react.dev/warnings/react-test-renderer
  ✔ cancels selection without an upload or cache change (25.095265ms)
react-test-renderer is deprecated. See https://react.dev/warnings/react-test-renderer
  ✔ shows safe permission/manipulation errors and keeps the prior photo (36.840743ms)
react-test-renderer is deprecated. See https://react.dev/warnings/react-test-renderer
  ✔ blocks rapid selection, replacement and deletion until upload completes (34.236068ms)
react-test-renderer is deprecated. See https://react.dev/warnings/react-test-renderer
  ✔ keeps current photo on upload/delete failure and allows retry (32.872602ms)
react-test-renderer is deprecated. See https://react.dev/warnings/react-test-renderer
  ✔ blocks concurrent delete actions then immediately restores the default avatar (26.653414ms)
react-test-renderer is deprecated. See https://react.dev/warnings/react-test-renderer
  ✔ preserves unsaved nickname input when a photo changes (25.83562ms)
react-test-renderer is deprecated. See https://react.dev/warnings/react-test-renderer
  ✔ keeps a new photo when an earlier privacy PATCH finishes later (31.15364ms)
react-test-renderer is deprecated. See https://react.dev/warnings/react-test-renderer
  ✔ updates the same session cache when navigating away during an upload (29.864225ms)
react-test-renderer is deprecated. See https://react.dev/warnings/react-test-renderer
  ✔ does not send a selected photo after unmount or restore a late response after logout (31.363772ms)
✔ Settings profile image management (302.331929ms)
(node:870763) [MODULE_TYPELESS_PACKAGE_JSON] Warning: Module type of file:///home/nayuta/projects/trading-app/frontend/src/screens/order/orderInputPolicy.test.ts is not specified and it doesn't parse as CommonJS.
Reparsing as ES module because module syntax was detected. This incurs a performance overhead.
To eliminate this warning, add "type": "module" to /home/nayuta/projects/trading-app/frontend/package.json.
(Use `node --trace-warnings ...` to show where the warning was created)
react-test-renderer is deprecated. See https://react.dev/warnings/react-test-renderer
react-test-renderer is deprecated. See https://react.dev/warnings/react-test-renderer
✔ general crypto BUY market: amount is the request intent and quoted quantity is authoritative (361.995329ms)
react-test-renderer is deprecated. See https://react.dev/warnings/react-test-renderer
✔ general crypto BUY limit: amount is the request intent and quoted quantity is authoritative (176.917784ms)
react-test-renderer is deprecated. See https://react.dev/warnings/react-test-renderer
✔ general domestic_stock buy: fractional market, integer-only limit and no automatic type switch (152.196101ms)
react-test-renderer is deprecated. See https://react.dev/warnings/react-test-renderer
✔ general domestic_stock sell: fractional market, integer-only limit and no automatic type switch (133.908259ms)
react-test-renderer is deprecated. See https://react.dev/warnings/react-test-renderer
✔ general us_stock buy: fractional market, integer-only limit and no automatic type switch (136.688191ms)
react-test-renderer is deprecated. See https://react.dev/warnings/react-test-renderer
✔ general us_stock sell: fractional market, integer-only limit and no automatic type switch (130.263971ms)
react-test-renderer is deprecated. See https://react.dev/warnings/react-test-renderer
✔ season crypto BUY market: amount is the request intent and quoted quantity is authoritative (108.668941ms)
react-test-renderer is deprecated. See https://react.dev/warnings/react-test-renderer
✔ season crypto BUY limit: amount is the request intent and quoted quantity is authoritative (114.453669ms)
react-test-renderer is deprecated. See https://react.dev/warnings/react-test-renderer
✔ season domestic_stock buy: fractional market, integer-only limit and no automatic type switch (124.727458ms)
react-test-renderer is deprecated. See https://react.dev/warnings/react-test-renderer
✔ season domestic_stock sell: fractional market, integer-only limit and no automatic type switch (105.080386ms)
react-test-renderer is deprecated. See https://react.dev/warnings/react-test-renderer
✔ season us_stock buy: fractional market, integer-only limit and no automatic type switch (110.695429ms)
react-test-renderer is deprecated. See https://react.dev/warnings/react-test-renderer
✔ season us_stock sell: fractional market, integer-only limit and no automatic type switch (117.372446ms)
react-test-renderer is deprecated. See https://react.dev/warnings/react-test-renderer
✔ stock manual input still requests server Quote when preview has missing-price (102.219935ms)
react-test-renderer is deprecated. See https://react.dev/warnings/react-test-renderer
✔ stock manual input still requests server Quote when preview has stale-price (99.075731ms)
react-test-renderer is deprecated. See https://react.dev/warnings/react-test-renderer
✔ stock manual input still requests server Quote when preview has fee (107.669308ms)
react-test-renderer is deprecated. See https://react.dev/warnings/react-test-renderer
✔ manual stock input receives PRICE_UNAVAILABLE from Backend without preview blocking Quote (104.522262ms)
react-test-renderer is deprecated. See https://react.dev/warnings/react-test-renderer
✔ manual stock input receives PRICE_STALE from Backend without preview blocking Quote (95.628192ms)
react-test-renderer is deprecated. See https://react.dev/warnings/react-test-renderer
✔ manual stock input receives MARKET_CLOSED from Backend without preview blocking Quote (108.206666ms)
react-test-renderer is deprecated. See https://react.dev/warnings/react-test-renderer
✔ manual stock input receives MARKET_CALENDAR_UNAVAILABLE from Backend without preview blocking Quote (104.596364ms)
react-test-renderer is deprecated. See https://react.dev/warnings/react-test-renderer
✔ crypto amount ratios need cash and actual fee, not a price, and 100% covers fees (101.194724ms)
react-test-renderer is deprecated. See https://react.dev/warnings/react-test-renderer
✔ a quote for another amount cannot create, while a server quantity differing from preview can (120.604791ms)
react-test-renderer is deprecated. See https://react.dev/warnings/react-test-renderer
✔ crypto amount quote with invalid quantity 0 cannot create (111.635085ms)
react-test-renderer is deprecated. See https://react.dev/warnings/react-test-renderer
✔ crypto amount quote with invalid quantity -1 cannot create (101.508898ms)
react-test-renderer is deprecated. See https://react.dev/warnings/react-test-renderer
✔ crypto amount quote with invalid quantity NaN cannot create (112.094096ms)
✔ crypto amount quote with invalid quantity Infinity cannot create (106.024932ms)
(node:870820) [MODULE_TYPELESS_PACKAGE_JSON] Warning: Module type of file:///home/nayuta/projects/trading-app/frontend/src/screens/order/orderWarningUx.test.ts is not specified and it doesn't parse as CommonJS.
Reparsing as ES module because module syntax was detected. This incurs a performance overhead.
To eliminate this warning, add "type": "module" to /home/nayuta/projects/trading-app/frontend/package.json.
(Use `node --trace-warnings ...` to show where the warning was created)
react-test-renderer is deprecated. See https://react.dev/warnings/react-test-renderer
react-test-renderer is deprecated. See https://react.dev/warnings/react-test-renderer
▶ order screen warning meaning
  ✔ calls an available but stale REST display price old, never absent, and keeps server Quote reachable (366.908443ms)
react-test-renderer is deprecated. See https://react.dev/warnings/react-test-renderer
  ✔ uses the absent-price copy only when the display price is actually absent (171.117682ms)
react-test-renderer is deprecated. See https://react.dev/warnings/react-test-renderer
  ✔ domestic_stock CLOSED market has one session warning and CLOSED limit has no session/price warning (142.386353ms)
react-test-renderer is deprecated. See https://react.dev/warnings/react-test-renderer
  ✔ us_stock CLOSED market has one session warning and CLOSED limit has no session/price warning (136.733501ms)
react-test-renderer is deprecated. See https://react.dev/warnings/react-test-renderer
react-test-renderer is deprecated. See https://react.dev/warnings/react-test-renderer
  ✔ keeps fresh OPEN stock and crypto UX without a new warning (232.376093ms)
react-test-renderer is deprecated. See https://react.dev/warnings/react-test-renderer
  ✔ removes duplicate general account labels from order and holdings while pending remains scoped (110.180735ms)
  ✔ removes duplicate season account labels from order and holdings while pending remains scoped (109.536804ms)
✔ order screen warning meaning (1270.160713ms)
(node:870854) [MODULE_TYPELESS_PACKAGE_JSON] Warning: Module type of file:///home/nayuta/projects/trading-app/frontend/src/screens/order/quantityRatio.test.ts is not specified and it doesn't parse as CommonJS.
Reparsing as ES module because module syntax was detected. This incurs a performance overhead.
To eliminate this warning, add "type": "module" to /home/nayuta/projects/trading-app/frontend/package.json.
(Use `node --trace-warnings ...` to show where the warning was created)
react-test-renderer is deprecated. See https://react.dev/warnings/react-test-renderer
react-test-renderer is deprecated. See https://react.dev/warnings/react-test-renderer
✔ inline general buy market: presets and slider share quantity policy and selection (399.939305ms)
react-test-renderer is deprecated. See https://react.dev/warnings/react-test-renderer
✔ inline general buy limit: presets and slider share quantity policy and selection (193.000134ms)
react-test-renderer is deprecated. See https://react.dev/warnings/react-test-renderer
✔ inline general sell market: presets and slider share quantity policy and selection (149.823652ms)
react-test-renderer is deprecated. See https://react.dev/warnings/react-test-renderer
✔ inline general sell limit: presets and slider share quantity policy and selection (138.204833ms)
react-test-renderer is deprecated. See https://react.dev/warnings/react-test-renderer
✔ inline season buy market: presets and slider share quantity policy and selection (122.750677ms)
react-test-renderer is deprecated. See https://react.dev/warnings/react-test-renderer
✔ inline season buy limit: presets and slider share quantity policy and selection (140.156484ms)
react-test-renderer is deprecated. See https://react.dev/warnings/react-test-renderer
✔ inline season sell market: presets and slider share quantity policy and selection (116.77559ms)
react-test-renderer is deprecated. See https://react.dev/warnings/react-test-renderer
✔ inline season sell limit: presets and slider share quantity policy and selection (113.828092ms)
react-test-renderer is deprecated. See https://react.dev/warnings/react-test-renderer
✔ standalone general buy market: presets and slider share quantity policy and selection (127.747366ms)
react-test-renderer is deprecated. See https://react.dev/warnings/react-test-renderer
✔ standalone general buy limit: presets and slider share quantity policy and selection (117.660935ms)
react-test-renderer is deprecated. See https://react.dev/warnings/react-test-renderer
✔ standalone general sell market: presets and slider share quantity policy and selection (110.716182ms)
react-test-renderer is deprecated. See https://react.dev/warnings/react-test-renderer
✔ standalone general sell limit: presets and slider share quantity policy and selection (127.066205ms)
react-test-renderer is deprecated. See https://react.dev/warnings/react-test-renderer
✔ standalone season buy market: presets and slider share quantity policy and selection (111.029482ms)
react-test-renderer is deprecated. See https://react.dev/warnings/react-test-renderer
✔ standalone season buy limit: presets and slider share quantity policy and selection (117.759263ms)
react-test-renderer is deprecated. See https://react.dev/warnings/react-test-renderer
✔ standalone season sell market: presets and slider share quantity policy and selection (115.840448ms)
react-test-renderer is deprecated. See https://react.dev/warnings/react-test-renderer
✔ standalone season sell limit: presets and slider share quantity policy and selection (107.415112ms)
react-test-renderer is deprecated. See https://react.dev/warnings/react-test-renderer
✔ six-decimal flooring preserves the selected ratio; rejected tiny quantity does not move the controls (100.252927ms)
react-test-renderer is deprecated. See https://react.dev/warnings/react-test-renderer
✔ manual edits, price, reservations, limit changes and side/account changes never retain stale selection (136.431851ms)
react-test-renderer is deprecated. See https://react.dev/warnings/react-test-renderer
✔ balance: slider blocks changes and preset retains the existing explanation (99.846782ms)
react-test-renderer is deprecated. See https://react.dev/warnings/react-test-renderer
✔ wallet-loading: slider blocks changes and preset retains the existing explanation (94.951663ms)
react-test-renderer is deprecated. See https://react.dev/warnings/react-test-renderer
✔ wallet-error: slider blocks changes and preset retains the existing explanation (109.017419ms)
react-test-renderer is deprecated. See https://react.dev/warnings/react-test-renderer
✔ price: slider blocks changes and preset retains the existing explanation (95.384112ms)
react-test-renderer is deprecated. See https://react.dev/warnings/react-test-renderer
✔ limit: slider blocks changes and preset retains the existing explanation (113.761558ms)
react-test-renderer is deprecated. See https://react.dev/warnings/react-test-renderer
✔ holding: slider blocks changes and preset retains the existing explanation (91.708474ms)
react-test-renderer is deprecated. See https://react.dev/warnings/react-test-renderer
✔ position-loading: slider blocks changes and preset retains the existing explanation (94.983685ms)
react-test-renderer is deprecated. See https://react.dev/warnings/react-test-renderer
✔ position-error: slider blocks changes and preset retains the existing explanation (110.297332ms)
react-test-renderer is deprecated. See https://react.dev/warnings/react-test-renderer
✔ unavailable: slider blocks changes and preset retains the existing explanation (85.354511ms)
react-test-renderer is deprecated. See https://react.dev/warnings/react-test-renderer
✔ inactive: slider blocks changes and preset retains the existing explanation (84.868998ms)
react-test-renderer is deprecated. See https://react.dev/warnings/react-test-renderer
✔ account: slider blocks changes and preset retains the existing explanation (93.257635ms)
react-test-renderer is deprecated. See https://react.dev/warnings/react-test-renderer
✔ quote/create pending protects every quantity input, then success resets percentage (118.166943ms)
✔ standalone account binding clears inputs when selection changes and cannot retarget an order (87.727638ms)
(node:870927) [MODULE_TYPELESS_PACKAGE_JSON] Warning: Module type of file:///home/nayuta/projects/trading-app/frontend/src/screens/order/quantityRatioNative.test.ts is not specified and it doesn't parse as CommonJS.
Reparsing as ES module because module syntax was detected. This incurs a performance overhead.
To eliminate this warning, add "type": "module" to /home/nayuta/projects/trading-app/frontend/package.json.
(Use `node --trace-warnings ...` to show where the warning was created)
✔ Android slider: installed RNGH receiver handles taps, horizontal drag, edges and cancellation (132.775146ms)
(node:870936) [MODULE_TYPELESS_PACKAGE_JSON] Warning: Module type of file:///home/nayuta/projects/trading-app/frontend/src/screens/record/recordPresentation.test.ts is not specified and it doesn't parse as CommonJS.
Reparsing as ES module because module syntax was detected. This incurs a performance overhead.
To eliminate this warning, add "type": "module" to /home/nayuta/projects/trading-app/frontend/package.json.
(Use `node --trace-warnings ...` to show where the warning was created)
react-test-renderer is deprecated. See https://react.dev/warnings/react-test-renderer
react-test-renderer is deprecated. See https://react.dev/warnings/react-test-renderer
✔ detail: canonical results, lean information and scoped history CTA (224.151969ms)
react-test-renderer is deprecated. See https://react.dev/warnings/react-test-renderer
✔ detail: unavailable hides incomplete totals and technical errors (82.482434ms)
react-test-renderer is deprecated. See https://react.dev/warnings/react-test-renderer
✔ detail: partial_unavailable hides incomplete totals and technical errors (63.123136ms)
react-test-renderer is deprecated. See https://react.dev/warnings/react-test-renderer
✔ profit: canonical results, lean information and scoped history CTA (126.282158ms)
react-test-renderer is deprecated. See https://react.dev/warnings/react-test-renderer
✔ profit: unavailable hides incomplete totals and technical errors (72.398319ms)
react-test-renderer is deprecated. See https://react.dev/warnings/react-test-renderer
✔ profit: partial_unavailable hides incomplete totals and technical errors (68.263465ms)
react-test-renderer is deprecated. See https://react.dev/warnings/react-test-renderer
react-test-renderer is deprecated. See https://react.dev/warnings/react-test-renderer
✔ active/ended seasons never label rank/tier or performance as final (112.084927ms)
✔ all displayed signs use semantic financial roles; zero/missing and assets are neutral (0.193929ms)
react-test-renderer is deprecated. See https://react.dev/warnings/react-test-renderer
✔ profit analysis forwards selection diagnostics through the existing admin role gate (105.37733ms)
react-test-renderer is deprecated. See https://react.dev/warnings/react-test-renderer
✔ profit analysis forwards selection diagnostics through the existing user role gate (91.434375ms)
✔ profit analysis forwards selection diagnostics through the existing operator role gate (83.323588ms)
(node:870982) [MODULE_TYPELESS_PACKAGE_JSON] Warning: Module type of file:///home/nayuta/projects/trading-app/frontend/src/screens/wallet/WalletScreen.test.ts is not specified and it doesn't parse as CommonJS.
Reparsing as ES module because module syntax was detected. This incurs a performance overhead.
To eliminate this warning, add "type": "module" to /home/nayuta/projects/trading-app/frontend/package.json.
(Use `node --trace-warnings ...` to show where the warning was created)
▶ selected account Wallet and shared Home holdings
  ✔ general lazily loads daily equity and resets its selected range on account switch (283.104575ms)
  ✔ season lazily loads daily equity and resets its selected range on account switch (126.194765ms)
  ✔ general shares the Hero and name/value/return rows and preserves preview vs full holdings (92.400438ms)
  ✔ general scopes every read and completes offset pagination beyond 100 (94.042137ms)
  ✔ season shares the Hero and name/value/return rows and preserves preview vs full holdings (78.480758ms)
  ✔ season scopes every read and completes offset pagination beyond 100 (74.402556ms)
  ✔ switches immediately discard previous total, cash, holdings and return (76.663398ms)
  ✔ an unavailable total preserves independently known cash and stale/unavailable holdings (73.873166ms)
  ✔ suspended disables exchange while preserving readable holdings and history (74.240551ms)
  ✔ closed disables exchange while preserving readable holdings and history (72.213709ms)
  ✔ fails closed on integrity errors while transient failures stay local and retryable (69.920646ms)
✔ selected account Wallet and shared Home holdings (1116.402938ms)
(node:871005) [MODULE_TYPELESS_PACKAGE_JSON] Warning: Module type of file:///home/nayuta/projects/trading-app/frontend/src/screens/wallet/WalletTransferScreen.test.ts is not specified and it doesn't parse as CommonJS.
Reparsing as ES module because module syntax was detected. This incurs a performance overhead.
To eliminate this warning, add "type": "module" to /home/nayuta/projects/trading-app/frontend/package.json.
(Use `node --trace-warnings ...` to show where the warning was created)
react-test-renderer is deprecated. See https://react.dev/warnings/react-test-renderer
react-test-renderer is deprecated. See https://react.dev/warnings/react-test-renderer
✔ A: compact USD form executes directly and shows its scoped receipt (221.260475ms)
react-test-renderer is deprecated. See https://react.dev/warnings/react-test-renderer
✔ B: compact USD form executes directly and shows its scoped receipt (95.891652ms)
react-test-renderer is deprecated. See https://react.dev/warnings/react-test-renderer
✔ dropdowns are mutually exclusive, exclude opposite wallet and close on selection (175.587645ms)
react-test-renderer is deprecated. See https://react.dev/warnings/react-test-renderer
✔ securities → crypto_spot uses only exact USD wallet IDs (74.989165ms)
react-test-renderer is deprecated. See https://react.dev/warnings/react-test-renderer
✔ securities → crypto_futures uses only exact USD wallet IDs (121.47099ms)
react-test-renderer is deprecated. See https://react.dev/warnings/react-test-renderer
✔ crypto_spot → securities uses only exact USD wallet IDs (211.852996ms)
react-test-renderer is deprecated. See https://react.dev/warnings/react-test-renderer
✔ crypto_spot → crypto_futures uses only exact USD wallet IDs (164.239503ms)
react-test-renderer is deprecated. See https://react.dev/warnings/react-test-renderer
✔ crypto_futures → securities uses only exact USD wallet IDs (163.050454ms)
react-test-renderer is deprecated. See https://react.dev/warnings/react-test-renderer
✔ crypto_futures → crypto_spot uses only exact USD wallet IDs (114.455975ms)
react-test-renderer is deprecated. See https://react.dev/warnings/react-test-renderer
✔ late A success after B cannot affect current form (116.633651ms)
react-test-renderer is deprecated. See https://react.dev/warnings/react-test-renderer
✔ late A failure after B cannot affect current form (110.017429ms)
react-test-renderer is deprecated. See https://react.dev/warnings/react-test-renderer
✔ late A success after B→A cannot affect current form (135.644874ms)
react-test-renderer is deprecated. See https://react.dev/warnings/react-test-renderer
✔ late A failure after B→A cannot affect current form (141.983346ms)
react-test-renderer is deprecated. See https://react.dev/warnings/react-test-renderer
✔ uncertain retry reuses the exact command even when refreshed cash reflects its debit (91.917399ms)
react-test-renderer is deprecated. See https://react.dev/warnings/react-test-renderer
✔ amount intent changed away and back gets a fresh key (90.180108ms)
react-test-renderer is deprecated. See https://react.dev/warnings/react-test-renderer
✔ source intent changed away and back gets a fresh key (181.183956ms)
react-test-renderer is deprecated. See https://react.dev/warnings/react-test-renderer
✔ destination intent changed away and back gets a fresh key (190.555207ms)
react-test-renderer is deprecated. See https://react.dev/warnings/react-test-renderer
✔ account intent changed away and back gets a fresh key (131.5543ms)
react-test-renderer is deprecated. See https://react.dev/warnings/react-test-renderer
✔ canonical-equivalent formatting retains the retry key (101.10989ms)
react-test-renderer is deprecated. See https://react.dev/warnings/react-test-renderer
✔ rapid duplicate and stale input/dropdown handlers cannot replace a pending command (99.642332ms)
react-test-renderer is deprecated. See https://react.dev/warnings/react-test-renderer
✔ loading fails closed (38.795995ms)
react-test-renderer is deprecated. See https://react.dev/warnings/react-test-renderer
✔ offline fails closed (39.807909ms)
react-test-renderer is deprecated. See https://react.dev/warnings/react-test-renderer
✔ integrity fails closed (42.024646ms)
react-test-renderer is deprecated. See https://react.dev/warnings/react-test-renderer
✔ missing fails closed (39.213806ms)
react-test-renderer is deprecated. See https://react.dev/warnings/react-test-renderer
✔ duplicate fails closed (53.338472ms)
react-test-renderer is deprecated. See https://react.dev/warnings/react-test-renderer
✔ wrong-account fails closed (54.67404ms)
react-test-renderer is deprecated. See https://react.dev/warnings/react-test-renderer
✔ reserved fails closed (45.720174ms)
react-test-renderer is deprecated. See https://react.dev/warnings/react-test-renderer
✔ inactive fails closed (42.65763ms)
react-test-renderer is deprecated. See https://react.dev/warnings/react-test-renderer
✔ missing KRW wallet does not block this USD-only screen (65.497897ms)
react-test-renderer is deprecated. See https://react.dev/warnings/react-test-renderer
✔ Futures outgoing availability and validation use margin-aware free collateral, not cash (85.321942ms)
react-test-renderer is deprecated. See https://react.dev/warnings/react-test-renderer
✔ Futures background refresh retains validated collateral until the new 10.00000000 result (132.659762ms)
react-test-renderer is deprecated. See https://react.dev/warnings/react-test-renderer
✔ Futures background refresh retains validated collateral until the new null result (132.025507ms)
react-test-renderer is deprecated. See https://react.dev/warnings/react-test-renderer
✔ Futures background refresh error blocks outgoing transfer even with cached valid collateral (216.883696ms)
react-test-renderer is deprecated. See https://react.dev/warnings/react-test-renderer
✔ Futures null never falls back to cash; incoming remains available (226.6874ms)
react-test-renderer is deprecated. See https://react.dev/warnings/react-test-renderer
✔ Futures stale-mark never falls back to cash; incoming remains available (218.069723ms)
react-test-renderer is deprecated. See https://react.dev/warnings/react-test-renderer
✔ Futures error never falls back to cash; incoming remains available (215.067404ms)
react-test-renderer is deprecated. See https://react.dev/warnings/react-test-renderer
✔ Futures loading never falls back to cash; incoming remains available (239.5488ms)
react-test-renderer is deprecated. See https://react.dev/warnings/react-test-renderer
✔ Futures wrong-wallet never falls back to cash; incoming remains available (213.894623ms)
react-test-renderer is deprecated. See https://react.dev/warnings/react-test-renderer
✔ Futures wrong-account never falls back to cash; incoming remains available (216.274565ms)
react-test-renderer is deprecated. See https://react.dev/warnings/react-test-renderer
✔ Futures malformed never falls back to cash; incoming remains available (215.337299ms)
react-test-renderer is deprecated. See https://react.dev/warnings/react-test-renderer
✔ Futures negative never falls back to cash; incoming remains available (216.028113ms)
react-test-renderer is deprecated. See https://react.dev/warnings/react-test-renderer
✔ late Futures A read never supplies collateral to B (192.922308ms)
react-test-renderer is deprecated. See https://react.dev/warnings/react-test-renderer
✔ Futures none positions use the server collateral result (89.242088ms)
react-test-renderer is deprecated. See https://react.dev/warnings/react-test-renderer
✔ Futures isolated positions use the server collateral result (83.709062ms)
react-test-renderer is deprecated. See https://react.dev/warnings/react-test-renderer
✔ Futures cross positions use the server collateral result (82.577001ms)
react-test-renderer is deprecated. See https://react.dev/warnings/react-test-renderer
✔ Futures zero positions use the server collateral result (82.728509ms)
react-test-renderer is deprecated. See https://react.dev/warnings/react-test-renderer
✔ late wallet A read cannot populate B while B is loading (132.82046ms)
react-test-renderer is deprecated. See https://react.dev/warnings/react-test-renderer
✔ unverifiable response retries with the original key and never shows a false receipt (107.089293ms)
react-test-renderer is deprecated. See https://react.dev/warnings/react-test-renderer
✔ Futures insufficient collateral rejection uses a safe actionable product message (103.081076ms)
react-test-renderer is deprecated. See https://react.dev/warnings/react-test-renderer
✔ web: focus hook measures input/CTA and dropdown blurs before dismiss (84.027174ms)
react-test-renderer is deprecated. See https://react.dev/warnings/react-test-renderer
✔ android: focus hook measures input/CTA and dropdown blurs before dismiss (86.597206ms)
react-test-renderer is deprecated. See https://react.dev/warnings/react-test-renderer
✔ ios: focus hook measures input/CTA and dropdown blurs before dismiss (91.934309ms)
react-test-renderer is deprecated. See https://react.dev/warnings/react-test-renderer
✔ short keyboard viewport prioritizes input while CTA remains scrollable (41.411938ms)
✔ validated success remains visible if the subsequent wallet refresh fails (84.69619ms)
(node:871476) [MODULE_TYPELESS_PACKAGE_JSON] Warning: Module type of file:///home/nayuta/projects/trading-app/frontend/src/screens/wallet/walletRefresh.test.ts is not specified and it doesn't parse as CommonJS.
Reparsing as ES module because module syntax was detected. This incurs a performance overhead.
To eliminate this warning, add "type": "module" to /home/nayuta/projects/trading-app/frontend/package.json.
(Use `node --trace-warnings ...` to show where the warning was created)
react-test-renderer is deprecated. See https://react.dev/warnings/react-test-renderer
react-test-renderer is deprecated. See https://react.dev/warnings/react-test-renderer
✔ general: Wallet refresh includes only expanded account equity and drops delayed outgoing data (486.809236ms)
✔ season: Wallet refresh includes only expanded account equity and drops delayed outgoing data (354.245859ms)
(node:871515) [MODULE_TYPELESS_PACKAGE_JSON] Warning: Module type of file:///home/nayuta/projects/trading-app/frontend/src/services/api/diagnosticSafety.test.ts is not specified and it doesn't parse as CommonJS.
Reparsing as ES module because module syntax was detected. This incurs a performance overhead.
To eliminate this warning, add "type": "module" to /home/nayuta/projects/trading-app/frontend/package.json.
(Use `node --trace-warnings ...` to show where the warning was created)
✔ sanitizes both direct partial diagnostics and HTTP errors without modifying financial responses (2.132031ms)
✔ bounds nested, cyclic and oversized input and rejects malformed optional fields (0.685661ms)
✔ request runtime retains only observed allowlisted facts and never invents a backend stage (0.274584ms)
✔ bounds object reads before inspecting oversized or unreadable evidence (0.300737ms)
(node:871532) [MODULE_TYPELESS_PACKAGE_JSON] Warning: Module type of file:///home/nayuta/projects/trading-app/frontend/src/services/api/errorMapper.test.ts is not specified and it doesn't parse as CommonJS.
Reparsing as ES module because module syntax was detected. This incurs a performance overhead.
To eliminate this warning, add "type": "module" to /home/nayuta/projects/trading-app/frontend/package.json.
(Use `node --trace-warnings ...` to show where the warning was created)
▶ public error presentation
  ✔ never copies unknown code, server message or client exception text (0.778593ms)
  ✔ keeps future Futures consumers safe without adding a Futures UI (0.663468ms)
  ✔ uses safe fixed copy for every known code (0.372874ms)
  ✔ keeps actionable domain guidance and unchanged control-flow information (0.217334ms)
✔ public error presentation (2.598399ms)
(node:871540) [MODULE_TYPELESS_PACKAGE_JSON] Warning: Module type of file:///home/nayuta/projects/trading-app/frontend/src/services/api/sessionExpiry.test.ts is not specified and it doesn't parse as CommonJS.
Reparsing as ES module because module syntax was detected. This incurs a performance overhead.
To eliminate this warning, add "type": "module" to /home/nayuta/projects/trading-app/frontend/package.json.
(Use `node --trace-warnings ...` to show where the warning was created)
▶ session expiry notice
  ✔ runs a registered handler once, immediately (0.720315ms)
  ✔ delivers an expiry that happened BEFORE the handler registered (0.151242ms)
  ✔ delivers a pending expiry exactly once, not on every re-registration (0.591796ms)
  ✔ tears down ONCE for a burst of parallel 401s (0.235683ms)
  ✔ tears down once even when the burst straddles handler registration (0.200974ms)
  ✔ does not re-enter when a handler notifies again while running (0.162952ms)
  ✔ re-arms for the NEXT session after a new session begins (0.156747ms)
  ✔ never delivers the previous session’s expiry into a new session (0.182075ms)
  ✔ keeps remembering an expiry while no handler is registered (0.322527ms)
✔ session expiry notice (3.926541ms)
(node:871549) [MODULE_TYPELESS_PACKAGE_JSON] Warning: Module type of file:///home/nayuta/projects/trading-app/frontend/src/services/ws/realtimeSocketManager.test.ts is not specified and it doesn't parse as CommonJS.
Reparsing as ES module because module syntax was detected. This incurs a performance overhead.
To eliminate this warning, add "type": "module" to /home/nayuta/projects/trading-app/frontend/package.json.
(Use `node --trace-warnings ...` to show where the warning was created)
▶ RealtimeSocketManager
  ✔ shares and restores reference-counted order book subscriptions without disturbing ticker/candle (17.869071ms)
  ✔ shares FX with price channels, isolates pairs and restores the FX subscription (15.578217ms)
  ✔ shares ONE socket between ticker and candle subscriptions (4.697659ms)
  ✔ reference-counts duplicate subscriptions and unsubscribes on the last release (11.249567ms)
  ✔ keeps the socket alive while another hook still subscribes (5.097883ms)
  ✔ routes ticker and candle messages only to their own subscriptions (5.07533ms)
  ✔ restores every active subscription after a reconnect and emits restored (16.098321ms)
  ✔ stops reconnecting after an auth failure (1008) and reports auth_failed (16.720106ms)
  ✔ treats an UNAUTHORIZED error message as terminal auth failure (15.819334ms)
  ✔ routes channel control messages (resync_required) to the matching subscription (4.990015ms)
  ✔ reconnects with a fresh token on demand without dropping subscriptions (10.318927ms)
✔ RealtimeSocketManager (124.592629ms)
▶ shared runtime evidence
  ✔ records connect, close, backoff, restore/re-ACK and last-subscriber teardown (1.033363ms)
  ✔ records close auth failure and stops reconnect (0.170585ms)
  ✔ records auth_failed auth failure and stops reconnect (0.077835ms)
  ✔ records UNAUTHORIZED auth failure and stops reconnect (0.159443ms)
  ✔ preserves token-loader fallback and socket-create retry with safe reasons (0.475645ms)
  ✔ records scoped/unknown subscription errors without secrets or new frames, and isolates throwing listeners (0.374797ms)
  ✔ keeps manual fresh-token restoration and records its cause before opening (0.181284ms)
✔ shared runtime evidence (2.748835ms)
(node:871562) [MODULE_TYPELESS_PACKAGE_JSON] Warning: Module type of file:///home/nayuta/projects/trading-app/frontend/src/theme/appearance.test.ts is not specified and it doesn't parse as CommonJS.
Reparsing as ES module because module syntax was detected. This incurs a performance overhead.
To eliminate this warning, add "type": "module" to /home/nayuta/projects/trading-app/frontend/package.json.
(Use `node --trace-warnings ...` to show where the warning was created)
react-test-renderer is deprecated. See https://react.dev/warnings/react-test-renderer
✔ dark neutral surfaces preserve hierarchy and improve text and secondary accent contrast (60.012002ms)
✔ action colors retain small-label contrast without borrowing financial or error tokens (16.385352ms)
react-test-renderer is deprecated. See https://react.dev/warnings/react-test-renderer
react-test-renderer is deprecated. See https://react.dev/warnings/react-test-renderer
✔ system follows OS changes; explicit light/dark override and persist on this device (30.680106ms)
react-test-renderer is deprecated. See https://react.dev/warnings/react-test-renderer
✔ system → light → dark → system uses non-null native overrides and resumes OS appearance (14.306342ms)
react-test-renderer is deprecated. See https://react.dev/warnings/react-test-renderer
✔ restores stored system before mounting children or applying native appearance (11.038531ms)
react-test-renderer is deprecated. See https://react.dev/warnings/react-test-renderer
✔ restores stored light before mounting children or applying native appearance (11.21936ms)
react-test-renderer is deprecated. See https://react.dev/warnings/react-test-renderer
✔ restores stored dark before mounting children or applying native appearance (10.076787ms)
react-test-renderer is deprecated. See https://react.dev/warnings/react-test-renderer
react-test-renderer is deprecated. See https://react.dev/warnings/react-test-renderer
✔ unset/invalid preference null and read failure fall back to light without writes (20.502577ms)
react-test-renderer is deprecated. See https://react.dev/warnings/react-test-renderer
react-test-renderer is deprecated. See https://react.dev/warnings/react-test-renderer
✔ unset/invalid preference  and read failure fall back to light without writes (17.914963ms)
react-test-renderer is deprecated. See https://react.dev/warnings/react-test-renderer
react-test-renderer is deprecated. See https://react.dev/warnings/react-test-renderer
✔ unset/invalid preference unexpected and read failure fall back to light without writes (13.786097ms)
react-test-renderer is deprecated. See https://react.dev/warnings/react-test-renderer
✔ write failure preserves the explicit in-session choice and existing disk choice (8.127991ms)
react-test-renderer is deprecated. See https://react.dev/warnings/react-test-renderer
✔ stored dark choice is read before navigation children mount (6.494521ms)
react-test-renderer is deprecated. See https://react.dev/warnings/react-test-renderer
react-test-renderer is deprecated. See https://react.dev/warnings/react-test-renderer
✔ financial preference defaults to Red/Blue, applies instantly, survives remount and OS changes (8.104629ms)
react-test-renderer is deprecated. See https://react.dev/warnings/react-test-renderer
react-test-renderer is deprecated. See https://react.dev/warnings/react-test-renderer
react-test-renderer is deprecated. See https://react.dev/warnings/react-test-renderer
✔ financial restore gates children; invalid/read/write failure uses the default (19.48672ms)
✔ rapid financial choices persist the final choice independently of appearance (6.510271ms)
✔ real logout and login leave device financial preference intact (78.878909ms)
(node:871595) [MODULE_TYPELESS_PACKAGE_JSON] Warning: Module type of file:///home/nayuta/projects/trading-app/frontend/src/theme/financialColors.test.ts is not specified and it doesn't parse as CommonJS.
Reparsing as ES module because module syntax was detected. This incurs a performance overhead.
To eliminate this warning, add "type": "module" to /home/nayuta/projects/trading-app/frontend/package.json.
(Use `node --trace-warnings ...` to show where the warning was created)
✔ new, invalid and missing preferences use Red/Blue; Green/Red is explicit (0.391446ms)
✔ light red_blue: text/surfaces retain their theme policy; actions/candles have separate roles (0.894058ms)
✔ light green_red: text/surfaces retain their theme policy; actions/candles have separate roles (0.137846ms)
✔ dark red_blue: text/surfaces retain their theme policy; actions/candles have separate roles (0.126694ms)
✔ dark green_red: text/surfaces retain their theme policy; actions/candles have separate roles (0.204444ms)
✔ only explicit financial tokens resolve; status, brand and cashflow retain their meanings (0.198619ms)
(node:871602) [MODULE_TYPELESS_PACKAGE_JSON] Warning: Module type of file:///home/nayuta/projects/trading-app/frontend/src/theme/native.test.ts is not specified and it doesn't parse as CommonJS.
Reparsing as ES module because module syntax was detected. This incurs a performance overhead.
To eliminate this warning, add "type": "module" to /home/nayuta/projects/trading-app/frontend/package.json.
(Use `node --trace-warnings ...` to show where the warning was created)
react-test-renderer is deprecated. See https://react.dev/warnings/react-test-renderer
✔ secondary action roles resolve exact appearance colors independently of financial and global selection roles (45.276012ms)
✔ explicit semantic tokens resolve in both modes; arbitrary hex is never inferred (14.222396ms)
✔ shared native TextInput keeps value, placeholder, caret and selection visible in both modes (12.570786ms)
react-test-renderer is deprecated. See https://react.dev/warnings/react-test-renderer
✔ 320px Order keeps two columns and native quantity, amount and limit values (282.34726ms)
react-test-renderer is deprecated. See https://react.dev/warnings/react-test-renderer
✔ 360px Order keeps two columns and native quantity, amount and limit values (169.064145ms)
react-test-renderer is deprecated. See https://react.dev/warnings/react-test-renderer
✔ 390px Order keeps two columns and native quantity, amount and limit values (138.254173ms)
✔ wide Order also keeps the trading and quote columns (132.541816ms)
✔ financial roles stay distinct from neutral roles in the actual palettes (4.047035ms)
✔ surface hierarchy uses white light cards and neutral charcoal dark cards with inset controls (5.464994ms)
✔ actual native wrappers resolve both financial presets while UI status colors remain unchanged (11.142054ms)
(node:871647) [MODULE_TYPELESS_PACKAGE_JSON] Warning: Module type of file:///home/nayuta/projects/trading-app/frontend/src/theme/screenLayout.test.ts is not specified and it doesn't parse as CommonJS.
Reparsing as ES module because module syntax was detected. This incurs a performance overhead.
To eliminate this warning, add "type": "module" to /home/nayuta/projects/trading-app/frontend/package.json.
(Use `node --trace-warnings ...` to show where the warning was created)
✔ web root content shares a centered 1120px cap without restricting the scroll viewport (0.611091ms)
✔ native screens keep their existing width and padding policies (0.078722ms)
(node:871654) [MODULE_TYPELESS_PACKAGE_JSON] Warning: Module type of file:///home/nayuta/projects/trading-app/frontend/src/theme/useReducedMotion.test.ts is not specified and it doesn't parse as CommonJS.
Reparsing as ES module because module syntax was detected. This incurs a performance overhead.
To eliminate this warning, add "type": "module" to /home/nayuta/projects/trading-app/frontend/package.json.
(Use `node --trace-warnings ...` to show where the warning was created)
react-test-renderer is deprecated. See https://react.dev/warnings/react-test-renderer
react-test-renderer is deprecated. See https://react.dev/warnings/react-test-renderer
✔ unknown preference is motion-safe; a late initial read cannot override a live change (47.497636ms)
react-test-renderer is deprecated. See https://react.dev/warnings/react-test-renderer
✔ android: resolves OS setting, updates live and removes its subscription (11.495486ms)
react-test-renderer is deprecated. See https://react.dev/warnings/react-test-renderer
✔ ios: resolves OS setting, updates live and removes its subscription (7.151416ms)
react-test-renderer is deprecated. See https://react.dev/warnings/react-test-renderer
✔ web follows prefers-reduced-motion and cleans up on unmount (6.085208ms)
✔ failed native preference read retains static feedback policy (7.139503ms)
(node:871674) [MODULE_TYPELESS_PACKAGE_JSON] Warning: Module type of file:///home/nayuta/projects/trading-app/frontend/src/utils/assetPriceFormat.test.ts is not specified and it doesn't parse as CommonJS.
Reparsing as ES module because module syntax was detected. This incurs a performance overhead.
To eliminate this warning, add "type": "module" to /home/nayuta/projects/trading-app/frontend/package.json.
(Use `node --trace-warnings ...` to show where the warning was created)
▶ formatAssetPrice
  ✔ uses the declared decimals for Binance USD prices (0.822259ms)
  ✔ does not truncate low-priced coins to two decimals (0.18271ms)
  ✔ removes zero padding after applying the declared precision (0.174539ms)
  ✔ keeps thousands separators (0.18567ms)
  ✔ rounds half-up on the decimal string, without float drift (0.153999ms)
  ✔ never shows exponent notation (0.156346ms)
  ✔ falls back to the 2-decimal policy without declared decimals (0.11477ms)
  ✔ keeps KRW asset prices in 원 units even if decimals are sent (0.150901ms)
  ✔ renders missing/invalid values as the shared placeholder (0.115637ms)
  ✔ handles negative values and removes rounded negative zero (0.219339ms)
✔ formatAssetPrice (3.110957ms)
▶ money display keeps its rounding policy
  ✔ rounds wallet/total USD amounts to 2 decimals and trims padding (0.12736ms)
  ✔ keeps KRW amounts as whole 원 (0.039631ms)
✔ money display keeps its rounding policy (0.270397ms)
▶ getAssetPriceText
  ✔ formats a list row with the asset precision (0.18808ms)
  ✔ produces the same string the detail screen shows (0.108459ms)
  ✔ still shows the placeholder when no price is available (0.125341ms)
  ✔ keeps the previous formatting for assets without declared decimals (0.095764ms)
✔ getAssetPriceText (0.697277ms)
(node:871689) [MODULE_TYPELESS_PACKAGE_JSON] Warning: Module type of file:///home/nayuta/projects/trading-app/frontend/src/utils/displayDecimalCoverage.test.ts is not specified and it doesn't parse as CommonJS.
Reparsing as ES module because module syntax was detected. This incurs a performance overhead.
To eliminate this warning, add "type": "module" to /home/nayuta/projects/trading-app/frontend/package.json.
(Use `node --trace-warnings ...` to show where the warning was created)
▶ app-wide decimal display coverage
  ✔ routes direct decimal fields through display formatters (0.682426ms)
  ✔ formats USD wallet balances and generic chart labels consistently (0.72232ms)
✔ app-wide decimal display coverage (1.900433ms)
(node:871699) [MODULE_TYPELESS_PACKAGE_JSON] Warning: Module type of file:///home/nayuta/projects/trading-app/frontend/src/utils/displayPolicyContract.test.ts is not specified and it doesn't parse as CommonJS.
Reparsing as ES module because module syntax was detected. This incurs a performance overhead.
To eliminate this warning, add "type": "module" to /home/nayuta/projects/trading-app/frontend/package.json.
(Use `node --trace-warnings ...` to show where the warning was created)
▶ numeric asset symbol display contract
  ✔ uses shared helpers across market, detail, order and record surfaces (0.387017ms)
  ✔ keeps numeric-symbol search wired to the API query (0.18937ms)
  ✔ does not render raw market-row symbols or dangling separators (0.125542ms)
✔ numeric asset symbol display contract (1.349121ms)
▶ separate asset and account availability display contract
  ✔ keeps market list and search independent of account mode (0.246179ms)
  ✔ sanitizes asset reasons on detail and order surfaces (0.191527ms)
  ✔ uses account-aware capability and API-error messages (0.10163ms)
✔ separate asset and account availability display contract (0.693969ms)
▶ KST timestamp display contract
  ✔ routes every current user-facing timestamp surface through the helper (0.451067ms)
  ✔ keeps date-only fields out of the datetime formatter (0.268347ms)
✔ KST timestamp display contract (0.902663ms)
(node:871721) [MODULE_TYPELESS_PACKAGE_JSON] Warning: Module type of file:///home/nayuta/projects/trading-app/frontend/src/utils/format.test.ts is not specified and it doesn't parse as CommonJS.
Reparsing as ES module because module syntax was detected. This incurs a performance overhead.
To eliminate this warning, add "type": "module" to /home/nayuta/projects/trading-app/frontend/package.json.
(Use `node --trace-warnings ...` to show where the warning was created)
▶ formatDisplayDecimal trims fractional padding without parsing identifiers
  ✔ removes only trailing fractional zeros (0.743092ms)
  ✔ preserves integer zeros, separators and meaningful signs (0.114252ms)
  ✔ does not reinterpret symbols, timestamps, UUIDs or IDs (0.059081ms)
✔ formatDisplayDecimal trims fractional padding without parsing identifiers (1.418372ms)
▶ formatKrw
  ✔ null / undefined / "" render as "-" (0.133407ms)
  ✔ rounds to an integer and adds thousands separators (0.143534ms)
  ✔ handles negative amounts (0.100383ms)
✔ formatKrw (0.718811ms)
▶ formatUsd
  ✔ null / undefined / "" render as "-" (0.184518ms)
  ✔ rounds to 2 decimals, trims padding and adds separators (0.141272ms)
  ✔ handles negative amounts (0.050974ms)
✔ formatUsd (0.755989ms)
✔ normalizeCurrencyCode (0.086144ms)
▶ formatCurrency (bare magnitude, currency shown separately)
  ✔ null / undefined / "" render as "-" (0.135183ms)
  ✔ KRW renders as a bare integer (0.121134ms)
  ✔ USD rounds to 2 places and removes padding (0.118248ms)
  ✔ negative amounts keep their sign (0.114463ms)
  ✔ lower-case / padded currency codes are normalized (0.085002ms)
  ✔ unknown currency falls back to a plain 2-decimal number (0.117148ms)
✔ formatCurrency (bare magnitude, currency shown separately) (1.182912ms)
▶ formatMoney (unit-carrying display)
  ✔ null / undefined / "" render as "-" (0.08108ms)
  ✔ KRW renders as an integer with the 원 unit (0.037665ms)
  ✔ USD renders with a $ prefix and trimmed 2-place rounding (0.036788ms)
  ✔ negative amounts keep their sign (0.027221ms)
  ✔ lower-case / padded currency codes are normalized (0.027326ms)
  ✔ unknown currency falls back to a plain 2-decimal number (0.026649ms)
✔ formatMoney (unit-carrying display) (0.43575ms)
▶ formatPercent
  ✔ null / undefined / "" render as "-" (0.038204ms)
  ✔ rounds to the requested precision and trims padding (0.037475ms)
✔ formatPercent (0.139823ms)
▶ getAssetNameDisplay
  ✔ hides pure numeric stock symbols while keeping the name (0.446902ms)
  ✔ keeps useful non-numeric symbols as secondary text (0.064896ms)
  ✔ falls back to symbol as primary when name is missing (0.134622ms)
  ✔ name-only keeps secondary null (0.114897ms)
  ✔ identical name and symbol are not duplicated (0.070901ms)
  ✔ empty asset renders as "-" (0.064494ms)
✔ getAssetNameDisplay (1.260038ms)
▶ asset symbol display policy
  ✔ hides only pure numeric symbols (0.126049ms)
  ✔ keeps market text without an empty separator (0.11662ms)
✔ asset symbol display policy (0.428974ms)
▶ formatKstDateTime
  ✔ converts UTC instants to fixed KST minute precision (0.21252ms)
  ✔ handles date rollover and explicit KST offsets (0.058215ms)
  ✔ returns a placeholder for missing and invalid values (0.116927ms)
  ✔ does not expose seconds, milliseconds or offsets (0.176304ms)
  ✔ is independent of the process/device timezone (0.263357ms)
✔ formatKstDateTime (1.124454ms)
(node:871743) [MODULE_TYPELESS_PACKAGE_JSON] Warning: Module type of file:///home/nayuta/projects/trading-app/frontend/src/utils/priceDisplay.test.ts is not specified and it doesn't parse as CommonJS.
Reparsing as ES module because module syntax was detected. This incurs a performance overhead.
To eliminate this warning, add "type": "module" to /home/nayuta/projects/trading-app/frontend/package.json.
(Use `node --trace-warnings ...` to show where the warning was created)
▶ getUnavailablePriceText
  ✔ stock + closed market → 휴장시간 (1.018384ms)
  ✔ unknown market status → 시세 준비 중 (never 휴장시간) (0.087147ms)
  ✔ open market with provider outage → 시세 준비 중 (0.050519ms)
  ✔ crypto never shows 휴장시간 (0.096196ms)
  ✔ missing fields fall back to 시세 준비 중 (0.062422ms)
✔ getUnavailablePriceText (2.109644ms)
▶ getAssetPriceText (market list rows)
  ✔ closed stock without price → 휴장시간 (0.123523ms)
  ✔ unknown status without price → 시세 준비 중 (0.2634ms)
  ✔ open market, provider price missing → 시세 준비 중 (0.150214ms)
  ✔ closed stock with carry-forward price keeps the price (0.341223ms)
  ✔ crypto without price keeps 시세 준비 중 (0.057887ms)
  ✔ open market with available price renders it (0.094135ms)
✔ getAssetPriceText (market list rows) (1.624836ms)
ℹ tests 2105
ℹ suites 203
ℹ pass 2105
ℹ fail 0
ℹ cancelled 0
ℹ skipped 0
ℹ todo 0
ℹ duration_ms 158567.9362
