
> LeagueOfTrading@1.0.0 check
> npm run lint:accounts:check && npm run lint:guides:check && npm run typecheck && npm run test


> LeagueOfTrading@1.0.0 lint:accounts:check
> eslint --no-fix --max-warnings=0 --no-warn-ignored --ignore-pattern "**/*.test.ts" src/hooks/usePullToRefresh.tsx src/hooks/useFocusedInputScroll.ts src/features/auth src/features/me src/features/tradingAccount src/features/position/assetDisplay.ts src/features/record src/features/wallet src/features/futures src/features/conditional src/screens/futures src/screens/market/FuturesMarketList.tsx src/app/navigation/MarketStack.tsx src/app/AppProviders.tsx src/app/navigation/RootNavigator.tsx src/app/navigation/MainTabs.tsx src/app/navigation/HomeStack.tsx src/app/navigation/WalletStack.tsx src/app/navigation/MyStack.tsx src/components/states/ScreenErrorBoundary.tsx src/components/states/ErrorState.tsx src/components/states/ErrorNotice.tsx src/services/api/sessionExpiry.ts src/services/api/sessionOwnership.ts src/services/api/client.ts src/services/storage/tokenStorage.ts src/screens/auth src/screens/entry src/screens/home src/screens/my src/screens/wallet src/screens/order/OrderScreen.tsx src/screens/order/OrderPanel.tsx src/screens/order/QuantityRatioSlider*.tsx src/features/order/sideColors.ts src/screens/asset src/features/asset/AssetOrderLadder.tsx src/features/asset/tradingHeader.ts src/screens/history src/screens/record/RecordSeasonDetailScreen.tsx src/screens/record/RecordProfitAnalysisScreen.tsx src/screens/record/RecordMetric.tsx src/app/navigation/RecordStack.tsx src/components/tradingAccount src/components/common/CTAButton.tsx src/components/common/PrimaryButtonBackground.tsx src/components/common/pressFeedback.ts src/components/common/ActionPressable.tsx src/components/charts/ChartTimeframeSelector.tsx src/components/navigation/TabBarButton.tsx


> LeagueOfTrading@1.0.0 lint:guides:check
> eslint --no-fix --max-warnings=0 --no-warn-ignored --ignore-pattern "**/*.test.ts" src/screens/guide src/screens/quest src/features/quest src/app/navigation/GuideStack.tsx src/app/navigation/types.ts src/components/charts/candleColors.ts src/components/charts/CandlestickChartRenderer.tsx


> LeagueOfTrading@1.0.0 typecheck
> tsc --noEmit


> LeagueOfTrading@1.0.0 test
> node --test --test-concurrency=1 'src/**/*.test.ts'

(node:946572) [MODULE_TYPELESS_PACKAGE_JSON] Warning: Module type of file:///home/nayuta/projects/trading-app/frontend/src/app/navigation/MainTabs.test.ts is not specified and it doesn't parse as CommonJS.
Reparsing as ES module because module syntax was detected. This incurs a performance overhead.
To eliminate this warning, add "type": "module" to /home/nayuta/projects/trading-app/frontend/package.json.
(Use `node --trace-warnings ...` to show where the warning was created)
▶ mode-aware bottom tabs
  ✔ shows Guide as the third of five tabs for a general account (62.076723ms)
  ✔ keeps Ranking as the third of five tabs for a season account (15.127967ms)
  ✔ general: hides the tab bar only for AssetDetail and restores it on Market routes (10.889092ms)
  ✔ season: hides the tab bar only for AssetDetail and restores it on Market routes (9.727312ms)
  ✔ remounts at Home when account mode changes, dropping the removed tab state (18.193736ms)
  ✔ shows no mode-specific tabs before the selected account is known (23.293414ms)
  ✔ extends the existing Guide stack with MarketBasics and leaves Ranking intact (0.411833ms)
✔ mode-aware bottom tabs (140.41317ms)
▶ bottom tab icon contract
  ✔ draws every icon with consistent SVG strokes, without text or font assets (0.40426ms)
  ✔ leaves accessibility on the tab and prevents duplicate icon announcements (0.197855ms)
  ✔ keeps labels below icons and reserves safe-area space when fonts grow (0.339535ms)
✔ bottom tab icon contract (1.190675ms)
▶ bottom tab visual states
  ✔ preserves filled active icons and outline inactive icons (8.77304ms)
  ✔ general/light: uses Primary Blue for every active tab and keeps inactive colors and motion (12.930361ms)
  ✔ general/dark: uses Primary Blue for every active tab and keeps inactive colors and motion (12.719283ms)
  ✔ season/light: uses Primary Blue for every active tab and keeps inactive colors and motion (11.7157ms)
  ✔ season/dark: uses Primary Blue for every active tab and keeps inactive colors and motion (10.274769ms)
✔ bottom tab visual states (56.6464ms)
✔ beginner has five tabs with Quest third and MY last (5.152165ms)
✔ even switching two season accounts resets nested navigation by account id (12.388917ms)
(node:946587) [MODULE_TYPELESS_PACKAGE_JSON] Warning: Module type of file:///home/nayuta/projects/trading-app/frontend/src/app/navigation/RootTheme.test.ts is not specified and it doesn't parse as CommonJS.
Reparsing as ES module because module syntax was detected. This incurs a performance overhead.
To eliminate this warning, add "type": "module" to /home/nayuta/projects/trading-app/frontend/package.json.
(Use `node --trace-warnings ...` to show where the warning was created)
✔ NavigationContainer and root stack use the light appearance (47.32983ms)
✔ NavigationContainer and root stack use the dark appearance (17.006655ms)
(node:946599) [MODULE_TYPELESS_PACKAGE_JSON] Warning: Module type of file:///home/nayuta/projects/trading-app/frontend/src/app/navigation/transitionPolicy.test.ts is not specified and it doesn't parse as CommonJS.
Reparsing as ES module because module syntax was detected. This incurs a performance overhead.
To eliminate this warning, add "type": "module" to /home/nayuta/projects/trading-app/frontend/package.json.
(Use `node --trace-warnings ...` to show where the warning was created)
✔ native push has a short iOS duration, Android direction and reverse native pop (0.889634ms)
✔ all stacks share push policy and chart keeps fullscreen modal presentation (0.352286ms)
✔ root/chart omit iOS duration on Android and web; tab easing settles monotonically (0.235867ms)
(node:946607) [MODULE_TYPELESS_PACKAGE_JSON] Warning: Module type of file:///home/nayuta/projects/trading-app/frontend/src/components/charts/ChartTimeframeSelector.test.ts is not specified and it doesn't parse as CommonJS.
Reparsing as ES module because module syntax was detected. This incurs a performance overhead.
To eliminate this warning, add "type": "module" to /home/nayuta/projects/trading-app/frontend/package.json.
(Use `node --trace-warnings ...` to show where the warning was created)
react-test-renderer is deprecated. See https://react.dev/warnings/react-test-renderer
▶ chart timeframe selector
  ✔ drives the actual detail screen candle query, live interval and viewport reset for every selection (295.891223ms)
react-test-renderer is deprecated. See https://react.dev/warnings/react-test-renderer
  ✔ opens from one localized button, selects all seven original policy objects and closes immediately (68.810823ms)
react-test-renderer is deprecated. See https://react.dev/warnings/react-test-renderer
  ✔ uses the common interaction for the trigger and every option, while backdrop/back close without feedback (24.703898ms)
  ✔ keeps labels unrestricted and the list scrollable within a small safe-area viewport (17.537701ms)
  ✔ keeps candle query/live-candle/viewport bindings and leaves the bottom tabs outside this policy (0.541359ms)
✔ chart timeframe selector (408.331148ms)
(node:946632) [MODULE_TYPELESS_PACKAGE_JSON] Warning: Module type of file:///home/nayuta/projects/trading-app/frontend/src/components/charts/candlestickChartControls.test.ts is not specified and it doesn't parse as CommonJS.
Reparsing as ES module because module syntax was detected. This incurs a performance overhead.
To eliminate this warning, add "type": "module" to /home/nayuta/projects/trading-app/frontend/package.json.
(Use `node --trace-warnings ...` to show where the warning was created)
▶ chart controls: zoom UI is gone
  ✔ renders no zoom-in control (0.529227ms)
  ✔ renders no zoom-out control (0.098125ms)
  ✔ has no button-only zoom plumbing or styles left (0.12302ms)
  ✔ shows no visible candle-count text anywhere on the chart (0.202178ms)
  ✔ offers no candle-count picker on the detail screen (0.153917ms)
  ✔ keeps ONE small "최신" reset button, hidden at the default viewport (0.189543ms)
  ✔ keeps the internal visibleCount viewport state (0.086978ms)
✔ chart controls: zoom UI is gone (2.011605ms)
▶ chart height
  ✔ uses the responsive height policy instead of a fixed 240px (0.204317ms)
  ✔ lets an explicit height prop win over the responsive default (0.207057ms)
  ✔ measures the chart content and shares it with detail (0.263704ms)
✔ chart height (0.889933ms)
▶ existing behaviour that must not regress
  ✔ keeps the chart and footer visible without nested scrolling (0.148268ms)
  ✔ keeps the timeframe selector and its viewport reset key (0.134628ms)
  ✔ keeps the SVG clip path and price precision plumbing (0.067593ms)
✔ existing behaviour that must not regress (0.426052ms)
▶ gesture adapters
  ✔ native: a long press that leaves the chart ends the crosshair (0.21875ms)
  ✔ native: every start/end goes through the lifecycle session (0.168328ms)
  ✔ native: one-finger vertical swipes still belong to the parent ScrollView (0.055482ms)
  ✔ web: wheel over the chart is consumed as zoom/pan, drag still pans (0.033411ms)
  ✔ web: a wheel during a drag is consumed before any session work (0.034706ms)
  ✔ chart: the layout class is platform-aware, not width-only (0.018925ms)
✔ gesture adapters (0.61292ms)
(node:946639) [MODULE_TYPELESS_PACKAGE_JSON] Warning: Module type of file:///home/nayuta/projects/trading-app/frontend/src/components/charts/candlestickChartHeight.test.ts is not specified and it doesn't parse as CommonJS.
Reparsing as ES module because module syntax was detected. This incurs a performance overhead.
To eliminate this warning, add "type": "module" to /home/nayuta/projects/trading-app/frontend/package.json.
(Use `node --trace-warnings ...` to show where the warning was created)
▶ layout class: native devices are judged by their SHORT side
  ✔ keeps an iOS phone a phone in both orientations (1.013714ms)
  ✔ keeps an Android phone a phone in both orientations (0.120111ms)
  ✔ keeps a tablet a tablet in both orientations (0.082206ms)
  ✔ switches at a 600px short side (0.105593ms)
  ✔ never changes class when the same device rotates (0.197224ms)
✔ layout class: native devices are judged by their SHORT side (2.113763ms)
▶ layout class: web keeps the window-width rule
  ✔ classifies by window width, which IS the web layout (0.132563ms)
  ✔ switches exactly at 768px width (0.117093ms)
  ✔ maps Platform.OS onto the policy platforms (0.121384ms)
✔ layout class: web keeps the window-width rule (0.508408ms)
▶ getCandlestickChartHeight
  ✔ is far taller than the old fixed 240px strip (0.285561ms)
  ✔ takes ~52% of the window on a phone (0.153051ms)
  ✔ gives a LANDSCAPE phone the phone height, not the 500px wide one (0.189136ms)
  ✔ clamps phones to 380–480 in every orientation (0.101977ms)
  ✔ gives tablets and wide web the 500–680 policy (0.056562ms)
  ✔ gives a narrow web window the phone policy (0.037723ms)
  ✔ falls back to the class minimum for unusable window dimensions (0.051705ms)
✔ getCandlestickChartHeight (1.055555ms)
(node:946648) [MODULE_TYPELESS_PACKAGE_JSON] Warning: Module type of file:///home/nayuta/projects/trading-app/frontend/src/components/charts/candlestickGesturePolicy.test.ts is not specified and it doesn't parse as CommonJS.
Reparsing as ES module because module syntax was detected. This incurs a performance overhead.
To eliminate this warning, add "type": "module" to /home/nayuta/projects/trading-app/frontend/package.json.
(Use `node --trace-warnings ...` to show where the warning was created)
▶ isHorizontalPanIntent
  ✔ claims clearly horizontal drags (0.486295ms)
  ✔ leaves vertical drags to the parent ScrollView (0.127578ms)
  ✔ ignores small tremors below the slop (0.076654ms)
  ✔ is safe with non-finite input (0.048228ms)
✔ isHorizontalPanIntent (1.488806ms)
▶ classifyWheelIntent
  ✔ zooms on a plain vertical wheel over the chart (0.095483ms)
  ✔ zooms on ctrl/cmd + wheel (also a trackpad pinch) (0.052497ms)
  ✔ pans on shift + wheel and on horizontal wheels (0.185723ms)
✔ classifyWheelIntent (0.479116ms)
▶ resolveWheelHandling (wheel vs an active mouse drag)
  ✔ zooms and pans normally while no drag is running (0.246309ms)
  ✔ consumes — never zooms or pans — every wheel during a drag (0.178299ms)
  ✔ leaves a no-op wheel completely alone (0.149103ms)
  ✔ drives the adapter: no wheel session is opened during a drag (0.566661ms)
✔ resolveWheelHandling (wheel vs an active mouse drag) (1.333178ms)
▶ isWithinChartBounds
  ✔ accepts points on the chart (0.166777ms)
  ✔ rejects points off the chart in any direction (0.065987ms)
  ✔ never cancels when the container size is unknown (0.031988ms)
✔ isWithinChartBounds (0.323594ms)
▶ chart gesture lifecycle session
  ✔ is idle until a gesture claims it (0.137313ms)
  ✔ reports one start and one end for a chart pan (0.051951ms)
  ✔ reports one start and one end for a pinch (0.034801ms)
  ✔ shows and moves the crosshair once armed (0.046826ms)
  ✔ ends a long press that never moved, exactly once (0.029966ms)
  ✔ ends once when long press AND crosshair pan both finalize (0.033593ms)
  ✔ ends the crosshair when the touch leaves the chart, and stays ended (0.09636ms)
  ✔ hands the crosshair over to a pinch in order, without a double end (0.085181ms)
  ✔ ignores finalize from a recognizer that never owned the chart (0.055311ms)
  ✔ does nothing on a finalize that follows no gesture at all (0.151607ms)
✔ chart gesture lifecycle session (0.862502ms)
▶ wheel gesture session
  ✔ treats a wheel burst as ONE gesture and accumulates the zoom (0.193213ms)
  ✔ closes the session after the idle gap, then starts a new one (0.104651ms)
  ✔ accumulates pan pixels and switches mode with a clean end/start (0.211956ms)
  ✔ clears the pending idle timer on dispose without emitting callbacks (0.184226ms)
  ✔ ignores invalid wheel input (0.124839ms)
✔ wheel gesture session (0.946634ms)
▶ zoom scales
  ✔ maps wheel deltas to bounded factors (0.066384ms)
  ✔ maps pinch distance ratios to bounded factors (0.075948ms)
✔ zoom scales (0.201418ms)
(node:946655) [MODULE_TYPELESS_PACKAGE_JSON] Warning: Module type of file:///home/nayuta/projects/trading-app/frontend/src/components/charts/candlestickLayout.test.ts is not specified and it doesn't parse as CommonJS.
Reparsing as ES module because module syntax was detected. This incurs a performance overhead.
To eliminate this warning, add "type": "module" to /home/nayuta/projects/trading-app/frontend/package.json.
(Use `node --trace-warnings ...` to show where the warning was created)
▶ computeSlotLayout
  ✔ spreads the visible candles across the full width (0.452937ms)
  ✔ gives the same candle density for every timeframe at 60 candles (0.111445ms)
  ✔ widens candles when zoomed in and narrows them when zoomed out (0.142737ms)
  ✔ caps the body width on very wide screens (0.133719ms)
  ✔ survives degenerate inputs (0.118591ms)
✔ computeSlotLayout (1.443264ms)
▶ x mapping
  ✔ maps a visible offset to x and back (0.094082ms)
  ✔ clamps pointers outside the plot to the first/last visible candle (0.167055ms)
  ✔ returns the first candle for degenerate inputs (0.149467ms)
✔ x mapping (0.671912ms)
▶ leading empty slots
  ✔ counts the slots the data does not fill (0.21293ms)
  ✔ is 0 whenever the data fills or overflows the viewport (0.187789ms)
  ✔ is 0 in history, where the window is full of real candles (0.13756ms)
  ✔ survives degenerate inputs (0.086839ms)
✔ leading empty slots (0.795413ms)
▶ right alignment of short data sets
  ✔ gives 40 candles the same width and right edge as 600 (0.15104ms)
  ✔ starts 40 candles one slot after the 20 empty ones (0.077691ms)
  ✔ pins 12 candles to the right end of the 60 slots (0.093012ms)
  ✔ keeps the empty slots on the left after zooming in (0.15442ms)
✔ right alignment of short data sets (0.57293ms)
▶ originalCandleIndexForX
  ✔ snaps an empty slot to the first real candle (0.13894ms)
  ✔ maps the first and last real candles exactly (0.03722ms)
  ✔ never produces an index outside the data (0.214245ms)
  ✔ maps correctly after zooming a short data set (0.109734ms)
  ✔ uses real indices in history, where no slot is empty (0.081886ms)
  ✔ returns the start index when there is nothing to point at (0.030105ms)
✔ originalCandleIndexForX (0.762237ms)
(node:946663) [MODULE_TYPELESS_PACKAGE_JSON] Warning: Module type of file:///home/nayuta/projects/trading-app/frontend/src/components/charts/candlestickNativeIntegration.test.ts is not specified and it doesn't parse as CommonJS.
Reparsing as ES module because module syntax was detected. This incurs a performance overhead.
To eliminate this warning, add "type": "module" to /home/nayuta/projects/trading-app/frontend/package.json.
(Use `node --trace-warnings ...` to show where the warning was created)
▶ native adapter → RNGH JS event receiver → chart state → shared renderer
  ✔ Android first-finger pinch BEGAN does not claim a chart session (226.956427ms)
  ✔ one finger pans to history, reverses, clamps both loaded edges and resets to latest (93.545778ms)
  ✔ a stationary long hold displays both labels, then scrubs far beyond the old 10px limit (83.789644ms)
  ✔ clears a held crosshair on terminal state 5, including a hold without movement (57.873898ms)
  ✔ clears a held crosshair on terminal state 3, including a hold without movement (62.102431ms)
  ✔ clears a held crosshair on terminal state 1, including a hold without movement (62.670951ms)
  ✔ leaving any chart edge clears crosshair and reentry cannot revive it (207.441484ms)
  ✔ pinch activates after a hold, clears crosshair, zooms both ways and ignores late finalizers (57.243242ms)
  ✔ native configuration races horizontal pan vs hold, while pinch can take over either (43.100828ms)
  ✔ a fresh pinch and a pan-to-pinch transition use distinct viewport snapshots (90.054332ms)
  ✔ separate pan sessions preserve their origin and ignore non-owner finalizers (51.375525ms)
  ✔ a native vertical-swipe cancellation leaves chart state untouched and no session open (53.467797ms)
  ✔ timeframe resets chart and adapter identity; teardown closes an active hold once (41.104652ms)
  ✔ rotation closes the old session and the new recognizers can pan (47.94827ms)
  ✔ history excludes the live price from Y bounds without resizing the plot mid-pan (46.912038ms)
  ✔ short datasets stay aligned to the right and crosshair selects existing candles (40.418147ms)
  ✔ fits price/time labels within small portrait and landscape chart boxes at 8 decimals (302.164854ms)
✔ native adapter → RNGH JS event receiver → chart state → shared renderer (1569.693994ms)
✔ two-finger parallel Y scale shares geometry and ends on 5 (44.161037ms)
✔ two-finger parallel Y scale shares geometry and ends on 3 (42.181911ms)
✔ two-finger parallel Y scale shares geometry and ends on 1 (47.354159ms)
✔ raw touch release prevents a late pinch update from restarting Y scale as X zoom (48.08305ms)
(node:946703) [MODULE_TYPELESS_PACKAGE_JSON] Warning: Module type of file:///home/nayuta/projects/trading-app/frontend/src/components/charts/candlestickPriceFormat.test.ts is not specified and it doesn't parse as CommonJS.
Reparsing as ES module because module syntax was detected. This incurs a performance overhead.
To eliminate this warning, add "type": "module" to /home/nayuta/projects/trading-app/frontend/package.json.
(Use `node --trace-warnings ...` to show where the warning was created)
▶ formatChartPrice
  ✔ renders a low-priced coin at its declared precision (0.996307ms)
  ✔ handles the 8-decimal floor of a very cheap coin (0.130713ms)
  ✔ supports 0 decimals (0.137475ms)
  ✔ falls back to the 2-decimal USD policy without a precision (0.17846ms)
  ✔ keeps the KRW policy regardless of the declared precision (0.109894ms)
  ✔ formats the computed floats the axis and crosshair produce (0.184783ms)
  ✔ renders a missing price as "-" rather than a wrong number (0.133259ms)
✔ formatChartPrice (2.504927ms)
(node:946710) [MODULE_TYPELESS_PACKAGE_JSON] Warning: Module type of file:///home/nayuta/projects/trading-app/frontend/src/components/charts/candlestickPriceScale.test.ts is not specified and it doesn't parse as CommonJS.
Reparsing as ES module because module syntax was detected. This incurs a performance overhead.
To eliminate this warning, add "type": "module" to /home/nayuta/projects/trading-app/frontend/package.json.
(Use `node --trace-warnings ...` to show where the warning was created)
✔ manual scale expands/contracts around the same center and clamps (0.516453ms)
✔ tiny prices, flat candles, corrupted factors and huge ranges stay finite and positive (0.79858ms)
✔ two-finger arbitration separates parallel vertical movement, pinch, horizontal motion and jitter (0.173506ms)
(node:946718) [MODULE_TYPELESS_PACKAGE_JSON] Warning: Module type of file:///home/nayuta/projects/trading-app/frontend/src/components/charts/candlestickViewport.test.ts is not specified and it doesn't parse as CommonJS.
Reparsing as ES module because module syntax was detected. This incurs a performance overhead.
To eliminate this warning, add "type": "module" to /home/nayuta/projects/trading-app/frontend/package.json.
(Use `node --trace-warnings ...` to show where the warning was created)
▶ default viewport
  ✔ shows the latest 60 candles for a 600-candle data set (0.596873ms)
  ✔ keeps the 60-slot default when fewer candles exist (0.371608ms)
  ✔ collapses only when there is no data at all (0.098885ms)
  ✔ ends at the newest candle and reports latest (0.113831ms)
  ✔ resetViewport returns the default window (0.131248ms)
✔ default viewport (1.949029ms)
▶ pan
  ✔ dragging right moves towards older candles (0.161824ms)
  ✔ dragging left moves back towards the latest candle (0.110836ms)
  ✔ cannot pan past the newest candle (0.181551ms)
  ✔ cannot pan before the oldest candle (0.208886ms)
  ✔ cannot pan at all when everything already fits (0.183156ms)
  ✔ ignores unusable pan inputs (0.078355ms)
✔ pan (1.211719ms)
▶ zoom
  ✔ zooming in shows fewer candles, zooming out shows more (0.231138ms)
  ✔ never zooms in past the minimum (0.094124ms)
  ✔ never zooms out past the maximum (0.03998ms)
  ✔ keeps the centre candle in place when zooming at the centre (0.131772ms)
  ✔ keeps the newest candle pinned when zooming at the right edge (0.04458ms)
  ✔ does not jump to the latest when zooming inside history (0.036311ms)
  ✔ zooms a short data set by SLOTS, never by candle count (0.041103ms)
  ✔ zooms only through a focal point — there are no zoom step controls (0.026136ms)
✔ zoom (0.803469ms)
▶ isDefaultViewport (the "최신" reset affordance)
  ✔ is true for the default window on any data length (0.056295ms)
  ✔ is false in history or at a non-default zoom (0.023793ms)
  ✔ resetting from any state returns the default window (0.025943ms)
✔ isDefaultViewport (the "최신" reset affordance) (0.145295ms)
▶ clamps and invalid input
  ✔ clampVisibleCount bounds SLOTS, not the amount of data (0.091642ms)
  ✔ handles NaN, zero and negative inputs safely (0.131387ms)
  ✔ always returns a valid start/end pair (0.148162ms)
✔ clamps and invalid input (0.445844ms)
▶ render range
  ✔ adds the buffer on both sides but stays inside the data (0.180653ms)
  ✔ keeps the rendered node count near the visible count (0.067218ms)
✔ render range (0.332752ms)
▶ data changes
  ✔ initializes on the first load (0.166606ms)
  ✔ stays pinned to the newest candle when viewing the latest (0.040878ms)
  ✔ keeps the SAME candles on screen while viewing history (0.032437ms)
  ✔ keeps the candle width steady across the 59 → 60 → 61 append (0.07827ms)
  ✔ holds the history window when a live candle is appended to a short set (0.155105ms)
  ✔ clamps a history viewport when the data set shrinks (0.113542ms)
✔ data changes (0.705151ms)
(node:946725) [MODULE_TYPELESS_PACKAGE_JSON] Warning: Module type of file:///home/nayuta/projects/trading-app/frontend/src/components/charts/candlestickWebIntegration.test.ts is not specified and it doesn't parse as CommonJS.
Reparsing as ES module because module syntax was detected. This incurs a performance overhead.
To eliminate this warning, add "type": "module" to /home/nayuta/projects/trading-app/frontend/package.json.
(Use `node --trace-warnings ...` to show where the warning was created)
▶ existing web adapter → chart state integration
  ✔ mouse hover, drag, outside mouseup and latest reset retain their behavior (174.985898ms)
  ✔ wheel and Ctrl/Cmd trackpad pinch accumulate zoom; wheels during drag are consumed (65.842816ms)
  ✔ horizontal trackpad and Shift+wheel pan and reverse inside loaded data (52.957207ms)
✔ existing web adapter → chart state integration (294.361976ms)
(node:946747) [MODULE_TYPELESS_PACKAGE_JSON] Warning: Module type of file:///home/nayuta/projects/trading-app/frontend/src/components/charts/lineChartIntegration.test.ts is not specified and it doesn't parse as CommonJS.
Reparsing as ES module because module syntax was detected. This incurs a performance overhead.
To eliminate this warning, add "type": "module" to /home/nayuta/projects/trading-app/frontend/package.json.
(Use `node --trace-warnings ...` to show where the warning was created)
▶ LineChart actual renderer and native/web integration
  ✔ selects first, middle, last and nearest actual point, with exact dot and guides (112.232068ms)
  ✔ keeps every real point selectable beyond the previous 80 point drawing cap (38.970689ms)
  ✔ supports a single snapshot, flat data, long labels and exact large amounts at Android widths (139.558851ms)
  ✔ clears selection synchronously on account/range data changes and rotation (44.093433ms)
  ✔ uses installed native recognizer: down preview, horizontal updates, release/cancel/vertical failure reset (136.161286ms)
  ✔ web hover and touch scrubbing work, vertical swipe and pointer endings clear without consuming scroll (27.474926ms)
✔ LineChart actual renderer and native/web integration (499.194383ms)
▶ home chart money and allocation boundaries
  ✔ rounds only the displayed KRW decimal digits, preserving integer precision (0.276981ms)
  ✔ renders the supplied portfolio total/segment strings and wraps long legends; zero/empty remains empty (14.426861ms)
✔ home chart money and allocation boundaries (14.872726ms)
✔ Home time scale preserves real gaps and unifies selection into one bounded tooltip (87.244256ms)
(node:946766) [MODULE_TYPELESS_PACKAGE_JSON] Warning: Module type of file:///home/nayuta/projects/trading-app/frontend/src/components/common/ActionPressable.test.ts is not specified and it doesn't parse as CommonJS.
Reparsing as ES module because module syntax was detected. This incurs a performance overhead.
To eliminate this warning, add "type": "module" to /home/nayuta/projects/trading-app/frontend/package.json.
(Use `node --trace-warnings ...` to show where the warning was created)
react-test-renderer is deprecated. See https://react.dev/warnings/react-test-renderer
react-test-renderer is deprecated. See https://react.dev/warnings/react-test-renderer
▶ ActionPressable immediate feedback
  ✔ secondary CTA keeps solid colors, geometry and disabled/loading guards (90.515216ms)
react-test-renderer is deprecated. See https://react.dev/warnings/react-test-renderer
  ✔ one full item target places immediate feedback only on its compact icon surface (21.415925ms)
react-test-renderer is deprecated. See https://react.dev/warnings/react-test-renderer
  ✔ android: button uses one interruptible clock, stationary target, immediate actions and correct layer order (23.245132ms)
react-test-renderer is deprecated. See https://react.dev/warnings/react-test-renderer
  ✔ ios: button uses one interruptible clock, stationary target, immediate actions and correct layer order (20.814721ms)
react-test-renderer is deprecated. See https://react.dev/warnings/react-test-renderer
  ✔ web: button uses one interruptible clock, stationary target, immediate actions and correct layer order (18.81823ms)
react-test-renderer is deprecated. See https://react.dev/warnings/react-test-renderer
  ✔ CTA neutral and financial roles stay solid while logout has independent red stops (17.178311ms)
react-test-renderer is deprecated. See https://react.dev/warnings/react-test-renderer
  ✔ android: one static wash, immediate single action and no release work (12.734196ms)
react-test-renderer is deprecated. See https://react.dev/warnings/react-test-renderer
  ✔ ios: one static wash, immediate single action and no release work (12.166606ms)
react-test-renderer is deprecated. See https://react.dev/warnings/react-test-renderer
  ✔ web: one static wash, immediate single action and no release work (12.952604ms)
react-test-renderer is deprecated. See https://react.dev/warnings/react-test-renderer
  ✔ resolves style callbacks and preserves string transforms and functional children (9.465161ms)
react-test-renderer is deprecated. See https://react.dev/warnings/react-test-renderer
  ✔ release/cancel, rapid taps, keyboard input and unmount leave no pending feedback (9.57011ms)
react-test-renderer is deprecated. See https://react.dev/warnings/react-test-renderer
  ✔ Market sort directions explicitly opt out without altering their actions (10.906006ms)
  ✔ pressing one Market row leaves its parent and both price renderers untouched (28.225834ms)
✔ ActionPressable immediate feedback (288.999834ms)
(node:946777) [MODULE_TYPELESS_PACKAGE_JSON] Warning: Module type of file:///home/nayuta/projects/trading-app/frontend/src/components/common/LogoutButton.test.ts is not specified and it doesn't parse as CommonJS.
Reparsing as ES module because module syntax was detected. This incurs a performance overhead.
To eliminate this warning, add "type": "module" to /home/nayuta/projects/trading-app/frontend/package.json.
(Use `node --trace-warnings ...` to show where the warning was created)
react-test-renderer is deprecated. See https://react.dev/warnings/react-test-renderer
✔ logout presentation guards rapid activation, exposes loading and safely unmounts during teardown (89.958464ms)
✔ MY and Settings pass their existing logout callback to the same presentation (0.474184ms)
(node:946798) [MODULE_TYPELESS_PACKAGE_JSON] Warning: Module type of file:///home/nayuta/projects/trading-app/frontend/src/components/common/ProfileAvatar.test.ts is not specified and it doesn't parse as CommonJS.
Reparsing as ES module because module syntax was detected. This incurs a performance overhead.
To eliminate this warning, add "type": "module" to /home/nayuta/projects/trading-app/frontend/package.json.
(Use `node --trace-warnings ...` to show where the warning was created)
react-test-renderer is deprecated. See https://react.dev/warnings/react-test-renderer
react-test-renderer is deprecated. See https://react.dev/warnings/react-test-renderer
react-test-renderer is deprecated. See https://react.dev/warnings/react-test-renderer
react-test-renderer is deprecated. See https://react.dev/warnings/react-test-renderer
react-test-renderer is deprecated. See https://react.dev/warnings/react-test-renderer
react-test-renderer is deprecated. See https://react.dev/warnings/react-test-renderer
react-test-renderer is deprecated. See https://react.dev/warnings/react-test-renderer
react-test-renderer is deprecated. See https://react.dev/warnings/react-test-renderer
react-test-renderer is deprecated. See https://react.dev/warnings/react-test-renderer
✔ invalid, blank, unsupported and absent profile URIs use the local silhouette (12.492061ms)
✔ real image, failed load, new URI and late old failure keep the same avatar bounds (2.803037ms)
(node:946814) [MODULE_TYPELESS_PACKAGE_JSON] Warning: Module type of file:///home/nayuta/projects/trading-app/frontend/src/components/common/actionPressableVisual.test.ts is not specified and it doesn't parse as CommonJS.
Reparsing as ES module because module syntax was detected. This incurs a performance overhead.
To eliminate this warning, add "type": "module" to /home/nayuta/projects/trading-app/frontend/package.json.
(Use `node --trace-warnings ...` to show where the warning was created)
props.pointerEvents is deprecated. Use style.pointerEvents
react-test-renderer is deprecated. See https://react.dev/warnings/react-test-renderer
▶ ActionPressable real React Native Web visual contract
  ✔ keeps classes compiled by StyleSheet.create on the actual web root (9.369218ms)
  ✔ CTA, pressed=false: keeps every caller visual on the root DOM element (1.267083ms)
  ✔ CTA, pressed=true: keeps every caller visual on the root DOM element (1.251998ms)
react-test-renderer is deprecated. See https://react.dev/warnings/react-test-renderer
  ✔ android, CTA: preserves visuals throughout press, release and cancel (37.80995ms)
react-test-renderer is deprecated. See https://react.dev/warnings/react-test-renderer
  ✔ ios, CTA: preserves visuals throughout press, release and cancel (17.812714ms)
react-test-renderer is deprecated. See https://react.dev/warnings/react-test-renderer
  ✔ web, CTA: preserves visuals throughout press, release and cancel (17.098276ms)
  ✔ account, pressed=false: keeps every caller visual on the root DOM element (1.758738ms)
  ✔ account, pressed=true: keeps every caller visual on the root DOM element (1.05901ms)
react-test-renderer is deprecated. See https://react.dev/warnings/react-test-renderer
  ✔ android, account: preserves visuals throughout press, release and cancel (13.995812ms)
react-test-renderer is deprecated. See https://react.dev/warnings/react-test-renderer
  ✔ ios, account: preserves visuals throughout press, release and cancel (13.168187ms)
react-test-renderer is deprecated. See https://react.dev/warnings/react-test-renderer
  ✔ web, account: preserves visuals throughout press, release and cancel (11.129066ms)
  ✔ unselected, pressed=false: keeps every caller visual on the root DOM element (1.204893ms)
  ✔ unselected, pressed=true: keeps every caller visual on the root DOM element (0.894341ms)
react-test-renderer is deprecated. See https://react.dev/warnings/react-test-renderer
  ✔ android, unselected: preserves visuals throughout press, release and cancel (16.268265ms)
react-test-renderer is deprecated. See https://react.dev/warnings/react-test-renderer
  ✔ ios, unselected: preserves visuals throughout press, release and cancel (10.839611ms)
react-test-renderer is deprecated. See https://react.dev/warnings/react-test-renderer
  ✔ web, unselected: preserves visuals throughout press, release and cancel (11.341215ms)
  ✔ selected, pressed=false: keeps every caller visual on the root DOM element (1.795647ms)
  ✔ selected, pressed=true: keeps every caller visual on the root DOM element (0.734347ms)
react-test-renderer is deprecated. See https://react.dev/warnings/react-test-renderer
  ✔ android, selected: preserves visuals throughout press, release and cancel (9.51985ms)
react-test-renderer is deprecated. See https://react.dev/warnings/react-test-renderer
  ✔ ios, selected: preserves visuals throughout press, release and cancel (8.343307ms)
"shadow*" style props are deprecated. Use "boxShadow".
react-test-renderer is deprecated. See https://react.dev/warnings/react-test-renderer
  ✔ web, selected: preserves visuals throughout press, release and cancel (7.888465ms)
  ✔ layout, pressed=false: keeps every caller visual on the root DOM element (1.204893ms)
  ✔ layout, pressed=true: keeps every caller visual on the root DOM element (1.278852ms)
react-test-renderer is deprecated. See https://react.dev/warnings/react-test-renderer
  ✔ android, layout: preserves visuals throughout press, release and cancel (7.489021ms)
react-test-renderer is deprecated. See https://react.dev/warnings/react-test-renderer
  ✔ ios, layout: preserves visuals throughout press, release and cancel (8.161403ms)
react-test-renderer is deprecated. See https://react.dev/warnings/react-test-renderer
  ✔ web, layout: preserves visuals throughout press, release and cancel (7.248959ms)
  ✔ stringTransform, pressed=false: keeps every caller visual on the root DOM element (0.847889ms)
  ✔ stringTransform, pressed=true: keeps every caller visual on the root DOM element (0.565537ms)
react-test-renderer is deprecated. See https://react.dev/warnings/react-test-renderer
  ✔ android, stringTransform: preserves visuals throughout press, release and cancel (7.096712ms)
react-test-renderer is deprecated. See https://react.dev/warnings/react-test-renderer
  ✔ ios, stringTransform: preserves visuals throughout press, release and cancel (6.651584ms)
react-test-renderer is deprecated. See https://react.dev/warnings/react-test-renderer
  ✔ web, stringTransform: preserves visuals throughout press, release and cancel (6.491814ms)
  ✔ callback, pressed=false: keeps every caller visual on the root DOM element (1.124623ms)
  ✔ callback, pressed=true: keeps every caller visual on the root DOM element (1.058176ms)
react-test-renderer is deprecated. See https://react.dev/warnings/react-test-renderer
  ✔ android, callback: preserves visuals throughout press, release and cancel (8.466316ms)
react-test-renderer is deprecated. See https://react.dev/warnings/react-test-renderer
  ✔ ios, callback: preserves visuals throughout press, release and cancel (6.863316ms)
  ✔ web, callback: preserves visuals throughout press, release and cancel (7.321773ms)
✔ ActionPressable real React Native Web visual contract (268.172406ms)
(node:946838) [MODULE_TYPELESS_PACKAGE_JSON] Warning: Module type of file:///home/nayuta/projects/trading-app/frontend/src/components/common/pressFeedback.test.ts is not specified and it doesn't parse as CommonJS.
Reparsing as ES module because module syntax was detected. This incurs a performance overhead.
To eliminate this warning, add "type": "module" to /home/nayuta/projects/trading-app/frontend/package.json.
(Use `node --trace-warnings ...` to show where the warning was created)
✔ uses a subtle neutral wash in light/dark without changing financial colors (0.788513ms)
▶ touch coverage and exclusions
  ✔ covers direct action Pressables and uses their existing disabled condition (134.941126ms)
  ✔ leaves backdrop dismissal and its transparent touch surface unchanged (4.011751ms)
  ✔ keeps feedback outside the chart gesture subtree (0.274584ms)
  ✔ preserves market row memoization across unrelated ticker updates (25.955809ms)
✔ touch coverage and exclusions (165.477517ms)
(node:946849) [MODULE_TYPELESS_PACKAGE_JSON] Warning: Module type of file:///home/nayuta/projects/trading-app/frontend/src/components/navigation/MainTabHeaderTitle.test.ts is not specified and it doesn't parse as CommonJS.
Reparsing as ES module because module syntax was detected. This incurs a performance overhead.
To eliminate this warning, add "type": "module" to /home/nayuta/projects/trading-app/frontend/package.json.
(Use `node --trace-warnings ...` to show where the warning was created)
✔ Home: only the root title reuses its tab icon; detail headers and transitions stay native (61.849327ms)
✔ Market: only the root title reuses its tab icon; detail headers and transitions stay native (17.400795ms)
✔ Guide: only the root title reuses its tab icon; detail headers and transitions stay native (16.939523ms)
✔ Ranking: only the root title reuses its tab icon; detail headers and transitions stay native (12.425216ms)
✔ Wallet: only the root title reuses its tab icon; detail headers and transitions stay native (11.543468ms)
✔ My: only the root title reuses its tab icon; detail headers and transitions stay native (14.74915ms)
✔ the root title keeps Navigation heading semantics, platform size, tint, and layout measurement (4.880618ms)
✔ header icons follow the navigation tint in both themes (5.828237ms)
✔ home shares one undecorated contour in outline and filled states at tab/header sizes (4.422076ms)
(node:946860) [MODULE_TYPELESS_PACKAGE_JSON] Warning: Module type of file:///home/nayuta/projects/trading-app/frontend/src/components/navigation/TabBarButton.test.ts is not specified and it doesn't parse as CommonJS.
Reparsing as ES module because module syntax was detected. This incurs a performance overhead.
To eliminate this warning, add "type": "module" to /home/nayuta/projects/trading-app/frontend/package.json.
(Use `node --trace-warnings ...` to show where the warning was created)
▶ bottom tab touch feedback
  ✔ android/general: connects all five tabs while preserving events, icons and accessibility (81.436067ms)
  ✔ android/season: connects all five tabs while preserving events, icons and accessibility (26.068175ms)
  ✔ ios/general: connects all five tabs while preserving events, icons and accessibility (17.668595ms)
  ✔ ios/season: connects all five tabs while preserving events, icons and accessibility (18.417942ms)
  ✔ web/general: connects all five tabs while preserving events, icons and accessibility (15.879923ms)
  ✔ web/season: connects all five tabs while preserving events, icons and accessibility (14.482567ms)
  ✔ keeps the existing large-font and safe-area layout policy (11.040377ms)
  ✔ android: Reduced Motion suppresses both tab fade and visible press animation (13.413703ms)
  ✔ ios: Reduced Motion suppresses both tab fade and visible press animation (11.178021ms)
  ✔ web: Reduced Motion suppresses both tab fade and visible press animation (12.803276ms)
✔ bottom tab touch feedback (223.253655ms)
(node:946874) [MODULE_TYPELESS_PACKAGE_JSON] Warning: Module type of file:///home/nayuta/projects/trading-app/frontend/src/components/states/AdminDiagnosticPanel.test.ts is not specified and it doesn't parse as CommonJS.
Reparsing as ES module because module syntax was detected. This incurs a performance overhead.
To eliminate this warning, add "type": "module" to /home/nayuta/projects/trading-app/frontend/package.json.
(Use `node --trace-warnings ...` to show where the warning was created)
react-test-renderer is deprecated. See https://react.dev/warnings/react-test-renderer
react-test-renderer is deprecated. See https://react.dev/warnings/react-test-renderer
react-test-renderer is deprecated. See https://react.dev/warnings/react-test-renderer
react-test-renderer is deprecated. See https://react.dev/warnings/react-test-renderer
react-test-renderer is deprecated. See https://react.dev/warnings/react-test-renderer
react-test-renderer is deprecated. See https://react.dev/warnings/react-test-renderer
react-test-renderer is deprecated. See https://react.dev/warnings/react-test-renderer
react-test-renderer is deprecated. See https://react.dev/warnings/react-test-renderer
react-test-renderer is deprecated. See https://react.dev/warnings/react-test-renderer
react-test-renderer is deprecated. See https://react.dev/warnings/react-test-renderer
react-test-renderer is deprecated. See https://react.dev/warnings/react-test-renderer
react-test-renderer is deprecated. See https://react.dev/warnings/react-test-renderer
react-test-renderer is deprecated. See https://react.dev/warnings/react-test-renderer
react-test-renderer is deprecated. See https://react.dev/warnings/react-test-renderer
react-test-renderer is deprecated. See https://react.dev/warnings/react-test-renderer
react-test-renderer is deprecated. See https://react.dev/warnings/react-test-renderer
▶ admin runtime gate and scalable text (ios)
  ✔ fails closed for role admin (106.116514ms)
  ✔ fails closed for role user (30.959738ms)
  ✔ fails closed for role operator (25.540847ms)
  ✔ fails closed for role undefined (23.708787ms)
  ✔ keeps backend failures separate and hides cached admin role after /me errors (24.458764ms)
✔ admin runtime gate and scalable text (ios) (211.443592ms)
▶ admin runtime gate and scalable text (android)
  ✔ fails closed for role admin (15.351661ms)
  ✔ fails closed for role user (13.334487ms)
  ✔ fails closed for role operator (16.07575ms)
  ✔ fails closed for role undefined (21.899108ms)
  ✔ keeps backend failures separate and hides cached admin role after /me errors (13.574912ms)
✔ admin runtime gate and scalable text (android) (80.536705ms)
▶ admin runtime gate and scalable text (web)
  ✔ fails closed for role admin (12.909163ms)
  ✔ fails closed for role user (14.490133ms)
  ✔ fails closed for role operator (14.39029ms)
  ✔ fails closed for role undefined (14.131702ms)
  ✔ keeps backend failures separate and hides cached admin role after /me errors (16.791134ms)
✔ admin runtime gate and scalable text (web) (72.965793ms)
react-test-renderer is deprecated. See https://react.dev/warnings/react-test-renderer
✔ detaches server diagnostics when the session me query is removed (153.263937ms)
✔ detaches runtime diagnostics when the session me query is removed (145.811574ms)
(node:946920) [MODULE_TYPELESS_PACKAGE_JSON] Warning: Module type of file:///home/nayuta/projects/trading-app/frontend/src/components/states/ScreenErrorBoundary.test.ts is not specified and it doesn't parse as CommonJS.
Reparsing as ES module because module syntax was detected. This incurs a performance overhead.
To eliminate this warning, add "type": "module" to /home/nayuta/projects/trading-app/frontend/package.json.
(Use `node --trace-warnings ...` to show where the warning was created)
▶ root screen render boundary
  ✔ shows the existing ErrorState, reports the stack and retries without resetting providers/cache (122.763574ms)
  ✔ keeps the error UI available if retrying encounters the same bug (45.049583ms)
  ✔ does not catch a normally handled React Query/API rejection (40.779136ms)
  ✔ session expiry still clears cache/credentials and resets to Login (render failure: false) (29.313175ms)
  ✔ session expiry still clears cache/credentials and resets to Login (render failure: true) (28.355244ms)
✔ root screen render boundary (267.103544ms)
(node:946935) [MODULE_TYPELESS_PACKAGE_JSON] Warning: Module type of file:///home/nayuta/projects/trading-app/frontend/src/components/states/diagnosticEnforcement.test.ts is not specified and it doesn't parse as CommonJS.
Reparsing as ES module because module syntax was detected. This incurs a performance overhead.
To eliminate this warning, add "type": "module" to /home/nayuta/projects/trading-app/frontend/package.json.
(Use `node --trace-warnings ...` to show where the warning was created)
✔ detects obvious diagnostic bypasses in source fixtures (16.603006ms)
(node:946944) [MODULE_TYPELESS_PACKAGE_JSON] Warning: Module type of file:///home/nayuta/projects/trading-app/frontend/src/components/states/portfolioDiagnostic.test.ts is not specified and it doesn't parse as CommonJS.
Reparsing as ES module because module syntax was detected. This incurs a performance overhead.
To eliminate this warning, add "type": "module" to /home/nayuta/projects/trading-app/frontend/package.json.
(Use `node --trace-warnings ...` to show where the warning was created)
react-test-renderer is deprecated. See https://react.dev/warnings/react-test-renderer
react-test-renderer is deprecated. See https://react.dev/warnings/react-test-renderer
react-test-renderer is deprecated. See https://react.dev/warnings/react-test-renderer
react-test-renderer is deprecated. See https://react.dev/warnings/react-test-renderer
✔ portfolio error panel reuses diagnostics and respects admin role (114.829899ms)
✔ portfolio error panel reuses diagnostics and respects user role (36.287322ms)
✔ portfolio error panel reuses diagnostics and respects operator role (23.558061ms)
✔ portfolio error panel reuses diagnostics and respects unresolved role (25.902774ms)
(node:946955) [MODULE_TYPELESS_PACKAGE_JSON] Warning: Module type of file:///home/nayuta/projects/trading-app/frontend/src/components/states/publicErrorPresentation.test.ts is not specified and it doesn't parse as CommonJS.
Reparsing as ES module because module syntax was detected. This incurs a performance overhead.
To eliminate this warning, add "type": "module" to /home/nayuta/projects/trading-app/frontend/package.json.
(Use `node --trace-warnings ...` to show where the warning was created)
react-test-renderer is deprecated. See https://react.dev/warnings/react-test-renderer
react-test-renderer is deprecated. See https://react.dev/warnings/react-test-renderer
react-test-renderer is deprecated. See https://react.dev/warnings/react-test-renderer
react-test-renderer is deprecated. See https://react.dev/warnings/react-test-renderer
react-test-renderer is deprecated. See https://react.dev/warnings/react-test-renderer
react-test-renderer is deprecated. See https://react.dev/warnings/react-test-renderer
react-test-renderer is deprecated. See https://react.dev/warnings/react-test-renderer
react-test-renderer is deprecated. See https://react.dev/warnings/react-test-renderer
▶ rendered public error boundary
  ✔ keeps ErrorState public text safe with role=user (119.447093ms)
  ✔ keeps ErrorState public text safe with role=operator (37.112455ms)
  ✔ keeps ErrorState public text safe with role=admin (31.117399ms)
  ✔ keeps ErrorState public text safe with role=undefined (26.406956ms)
  ✔ keeps ErrorNotice public text safe with role=user (16.500777ms)
  ✔ keeps ErrorNotice public text safe with role=operator (17.816884ms)
  ✔ keeps ErrorNotice public text safe with role=admin (22.458804ms)
  ✔ keeps ErrorNotice public text safe with role=undefined (15.479672ms)
✔ rendered public error boundary (287.084775ms)
(node:946967) [MODULE_TYPELESS_PACKAGE_JSON] Warning: Module type of file:///home/nayuta/projects/trading-app/frontend/src/components/states/secondaryDiagnostics.test.ts is not specified and it doesn't parse as CommonJS.
Reparsing as ES module because module syntax was detected. This incurs a performance overhead.
To eliminate this warning, add "type": "module" to /home/nayuta/projects/trading-app/frontend/package.json.
(Use `node --trace-warnings ...` to show where the warning was created)
react-test-renderer is deprecated. See https://react.dev/warnings/react-test-renderer
react-test-renderer is deprecated. See https://react.dev/warnings/react-test-renderer
✔ ranking: original HTTP error and user role gate (336.504331ms)
react-test-renderer is deprecated. See https://react.dev/warnings/react-test-renderer
✔ ranking: original HTTP error and operator role gate (212.962774ms)
react-test-renderer is deprecated. See https://react.dev/warnings/react-test-renderer
✔ ranking: original HTTP error and admin role gate (193.767689ms)
react-test-renderer is deprecated. See https://react.dev/warnings/react-test-renderer
✔ summary: original HTTP error and user role gate (205.920708ms)
react-test-renderer is deprecated. See https://react.dev/warnings/react-test-renderer
✔ summary: original HTTP error and operator role gate (188.731129ms)
react-test-renderer is deprecated. See https://react.dev/warnings/react-test-renderer
✔ summary: original HTTP error and admin role gate (194.182092ms)
react-test-renderer is deprecated. See https://react.dev/warnings/react-test-renderer
✔ list: original HTTP error and user role gate (180.764859ms)
react-test-renderer is deprecated. See https://react.dev/warnings/react-test-renderer
✔ list: original HTTP error and operator role gate (168.483806ms)
react-test-renderer is deprecated. See https://react.dev/warnings/react-test-renderer
✔ list: original HTTP error and admin role gate (173.546729ms)
react-test-renderer is deprecated. See https://react.dev/warnings/react-test-renderer
✔ detail: original HTTP error and user role gate (176.498788ms)
react-test-renderer is deprecated. See https://react.dev/warnings/react-test-renderer
✔ detail: original HTTP error and operator role gate (170.65895ms)
react-test-renderer is deprecated. See https://react.dev/warnings/react-test-renderer
✔ detail: original HTTP error and admin role gate (165.080437ms)
react-test-renderer is deprecated. See https://react.dev/warnings/react-test-renderer
✔ profit: original HTTP error and user role gate (176.519008ms)
react-test-renderer is deprecated. See https://react.dev/warnings/react-test-renderer
✔ profit: original HTTP error and operator role gate (175.804849ms)
react-test-renderer is deprecated. See https://react.dev/warnings/react-test-renderer
✔ profit: original HTTP error and admin role gate (181.044168ms)
react-test-renderer is deprecated. See https://react.dev/warnings/react-test-renderer
✔ friends: original HTTP error and user role gate (113.567526ms)
react-test-renderer is deprecated. See https://react.dev/warnings/react-test-renderer
✔ friends: original HTTP error and operator role gate (107.500645ms)
react-test-renderer is deprecated. See https://react.dev/warnings/react-test-renderer
✔ friends: original HTTP error and admin role gate (108.494774ms)
react-test-renderer is deprecated. See https://react.dev/warnings/react-test-renderer
✔ season: original HTTP error and user role gate (165.555162ms)
react-test-renderer is deprecated. See https://react.dev/warnings/react-test-renderer
✔ season: original HTTP error and operator role gate (169.94755ms)
react-test-renderer is deprecated. See https://react.dev/warnings/react-test-renderer
✔ season: original HTTP error and admin role gate (162.569735ms)
react-test-renderer is deprecated. See https://react.dev/warnings/react-test-renderer
✔ reward: original HTTP error and user role gate (177.237716ms)
react-test-renderer is deprecated. See https://react.dev/warnings/react-test-renderer
✔ reward: original HTTP error and operator role gate (181.391298ms)
react-test-renderer is deprecated. See https://react.dev/warnings/react-test-renderer
✔ reward: original HTTP error and admin role gate (174.288681ms)
react-test-renderer is deprecated. See https://react.dev/warnings/react-test-renderer
✔ my: original HTTP error and user role gate (174.099371ms)
react-test-renderer is deprecated. See https://react.dev/warnings/react-test-renderer
✔ my: original HTTP error and operator role gate (170.737454ms)
react-test-renderer is deprecated. See https://react.dev/warnings/react-test-renderer
✔ my: original HTTP error and admin role gate (176.069309ms)
react-test-renderer is deprecated. See https://react.dev/warnings/react-test-renderer
✔ independent reward failures retain separate panels and clear independently (196.031494ms)
react-test-renderer is deprecated. See https://react.dev/warnings/react-test-renderer
✔ records partial failures preserve healthy rows and clear after normalization (154.6196ms)
react-test-renderer is deprecated. See https://react.dev/warnings/react-test-renderer
✔ records equity failure is separate from available profit analysis (172.123532ms)
react-test-renderer is deprecated. See https://react.dev/warnings/react-test-renderer
✔ ranking: normal empty/policy state creates no diagnostic (102.043899ms)
react-test-renderer is deprecated. See https://react.dev/warnings/react-test-renderer
✔ list: normal empty/policy state creates no diagnostic (85.710669ms)
react-test-renderer is deprecated. See https://react.dev/warnings/react-test-renderer
✔ friends: normal empty/policy state creates no diagnostic (80.172235ms)
react-test-renderer is deprecated. See https://react.dev/warnings/react-test-renderer
✔ reward: normal empty/policy state creates no diagnostic (85.413299ms)
react-test-renderer is deprecated. See https://react.dev/warnings/react-test-renderer
✔ my: normal empty/policy state creates no diagnostic (86.501426ms)
react-test-renderer is deprecated. See https://react.dev/warnings/react-test-renderer
✔ season not configured creates no diagnostic (82.182432ms)
react-test-renderer is deprecated. See https://react.dev/warnings/react-test-renderer
✔ Ranking season absence stays a policy state without querying a nonexistent publication (87.239234ms)
react-test-renderer is deprecated. See https://react.dev/warnings/react-test-renderer
✔ Profile private is a normal policy state without diagnostics (104.546911ms)
react-test-renderer is deprecated. See https://react.dev/warnings/react-test-renderer
✔ Profile not_friend is a normal policy state without diagnostics (96.386778ms)
react-test-renderer is deprecated. See https://react.dev/warnings/react-test-renderer
✔ Profile unavailable is a normal policy state without diagnostics (94.035461ms)
react-test-renderer is deprecated. See https://react.dev/warnings/react-test-renderer
✔ missing season record is not presented as a technical failure (88.017783ms)
react-test-renderer is deprecated. See https://react.dev/warnings/react-test-renderer
✔ a late record response stays attached to its requested season (160.024175ms)
react-test-renderer is deprecated. See https://react.dev/warnings/react-test-renderer
✔ Settings hides details if its /me query fails, including cached admin role (91.993368ms)
react-test-renderer is deprecated. See https://react.dev/warnings/react-test-renderer
✔ Settings nickname and privacy mutations: user, recovery and separate errors (279.896423ms)
react-test-renderer is deprecated. See https://react.dev/warnings/react-test-renderer
✔ Settings nickname and privacy mutations: operator, recovery and separate errors (287.32857ms)
react-test-renderer is deprecated. See https://react.dev/warnings/react-test-renderer
✔ Settings nickname and privacy mutations: admin, recovery and separate errors (281.248569ms)
react-test-renderer is deprecated. See https://react.dev/warnings/react-test-renderer
✔ Friends mutation preserves Alert and clears diagnostic on success for user (264.152986ms)
react-test-renderer is deprecated. See https://react.dev/warnings/react-test-renderer
✔ Friends mutation preserves Alert and clears diagnostic on success for operator (265.964455ms)
react-test-renderer is deprecated. See https://react.dev/warnings/react-test-renderer
✔ Friends mutation preserves Alert and clears diagnostic on success for admin (268.862796ms)
react-test-renderer is deprecated. See https://react.dev/warnings/react-test-renderer
✔ Friends late mutation failure is detached after a tab change (319.64617ms)
react-test-renderer is deprecated. See https://react.dev/warnings/react-test-renderer
✔ Season join failure retries the original mutation and clears on success for user (214.788947ms)
react-test-renderer is deprecated. See https://react.dev/warnings/react-test-renderer
✔ Season join failure retries the original mutation and clears on success for operator (213.771999ms)
react-test-renderer is deprecated. See https://react.dev/warnings/react-test-renderer
✔ Season join failure retries the original mutation and clears on success for admin (212.55094ms)
✔ Season change hides the previous join failure without submitting another mutation (201.49616ms)
(node:947135) [MODULE_TYPELESS_PACKAGE_JSON] Warning: Module type of file:///home/nayuta/projects/trading-app/frontend/src/components/tradingAccount/HoldingCardsLayout.test.ts is not specified and it doesn't parse as CommonJS.
Reparsing as ES module because module syntax was detected. This incurs a performance overhead.
To eliminate this warning, add "type": "module" to /home/nayuta/projects/trading-app/frontend/package.json.
(Use `node --trace-warnings ...` to show where the warning was created)
react-test-renderer is deprecated. See https://react.dev/warnings/react-test-renderer
react-test-renderer is deprecated. See https://react.dev/warnings/react-test-renderer
✔ android/light/320/1: native holding cards retain all financial text and adapt their tracks (114.037211ms)
react-test-renderer is deprecated. See https://react.dev/warnings/react-test-renderer
✔ android/light/320/2: native holding cards retain all financial text and adapt their tracks (32.807594ms)
react-test-renderer is deprecated. See https://react.dev/warnings/react-test-renderer
✔ android/light/360/1: native holding cards retain all financial text and adapt their tracks (27.347684ms)
react-test-renderer is deprecated. See https://react.dev/warnings/react-test-renderer
✔ android/light/360/2: native holding cards retain all financial text and adapt their tracks (18.795348ms)
react-test-renderer is deprecated. See https://react.dev/warnings/react-test-renderer
✔ android/light/390/1: native holding cards retain all financial text and adapt their tracks (17.093585ms)
react-test-renderer is deprecated. See https://react.dev/warnings/react-test-renderer
✔ android/light/390/2: native holding cards retain all financial text and adapt their tracks (18.055985ms)
react-test-renderer is deprecated. See https://react.dev/warnings/react-test-renderer
✔ android/light/430/1: native holding cards retain all financial text and adapt their tracks (17.756917ms)
react-test-renderer is deprecated. See https://react.dev/warnings/react-test-renderer
✔ android/light/430/2: native holding cards retain all financial text and adapt their tracks (12.574133ms)
react-test-renderer is deprecated. See https://react.dev/warnings/react-test-renderer
✔ android/dark/320/1: native holding cards retain all financial text and adapt their tracks (12.46098ms)
react-test-renderer is deprecated. See https://react.dev/warnings/react-test-renderer
✔ android/dark/320/2: native holding cards retain all financial text and adapt their tracks (13.519484ms)
react-test-renderer is deprecated. See https://react.dev/warnings/react-test-renderer
✔ android/dark/360/1: native holding cards retain all financial text and adapt their tracks (15.573086ms)
react-test-renderer is deprecated. See https://react.dev/warnings/react-test-renderer
✔ android/dark/360/2: native holding cards retain all financial text and adapt their tracks (12.474351ms)
react-test-renderer is deprecated. See https://react.dev/warnings/react-test-renderer
✔ android/dark/390/1: native holding cards retain all financial text and adapt their tracks (13.478692ms)
react-test-renderer is deprecated. See https://react.dev/warnings/react-test-renderer
✔ android/dark/390/2: native holding cards retain all financial text and adapt their tracks (14.456409ms)
react-test-renderer is deprecated. See https://react.dev/warnings/react-test-renderer
✔ android/dark/430/1: native holding cards retain all financial text and adapt their tracks (11.16786ms)
react-test-renderer is deprecated. See https://react.dev/warnings/react-test-renderer
✔ android/dark/430/2: native holding cards retain all financial text and adapt their tracks (11.631628ms)
react-test-renderer is deprecated. See https://react.dev/warnings/react-test-renderer
✔ ios/light/320/1: native holding cards retain all financial text and adapt their tracks (10.217618ms)
react-test-renderer is deprecated. See https://react.dev/warnings/react-test-renderer
✔ ios/light/320/2: native holding cards retain all financial text and adapt their tracks (15.924414ms)
react-test-renderer is deprecated. See https://react.dev/warnings/react-test-renderer
✔ ios/light/360/1: native holding cards retain all financial text and adapt their tracks (10.571316ms)
react-test-renderer is deprecated. See https://react.dev/warnings/react-test-renderer
✔ ios/light/360/2: native holding cards retain all financial text and adapt their tracks (10.957603ms)
react-test-renderer is deprecated. See https://react.dev/warnings/react-test-renderer
✔ ios/light/390/1: native holding cards retain all financial text and adapt their tracks (10.373508ms)
react-test-renderer is deprecated. See https://react.dev/warnings/react-test-renderer
✔ ios/light/390/2: native holding cards retain all financial text and adapt their tracks (11.730403ms)
react-test-renderer is deprecated. See https://react.dev/warnings/react-test-renderer
✔ ios/light/430/1: native holding cards retain all financial text and adapt their tracks (10.647035ms)
react-test-renderer is deprecated. See https://react.dev/warnings/react-test-renderer
✔ ios/light/430/2: native holding cards retain all financial text and adapt their tracks (10.231913ms)
react-test-renderer is deprecated. See https://react.dev/warnings/react-test-renderer
✔ ios/dark/320/1: native holding cards retain all financial text and adapt their tracks (10.25249ms)
react-test-renderer is deprecated. See https://react.dev/warnings/react-test-renderer
✔ ios/dark/320/2: native holding cards retain all financial text and adapt their tracks (17.017473ms)
react-test-renderer is deprecated. See https://react.dev/warnings/react-test-renderer
✔ ios/dark/360/1: native holding cards retain all financial text and adapt their tracks (11.306913ms)
react-test-renderer is deprecated. See https://react.dev/warnings/react-test-renderer
✔ ios/dark/360/2: native holding cards retain all financial text and adapt their tracks (10.031287ms)
react-test-renderer is deprecated. See https://react.dev/warnings/react-test-renderer
✔ ios/dark/390/1: native holding cards retain all financial text and adapt their tracks (11.156104ms)
react-test-renderer is deprecated. See https://react.dev/warnings/react-test-renderer
✔ ios/dark/390/2: native holding cards retain all financial text and adapt their tracks (10.490284ms)
react-test-renderer is deprecated. See https://react.dev/warnings/react-test-renderer
✔ ios/dark/430/1: native holding cards retain all financial text and adapt their tracks (10.161892ms)
✔ ios/dark/430/2: native holding cards retain all financial text and adapt their tracks (11.990664ms)
(node:947152) [MODULE_TYPELESS_PACKAGE_JSON] Warning: Module type of file:///home/nayuta/projects/trading-app/frontend/src/components/tradingAccount/PositionAssetRow.test.ts is not specified and it doesn't parse as CommonJS.
Reparsing as ES module because module syntax was detected. This incurs a performance overhead.
To eliminate this warning, add "type": "module" to /home/nayuta/projects/trading-app/frontend/package.json.
(Use `node --trace-warnings ...` to show where the warning was created)
▶ shared PositionAssetRow
  ✔ shows identity, actual quantity and canonical local value and PnL in the summary row (1.777946ms)
  ✔ stale_cache preserves crypto quantity while preserving valuation semantics (0.344899ms)
  ✔ unavailable preserves crypto quantity while preserving valuation semantics (0.219215ms)
  ✔ light/red_blue uses financial direction only for returns (0.755377ms)
  ✔ light/green_red uses financial direction only for returns (0.617481ms)
  ✔ dark/red_blue uses financial direction only for returns (0.567484ms)
  ✔ dark/green_red uses financial direction only for returns (0.375924ms)
✔ shared PositionAssetRow (5.318905ms)
(node:947164) [MODULE_TYPELESS_PACKAGE_JSON] Warning: Module type of file:///home/nayuta/projects/trading-app/frontend/src/components/tradingAccount/accountLayout.test.ts is not specified and it doesn't parse as CommonJS.
Reparsing as ES module because module syntax was detected. This incurs a performance overhead.
To eliminate this warning, add "type": "module" to /home/nayuta/projects/trading-app/frontend/package.json.
(Use `node --trace-warnings ...` to show where the warning was created)
▶ long Korean content is never shortened in the model
  ✔ keeps a very long season name whole (0.952388ms)
  ✔ always produces a status label, including for closed and suspended (0.184523ms)
  ✔ gives the mode caption and the return-rate meaning separate strings (0.148408ms)
  ✔ writes full capability messages rather than clipped hints (0.190306ms)
✔ long Korean content is never shortened in the model (1.977254ms)
▶ the styles long text depends on are present
  ✔ AccountSwitcher: badge on its own non-shrinking track, title wraps (1.045985ms)
  ✔ AccountSwitcher: the start-general row wraps its copy and its error whole (0.212594ms)
  ✔ ModeSelectionScreen: every option wraps; the page scrolls (3.709305ms)
  ✔ OrderPanel: the order content wraps inside its column (0.316808ms)
  ✔ AccountHoldings: complete amounts wrap without truncation (0.249815ms)
  ✔ GeneralAccountHome: amounts wrap through the shared asset row (0.379655ms)
  ✔ SeasonAccountHome: season name, amounts and the rank pair all wrap (0.411094ms)
  ✔ AccountSetupPanel: the only screen a user with nothing sees, scrolls (0.164616ms)
  ✔ error and blocked screens scroll instead of clipping a long message (0.235881ms)
  ✔ CTA buttons wrap a long Korean label instead of cutting it (0.11328ms)
  ✔ capability and integrity notices wrap in the FX screen (0.161311ms)
  ✔ RecordOrderList: the amount moves below a readable asset name on narrow screens (0.293169ms)
  ✔ MyScreen: a long nickname or email wraps (0.10281ms)
  ✔ inline section notices wrap their full sentence (0.044545ms)
✔ the styles long text depends on are present (7.786968ms)
▶ fail-closed copy is complete, plain, and never claims absence
  ✔ the integrity message names the failed sections and denies "0" (0.080235ms)
  ✔ the integrity message never reads as an empty state or a 준비 중 notice (0.048243ms)
  ✔ the fail-closed title says the data cannot be shown, not that it is empty (0.04464ms)
  ✔ account-list failure and a missing season account read differently (0.102556ms)
  ✔ every fail-closed string is a full sentence a user can report (0.09605ms)
✔ fail-closed copy is complete, plain, and never claims absence (0.470455ms)
▶ an account switch cannot leave the previous account on screen
  ✔ WalletFxScreen gates every FX callback on the request scope (0.146781ms)
✔ an account switch cannot leave the previous account on screen (0.220735ms)
(node:947175) [MODULE_TYPELESS_PACKAGE_JSON] Warning: Module type of file:///home/nayuta/projects/trading-app/frontend/src/components/tradingAccount/seasonEntryContract.test.ts is not specified and it doesn't parse as CommonJS.
Reparsing as ES module because module syntax was detected. This incurs a performance overhead.
To eliminate this warning, add "type": "module" to /home/nayuta/projects/trading-app/frontend/package.json.
(Use `node --trace-warnings ...` to show where the warning was created)
▶ AccountSwitcher season entry wiring
  ✔ uses the shared read-only season query and eligibility model without gating account selection on it (0.542931ms)
  ✔ offers navigation only for an available season, closes the sheet first, and retains general start (0.169739ms)
  ✔ scrolls the title and all rows within the viewport and gives the offer full-width wrapping text (0.21726ms)
✔ AccountSwitcher season entry wiring (1.969718ms)
▶ SeasonJoinScreen actions
  ✔ keeps explicit active-season joining and the no-account general entrance, with no browse shortcut (0.173395ms)
  ✔ preserves home actions for missing, upcoming, ended, settled, and joined seasons (0.358068ms)
  ✔ retains refetch, real season-account selection, and home navigation after joining or already-joined (0.203836ms)
✔ SeasonJoinScreen actions (0.885195ms)
(node:947183) [MODULE_TYPELESS_PACKAGE_JSON] Warning: Module type of file:///home/nayuta/projects/trading-app/frontend/src/constants/env.test.ts is not specified and it doesn't parse as CommonJS.
Reparsing as ES module because module syntax was detected. This incurs a performance overhead.
To eliminate this warning, add "type": "module" to /home/nayuta/projects/trading-app/frontend/package.json.
(Use `node --trace-warnings ...` to show where the warning was created)
✔ public boolean flag: only explicit true/1 enables (0.410754ms)
✔ public boolean flag: false, 0, undefined and junk are all off (0.131465ms)
✔ env.ts reads every EXPO_PUBLIC var with static dot notation (0.189221ms)
✔ env.ts contains no dynamic process.env key access (0.125578ms)
✔ limit orders do not depend on a build-time opt-in (0.107934ms)
(node:947190) [MODULE_TYPELESS_PACKAGE_JSON] Warning: Module type of file:///home/nayuta/projects/trading-app/frontend/src/constants/queryKeys.test.ts is not specified and it doesn't parse as CommonJS.
Reparsing as ES module because module syntax was detected. This incurs a performance overhead.
To eliminate this warning, add "type": "module" to /home/nayuta/projects/trading-app/frontend/package.json.
(Use `node --trace-warnings ...` to show where the warning was created)
▶ account-scoped query keys keep accounts apart
  ✔ separates the SAME portfolio range across two accounts (0.703296ms)
  ✔ separates the SAME asset filter across two accounts (0.196683ms)
  ✔ separates the SAME orderId across two accounts (0.08455ms)
  ✔ carries the accountId in EVERY financial key (0.179932ms)
  ✔ never keys on mode alone — two season accounts must not share a cache entry (0.133963ms)
✔ account-scoped query keys keep accounts apart (1.81944ms)
▶ invalidation prefixes cannot cross accounts
  ✔ account A's portfolio prefix does not match account B's entries (0.159621ms)
  ✔ an order mutation on A refreshes A orders/wallets/positions/portfolio only (0.184397ms)
  ✔ separates the owned-account LIST across two users (0.143412ms)
  ✔ separates the SAME leaderboard request across two seasons (0.133261ms)
  ✔ the account-wide prefix still clears everything at logout (0.209766ms)
✔ invalidation prefixes cannot cross accounts (1.066168ms)
▶ normalizeFilterKey
  ✔ treats undefined, null, empty string and omission as the same query (0.207991ms)
  ✔ is independent of object key order (0.114374ms)
  ✔ still distinguishes genuinely different filters (0.158473ms)
  ✔ gives equal filters on different accounts DIFFERENT full keys (0.124132ms)
✔ normalizeFilterKey (0.779674ms)
(node:947198) [MODULE_TYPELESS_PACKAGE_JSON] Warning: Module type of file:///home/nayuta/projects/trading-app/frontend/src/constants/queryUsage.test.ts is not specified and it doesn't parse as CommonJS.
Reparsing as ES module because module syntax was detected. This incurs a performance overhead.
To eliminate this warning, add "type": "module" to /home/nayuta/projects/trading-app/frontend/package.json.
(Use `node --trace-warnings ...` to show where the warning was created)
✔ no production key factory is shared by normal and infinite query hooks (207.730444ms)
ℹ Audited 62 useQuery + 8 useInfiniteQuery across 36 key factories
▶ mixed-shape resource keys
  ✔ separates shapes with identical filters while retaining season/account identity (0.856359ms)
  ✔ existing mutation prefixes invalidate both shapes and only the intended account (2.052451ms)
✔ mixed-shape resource keys (3.393167ms)
(node:947209) [MODULE_TYPELESS_PACKAGE_JSON] Warning: Module type of file:///home/nayuta/projects/trading-app/frontend/src/features/asset/AssetOrderBookCard.test.ts is not specified and it doesn't parse as CommonJS.
Reparsing as ES module because module syntax was detected. This incurs a performance overhead.
To eliminate this warning, add "type": "module" to /home/nayuta/projects/trading-app/frontend/package.json.
(Use `node --trace-warnings ...` to show where the warning was created)
react-test-renderer is deprecated. See https://react.dev/warnings/react-test-renderer
react-test-renderer is deprecated. See https://react.dev/warnings/react-test-renderer
react-test-renderer is deprecated. See https://react.dev/warnings/react-test-renderer
react-test-renderer is deprecated. See https://react.dev/warnings/react-test-renderer
react-test-renderer is deprecated. See https://react.dev/warnings/react-test-renderer
react-test-renderer is deprecated. See https://react.dev/warnings/react-test-renderer
react-test-renderer is deprecated. See https://react.dev/warnings/react-test-renderer
▶ order book card rendering
  ✔ shows live delay/reconnect status while retaining the full common book (100.062812ms)
  ✔ shows 10 asks descending then 10 bids descending, with exact paired quantities (32.937603ms)
  ✔ shows empty and partial sides, zero quantity, missing totals and capture time honestly (22.705627ms)
  ✔ preserves all long digits and offers horizontal scrolling on a small screen with large fonts (21.735858ms)
  ✔ renders decimal crypto levels and updates all units when switching KR → BTC → ETH → KR (24.947992ms)
  ✔ renders partial and empty crypto sides and fractional exchange totals without rounding (18.096224ms)
✔ order book card rendering (221.15945ms)
▶ order side colors in the shared card
  ✔ uses the same red asks and green bids as the trading ladder (15.074879ms)
✔ order side colors in the shared card (15.242301ms)
(node:947225) [MODULE_TYPELESS_PACKAGE_JSON] Warning: Module type of file:///home/nayuta/projects/trading-app/frontend/src/features/asset/AssetOrderLadder.test.ts is not specified and it doesn't parse as CommonJS.
Reparsing as ES module because module syntax was detected. This incurs a performance overhead.
To eliminate this warning, add "type": "module" to /home/nayuta/projects/trading-app/frontend/package.json.
(Use `node --trace-warnings ...` to show where the warning was created)
react-test-renderer is deprecated. See https://react.dev/warnings/react-test-renderer
react-test-renderer is deprecated. See https://react.dev/warnings/react-test-renderer
▶ compact trading depth presentation
  ✔ keeps exact 10+10 levels around the canonical price at font scale 1 (96.265722ms)
react-test-renderer is deprecated. See https://react.dev/warnings/react-test-renderer
  ✔ keeps exact 10+10 levels around the canonical price at font scale 1.5 (28.348066ms)
react-test-renderer is deprecated. See https://react.dev/warnings/react-test-renderer
  ✔ keeps exact 10+10 levels around the canonical price at font scale 2 (23.238173ms)
react-test-renderer is deprecated. See https://react.dev/warnings/react-test-renderer
  ✔ shows status and current price without inventing depth during loading (21.03318ms)
✔ compact trading depth presentation (169.708669ms)
▶ order side colors in the trading ladder
  ✔ uses red asks and green bids without changing the best levels (18.610809ms)
✔ order side colors in the trading ladder (18.7383ms)
(node:947242) [MODULE_TYPELESS_PACKAGE_JSON] Warning: Module type of file:///home/nayuta/projects/trading-app/frontend/src/features/asset/assetDetailDisplay.test.ts is not specified and it doesn't parse as CommonJS.
Reparsing as ES module because module syntax was detected. This incurs a performance overhead.
To eliminate this warning, add "type": "module" to /home/nayuta/projects/trading-app/frontend/package.json.
(Use `node --trace-warnings ...` to show where the warning was created)
▶ AssetDetailScreen display contract
  ✔ hides market and internal price metadata and shows settlement currency in the pair (0.638069ms)
  ✔ does not render the asset trading note (0.107115ms)
  ✔ localizes only the domestic market badge (0.0837ms)
✔ AssetDetailScreen display contract (1.3166ms)
(node:947250) [MODULE_TYPELESS_PACKAGE_JSON] Warning: Module type of file:///home/nayuta/projects/trading-app/frontend/src/features/asset/assetOrderBookPolicy.test.ts is not specified and it doesn't parse as CommonJS.
Reparsing as ES module because module syntax was detected. This incurs a performance overhead.
To eliminate this warning, add "type": "module" to /home/nayuta/projects/trading-app/frontend/package.json.
(Use `node --trace-warnings ...` to show where the warning was created)
▶ live order book contract
  ✔ accepts BTC 10+10 neutral snapshots without rounding or provider fields (1.287159ms)
  ✔ accepts ETH 10+10 neutral snapshots without rounding or provider fields (0.196736ms)
  ✔ accepts XRP 10+10 neutral snapshots without rounding or provider fields (0.299345ms)
  ✔ accepts PEPE 10+10 neutral snapshots without rounding or provider fields (0.270233ms)
  ✔ accepts 币安人生 10+10 neutral snapshots without rounding or provider fields (0.194037ms)
  ✔ accepts empty and partial snapshots with zero levels, without synthesizing data (0.570279ms)
  ✔ rejects malformed snapshots in their entirety and isolates assets (0.386999ms)
  ✔ turns stale strictly after five seconds in the client clock domain (0.248508ms)
  ✔ ignores server/client clock skew in either direction for freshness (0.141892ms)
  ✔ uses asset metadata only to enable crypto; backend remains the supported-universe authority (0.345579ms)
✔ live order book contract (4.756087ms)
(node:947257) [MODULE_TYPELESS_PACKAGE_JSON] Warning: Module type of file:///home/nayuta/projects/trading-app/frontend/src/features/asset/assetTickerPolicy.test.ts is not specified and it doesn't parse as CommonJS.
Reparsing as ES module because module syntax was detected. This incurs a performance overhead.
To eliminate this warning, add "type": "module" to /home/nayuta/projects/trading-app/frontend/package.json.
(Use `node --trace-warnings ...` to show where the warning was created)
▶ assetTickerPolicy
  ✔ accepts recovered or invalidated daily returns for the same price snapshot (0.64656ms)
  ✔ reads the event time from capturedAt, then effectiveAt (0.11802ms)
  ✔ accepts the first ticker (0.103501ms)
  ✔ rejects a repeat of the same snapshot id (0.127426ms)
  ✔ rejects an older timestamp and accepts a newer one (0.167869ms)
  ✔ never lets a priced event with no timestamp overwrite a known price (0.092363ms)
  ✔ still applies an unavailable event with no timestamp (0.105489ms)
  ✔ judges staleness from the server freshness age only (0.138258ms)
  ✔ measures ticker age from its own event time (0.193196ms)
  ✔ flips to stale purely by the clock advancing (no new ticker needed) (0.184832ms)
  ✔ uses the SAME threshold as the freshness-age check (no second constant) (0.122857ms)
  ✔ falls back to the server freshness age for timestamp-less tickers (0.074794ms)
  ✔ applyTicker returns the SAME state object when the ticker is rejected (0.065781ms)
✔ assetTickerPolicy (3.383931ms)
▶ stock market state transitions
  ✔ accepts close with the same snapshot and an older price time, without stale styling (0.586732ms)
  ✔ rejects a delayed open event and legacy live events after close (0.120125ms)
  ✔ clears live price for an unavailable closed snapshot and cannot resurrect it (0.119476ms)
  ✔ reopens using a server snapshot without REST polling (0.118456ms)
  ✔ keeps crypto and an independently open US stock eligible (0.105563ms)
✔ stock market state transitions (1.243741ms)
(node:947265) [MODULE_TYPELESS_PACKAGE_JSON] Warning: Module type of file:///home/nayuta/projects/trading-app/frontend/src/features/asset/candleErrors.test.ts is not specified and it doesn't parse as CommonJS.
Reparsing as ES module because module syntax was detected. This incurs a performance overhead.
To eliminate this warning, add "type": "module" to /home/nayuta/projects/trading-app/frontend/package.json.
(Use `node --trace-warnings ...` to show where the warning was created)
▶ candle baseline-not-ready classification
  ✔ recognizes the backend baseline code (0.316892ms)
  ✔ leaves every other candle failure on the generic error path (0.124195ms)
  ✔ is safe with network errors and junk (0.104511ms)
✔ candle baseline-not-ready classification (1.629358ms)
▶ describeCandleError (what the chart area says)
  ✔ keeps the preparing state for a baseline error (0.17686ms)
  ✔ shows a real failure with safe public copy (0.185554ms)
  ✔ hides HTTP status and raw network exception text (0.101939ms)
✔ describeCandleError (what the chart area says) (0.623751ms)
▶ asset detail screen wiring
  ✔ shows the preparing state for a baseline error and keeps the retry button (0.267055ms)
  ✔ keeps the timeframe selector driving the request windows (0.082319ms)
✔ asset detail screen wiring (0.469403ms)
(node:947273) [MODULE_TYPELESS_PACKAGE_JSON] Warning: Module type of file:///home/nayuta/projects/trading-app/frontend/src/features/asset/chartTimeframes.test.ts is not specified and it doesn't parse as CommonJS.
Reparsing as ES module because module syntax was detected. This incurs a performance overhead.
To eliminate this warning, add "type": "module" to /home/nayuta/projects/trading-app/frontend/package.json.
(Use `node --trace-warnings ...` to show where the warning was created)
✔ 1m tab is not offered (0.514436ms)
✔ expected tab order and count (0.381174ms)
✔ range and limit policy matches the backend candle windows (0.156666ms)
✔ default timeframe is 5m (0.087793ms)
✔ limits cover the worst-case candle count without exceeding Binance cap (0.150012ms)
✔ 5m request is not capped near the old 100 limit (0.13257ms)
✔ daily and weekly limits are fixed for 1y chart requests (0.149704ms)
✔ 30m and 1h show the last 14 days at the crypto upper-bound limit (0.102991ms)
✔ 15m shows the last 3 days from the request clock (0.173873ms)
✔ 4h shows the last 30 days (0.184152ms)
✔ aggregated tabs stay inside the 35-day 5m retention window (0.135611ms)
✔ each timeframe gets its own candle query key (14d never collides) (0.141999ms)
(node:947280) [MODULE_TYPELESS_PACKAGE_JSON] Warning: Module type of file:///home/nayuta/projects/trading-app/frontend/src/features/asset/displayPricePolicy.test.ts is not specified and it doesn't parse as CommonJS.
Reparsing as ES module because module syntax was detected. This incurs a performance overhead.
To eliminate this warning, add "type": "module" to /home/nayuta/projects/trading-app/frontend/package.json.
(Use `node --trace-warnings ...` to show where the warning was created)
▶ selectDisplayPrice — realtime basis
  ✔ takes the whole set from the ticker (0.642554ms)
  ✔ shows the ticker source, never the REST snapshot source (0.083552ms)
  ✔ never fills a ticker-unavailable KRW from the REST snapshot (0.065345ms)
  ✔ keeps the ticker FX source alongside the ticker KRW value (0.098028ms)
  ✔ falls back to asset decimals when the ticker declares none (0.141595ms)
  ✔ never fills a missing ticker change rate from the REST snapshot (0.145463ms)
  ✔ reports a coherent set: every field comes from the same moment (0.098538ms)
✔ selectDisplayPrice — realtime basis (1.842281ms)
▶ selectDisplayPrice — REST basis
  ✔ uses the REST pair only when there is no ticker (0.233521ms)
  ✔ reports REST KRW unavailability with its reason (0.105798ms)
  ✔ reports the empty basis when neither side has a price (0.239198ms)
✔ selectDisplayPrice — REST basis (0.750456ms)
▶ detail completed-session display
  ✔ uses the completed snapshot as one basis without labeling it realtime (0.123356ms)
  ✔ keeps a closed unavailable snapshot empty instead of reviving REST (0.092022ms)
✔ detail completed-session display (0.274134ms)
(node:947292) [MODULE_TYPELESS_PACKAGE_JSON] Warning: Module type of file:///home/nayuta/projects/trading-app/frontend/src/features/asset/liveCandle.test.ts is not specified and it doesn't parse as CommonJS.
Reparsing as ES module because module syntax was detected. This incurs a performance overhead.
To eliminate this warning, add "type": "module" to /home/nayuta/projects/trading-app/frontend/package.json.
(Use `node --trace-warnings ...` to show where the warning was created)
▶ live candle chart reducer
  ✔ replaces the same bucket, appends a new bucket, sorts, and enforces limit (0.926763ms)
  ✔ rejects malformed, mismatched, and inconsistent OHLC messages (0.25058ms)
  ✔ does not merge 1d/1w or a prior interval snapshot (0.10602ms)
✔ live candle chart reducer (1.780465ms)
(node:947307) [MODULE_TYPELESS_PACKAGE_JSON] Warning: Module type of file:///home/nayuta/projects/trading-app/frontend/src/features/asset/orderBook.test.ts is not specified and it doesn't parse as CommonJS.
Reparsing as ES module because module syntax was detected. This incurs a performance overhead.
To eliminate this warning, add "type": "module" to /home/nayuta/projects/trading-app/frontend/package.json.
(Use `node --trace-warnings ...` to show where the warning was created)
▶ provider-independent order book normalization
  ✔ sorts both sides best first, caps at ten, and preserves the input (2.455691ms)
  ✔ retains exact prices beyond Number precision and keeps quantities paired (0.141308ms)
  ✔ drops invalid and absent price levels without inventing data; zero shares remain (0.169718ms)
  ✔ does not replace exchange totals or timestamps with visible-depth sums or the clock (0.145283ms)
  ✔ createOrderBookFixture supplies ten distinct prices and quantities per side (0.222564ms)
  ✔ createLongOrderBookFixture supplies ten distinct prices and quantities per side (0.237316ms)
  ✔ preserves fractional quantities and totals exactly, including tiny and large values (0.361735ms)
  ✔ sorts very small decimal prices, caps depth, and keeps their quantities paired (0.240303ms)
  ✔ rejects non-contract decimals: "" (0.192878ms)
  ✔ rejects non-contract decimals: " " (0.185778ms)
  ✔ rejects non-contract decimals: "-0.001" (0.079481ms)
  ✔ rejects non-contract decimals: "1e-8" (0.079343ms)
  ✔ rejects non-contract decimals: "NaN" (0.054143ms)
  ✔ rejects non-contract decimals: "Infinity" (0.024297ms)
  ✔ rejects non-contract decimals: "1,250" (0.088313ms)
  ✔ rejects non-contract decimals: ".1" (0.068151ms)
  ✔ rejects non-contract decimals: "1." (0.071393ms)
  ✔ rejects non-contract decimals: "1.2.3" (0.049083ms)
  ✔ rejects non-contract decimals: 1 (0.067417ms)
  ✔ crypto fixture (long=false) has 20 distinct prices and quantities without inventing totals (0.137492ms)
  ✔ crypto fixture (long=true) has 20 distinct prices and quantities without inventing totals (0.087112ms)
✔ provider-independent order book normalization (6.175402ms)
▶ exact order book decimal display
  ✔ formats 0.00125000 without rounding or Number conversion (0.190115ms)
  ✔ formats 12.345678 without rounding or Number conversion (0.055109ms)
  ✔ formats 68420.10 without rounding or Number conversion (0.017346ms)
  ✔ formats 0.000000000000000001 without rounding or Number conversion (0.016358ms)
  ✔ formats 12345678901234567890.123456789012345678 without rounding or Number conversion (0.067471ms)
  ✔ formats 0001234.000 without rounding or Number conversion (0.081214ms)
  ✔ formats 0.00000 without rounding or Number conversion (0.039666ms)
  ✔ formats 70100 without rounding or Number conversion (0.068013ms)
✔ exact order book decimal display (0.650164ms)
▶ Order screen live book isolation
  ✔ keeps order inputs independent of 호가 정보를 현재 수신할 수 없습니다. (236.483048ms)
  ✔ keeps order inputs independent of 호가 정보가 지연되고 있습니다. (95.55268ms)
  ✔ keeps order inputs independent of 호가 연결을 복구하는 중입니다. (80.83927ms)
  ✔ passes real crypto depth and canonical current price to the compact ladder, with no candles on the main screen (76.569921ms)
  ✔ never renders a domestic fixture (dev=true, preview=true, long=true) (75.078715ms)
  ✔ never renders a domestic fixture (dev=false, preview=true, long=true) (57.067327ms)
  ✔ hides a previous asset book before a new snapshot arrives (63.101975ms)
  ✔ keeps standalone preview helpers available for lessons, never as trading data (59.842302ms)
✔ Order screen live book isolation (744.888755ms)
(node:947346) [MODULE_TYPELESS_PACKAGE_JSON] Warning: Module type of file:///home/nayuta/projects/trading-app/frontend/src/features/asset/tradingUiDisplay.test.ts is not specified and it doesn't parse as CommonJS.
Reparsing as ES module because module syntax was detected. This incurs a performance overhead.
To eliminate this warning, add "type": "module" to /home/nayuta/projects/trading-app/frontend/package.json.
(Use `node --trace-warnings ...` to show where the warning was created)
▶ Order screen information and trading controls
  ✔ renders domestic_stock REST change rate null as - (285.628232ms)
  ✔ renders domestic_stock REST change rate undefined as - (93.896113ms)
  ✔ renders domestic_stock REST change rate  as - (82.918528ms)
  ✔ renders domestic_stock REST change rate NaN as - (77.820431ms)
  ✔ renders domestic_stock REST change rate 1.23000000 as +1.23% (66.460535ms)
  ✔ renders domestic_stock REST change rate -0.46000000 as -0.46% (67.40777ms)
  ✔ renders domestic_stock REST change rate 0.00000000 as 0% (62.885129ms)
  ✔ renders crypto REST change rate null as - (65.762596ms)
  ✔ renders crypto REST change rate undefined as - (66.807685ms)
  ✔ renders crypto REST change rate  as - (59.770357ms)
  ✔ renders crypto REST change rate NaN as - (58.401549ms)
  ✔ renders crypto REST change rate 1.23000000 as +1.23% (58.505529ms)
  ✔ renders crypto REST change rate -0.46000000 as -0.46% (51.591448ms)
  ✔ renders crypto REST change rate 0.00000000 as 0% (56.298144ms)
  ✔ renders ticker change rate null without borrowing the REST return (59.746964ms)
  ✔ renders ticker change rate undefined without borrowing the REST return (56.616066ms)
  ✔ renders ticker change rate -0.46000000 without borrowing the REST return (58.771649ms)
  ✔ keeps closed status and tradability while hiding duplicate market copy and KRW conversion (63.554052ms)
  ✔ also hides the closed-status fallback with an older payload missing the reason (65.22298ms)
  ✔ preserves ASSET_INACTIVE warnings while the Korean market is closed (61.891607ms)
  ✔ preserves PRICE_UNAVAILABLE warnings while the Korean market is closed (53.92879ms)
  ✔ preserves PRICE_STALE warnings while the Korean market is closed (61.36904ms)
  ✔ preserves PROVIDER_UNAVAILABLE warnings while the Korean market is closed (66.95956ms)
  ✔ shows a technical stale ticker warning to admin only (69.840131ms)
  ✔ preserves USD asset conversion and unavailable conversion warnings for us_stock (51.829444ms)
  ✔ preserves USD asset conversion and unavailable conversion warnings for crypto (58.868699ms)
  ✔ uses the stock CLOSED market notice for US stock without a duplicate warning (58.391835ms)
  ✔ switches sides within Order without adding routes (48.221557ms)
✔ Order screen information and trading controls (1990.974649ms)
▶ sell order display without changing gates
  ✔ keeps quote and ratio controls gated on quantity 0 (60.335013ms)
  ✔ keeps quote and ratio controls gated on quantity 2 (63.224573ms)
  ✔ preserves account restrictions even when the position is empty (63.975159ms)
  ✔ preserves holdings errors and ratio blocking for isLoading (60.716379ms)
  ✔ preserves holdings errors and ratio blocking for isError (63.685156ms)
✔ sell order display without changing gates (312.180421ms)
(node:947533) [MODULE_TYPELESS_PACKAGE_JSON] Warning: Module type of file:///home/nayuta/projects/trading-app/frontend/src/features/asset/tradingUx.test.ts is not specified and it doesn't parse as CommonJS.
Reparsing as ES module because module syntax was detected. This incurs a performance overhead.
To eliminate this warning, add "type": "module" to /home/nayuta/projects/trading-app/frontend/package.json.
(Use `node --trace-warnings ...` to show where the warning was created)
▶ asset market state is separate from selected-account permission
  ✔ does not warn for a healthy asset (0.470702ms)
  ✔ ignores cached SEASON_NOT_ACTIVE in asset UX without granting account permission (1.03461ms)
  ✔ ignores cached SEASON_NOT_JOINED in asset UX without granting account permission (0.078588ms)
  ✔ ignores cached PARTICIPANT_EXCLUDED in asset UX without granting account permission (0.064055ms)
  ✔ ignores cached PARTICIPANT_NOT_ACTIVE in asset UX without granting account permission (0.051849ms)
  ✔ ignores cached TRADING_ACCOUNT_NOT_ACTIVE in asset UX without granting account permission (0.123872ms)
  ✔ preserves the actual asset restriction ASSET_INACTIVE (0.156254ms)
  ✔ preserves the actual asset restriction MARKET_CLOSED (0.084347ms)
  ✔ preserves the actual asset restriction PRICE_UNAVAILABLE (0.091899ms)
  ✔ preserves the actual asset restriction PRICE_STALE (0.098806ms)
  ✔ preserves the actual asset restriction UNKNOWN (0.049907ms)
  ✔ preserves the actual asset restriction PROVIDER_UNAVAILABLE (0.103579ms)
  ✔ keeps an unexplained asset restriction visible (0.101745ms)
✔ asset market state is separate from selected-account permission (3.312856ms)
(node:947542) [MODULE_TYPELESS_PACKAGE_JSON] Warning: Module type of file:///home/nayuta/projects/trading-app/frontend/src/features/asset/useAssetCandle.test.ts is not specified and it doesn't parse as CommonJS.
Reparsing as ES module because module syntax was detected. This incurs a performance overhead.
To eliminate this warning, add "type": "module" to /home/nayuta/projects/trading-app/frontend/package.json.
(Use `node --trace-warnings ...` to show where the warning was created)
react-test-renderer is deprecated. See https://react.dev/warnings/react-test-renderer
An update to Probe inside a test was not wrapped in act(...).

When testing, code that causes React state updates should be wrapped into act(...):

act(() => {
  /* fire events that update state */
});
/* assert on the output */

This ensures that you're testing the behavior the user would see in the browser. Learn more at https://react.dev/link/wrap-tests-with-act
An update to Probe inside a test was not wrapped in act(...).

When testing, code that causes React state updates should be wrapped into act(...):

act(() => {
  /* fire events that update state */
});
/* assert on the output */

This ensures that you're testing the behavior the user would see in the browser. Learn more at https://react.dev/link/wrap-tests-with-act
react-test-renderer is deprecated. See https://react.dev/warnings/react-test-renderer
▶ candle direct stale/resync runtime
  ✔ keeps valid receipt/source times and does not extend stale timers for diagnostic notifications (113.040526ms)
react-test-renderer is deprecated. See https://react.dev/warnings/react-test-renderer
  ✔ records candle_stale safe control cause and clears stale on valid snapshot (32.876427ms)
react-test-renderer is deprecated. See https://react.dev/warnings/react-test-renderer
  ✔ records subscription_error safe control cause and clears stale on valid snapshot (29.103305ms)
react-test-renderer is deprecated. See https://react.dev/warnings/react-test-renderer
  ✔ records resync_required safe control cause and clears stale on valid snapshot (18.702724ms)
react-test-renderer is deprecated. See https://react.dev/warnings/react-test-renderer
  ✔ distinguishes disconnect, reconnect, restored HTTP resync and auth failure (19.613023ms)
  ✔ keeps delayed freshness based on local receipt and 1d/1w HTTP-only (20.949693ms)
✔ candle direct stale/resync runtime (235.204954ms)
(node:947603) [MODULE_TYPELESS_PACKAGE_JSON] Warning: Module type of file:///home/nayuta/projects/trading-app/frontend/src/features/asset/useAssetOrderBook.test.ts is not specified and it doesn't parse as CommonJS.
Reparsing as ES module because module syntax was detected. This incurs a performance overhead.
To eliminate this warning, add "type": "module" to /home/nayuta/projects/trading-app/frontend/package.json.
(Use `node --trace-warnings ...` to show where the warning was created)
react-test-renderer is deprecated. See https://react.dev/warnings/react-test-renderer
react-test-renderer is deprecated. See https://react.dev/warnings/react-test-renderer
react-test-renderer is deprecated. See https://react.dev/warnings/react-test-renderer
react-test-renderer is deprecated. See https://react.dev/warnings/react-test-renderer
react-test-renderer is deprecated. See https://react.dev/warnings/react-test-renderer
react-test-renderer is deprecated. See https://react.dev/warnings/react-test-renderer
react-test-renderer is deprecated. See https://react.dev/warnings/react-test-renderer
react-test-renderer is deprecated. See https://react.dev/warnings/react-test-renderer
react-test-renderer is deprecated. See https://react.dev/warnings/react-test-renderer
react-test-renderer is deprecated. See https://react.dev/warnings/react-test-renderer
react-test-renderer is deprecated. See https://react.dev/warnings/react-test-renderer
react-test-renderer is deprecated. See https://react.dev/warnings/react-test-renderer
react-test-renderer is deprecated. See https://react.dev/warnings/react-test-renderer
react-test-renderer is deprecated. See https://react.dev/warnings/react-test-renderer
react-test-renderer is deprecated. See https://react.dev/warnings/react-test-renderer
react-test-renderer is deprecated. See https://react.dev/warnings/react-test-renderer
▶ useAssetOrderBook shared subscription and states
  ✔ loads, accepts 10+10 exact levels and releases only its own subscription (103.548034ms)
  ✔ starts the ten-second wait only on its ACK, ignores duplicate ACKs and invalid frames, then recovers (32.55861ms)
  ✔ cancels the first wait after a normal one-second delivery, including valid empty books (29.102234ms)
  ✔ uses local receipt freshness while preserving server ordering (capturedAt=1000) (23.588454ms)
  ✔ uses local receipt freshness while preserving server ordering (capturedAt=300000) (22.868517ms)
  ✔ cancels an empty-book wait during reconnect and starts a new window only on the restored ACK (24.272148ms)
  ✔ retains a received book across reconnect and shows stale rather than a new first-snapshot timeout (19.775411ms)
  ✔ isolates ACK deadlines on asset/URL changes, stops on blur/unmount and ignores released callbacks (23.668447ms)
  ✔ rechecks the ACK deadline on foreground return without waking the background app (14.420116ms)
  ✔ cancels the timeout for subscription/auth errors at 9000ms and preserves error priority (14.382181ms)
  ✔ cancels the timeout for subscription/auth errors at 10000ms and preserves error priority (14.475119ms)
  ✔ advances stale with the clock, rechecks foreground and clears it only on a valid fresh frame (14.181842ms)
  ✔ keeps the last book during reconnect and restores normal state after a fresh frame (17.298256ms)
  ✔ isolates assets synchronously on change, ignores old callbacks and releases on blur (12.277349ms)
  ✔ displays subscription/auth errors, ignores errors for other assets and accepts empty/partial books (12.403002ms)
✔ useAssetOrderBook shared subscription and states (380.227589ms)
▶ order book runtime distinguishes ACK and data receipt
  ✔ separates awaiting ACK, ACK-only timeout, accepted receipt, rejected receipt and stale (13.344673ms)
✔ order book runtime distinguishes ACK and data receipt (13.451309ms)
(node:947660) [MODULE_TYPELESS_PACKAGE_JSON] Warning: Module type of file:///home/nayuta/projects/trading-app/frontend/src/features/asset/useAssetTicker.test.ts is not specified and it doesn't parse as CommonJS.
Reparsing as ES module because module syntax was detected. This incurs a performance overhead.
To eliminate this warning, add "type": "module" to /home/nayuta/projects/trading-app/frontend/package.json.
(Use `node --trace-warnings ...` to show where the warning was created)
react-test-renderer is deprecated. See https://react.dev/warnings/react-test-renderer
react-test-renderer is deprecated. See https://react.dev/warnings/react-test-renderer
▶ ticker observed runtime
  ✔ separates actual socket state, ACK, freshness, policy rejection and last good receipt (103.144336ms)
  ✔ accepts server-unavailable and closed-market observations with the existing policy (32.950939ms)
✔ ticker observed runtime (136.856732ms)
(node:947705) [MODULE_TYPELESS_PACKAGE_JSON] Warning: Module type of file:///home/nayuta/projects/trading-app/frontend/src/features/auth/adminDiagnostics.test.ts is not specified and it doesn't parse as CommonJS.
Reparsing as ES module because module syntax was detected. This incurs a performance overhead.
To eliminate this warning, add "type": "module" to /home/nayuta/projects/trading-app/frontend/package.json.
(Use `node --trace-warnings ...` to show where the warning was created)
▶ admin inline diagnostics visibility
  ✔ shows only an admin diagnostic attached to an error (0.428871ms)
  ✔ extracts a valid diagnostic from the server error envelope (1.459771ms)
  ✔ rejects malformed or absent diagnostic objects (0.108459ms)
  ✔ keeps the inline panel collapsed, bounded on narrow layouts, and attached to error surfaces (0.48309ms)
✔ admin inline diagnostics visibility (3.086434ms)
(node:947713) [MODULE_TYPELESS_PACKAGE_JSON] Warning: Module type of file:///home/nayuta/projects/trading-app/frontend/src/features/auth/authLifecycle.test.ts is not specified and it doesn't parse as CommonJS.
Reparsing as ES module because module syntax was detected. This incurs a performance overhead.
To eliminate this warning, add "type": "module" to /home/nayuta/projects/trading-app/frontend/package.json.
(Use `node --trace-warnings ...` to show where the warning was created)
Session storage operation failed: install tokens. Persistence is not confirmed.
Session storage operation failed: install tokens. Persistence is not confirmed.
Session storage operation failed: read refresh token for logout. Persistence is not confirmed.
Session storage operation failed: remove tokens. Persistence is not confirmed.
▶ real login/signup screens and logout hook
  ✔ Login persists before me/account activation and enters mode selection (259.773207ms)
  ✔ Login save failure does not activate account queries or navigate (102.656451ms)
  ✔ Signup persists before me/account activation and enters mode selection (84.188686ms)
  ✔ Signup save failure does not activate account queries or navigate (91.939514ms)
  ✔ late login HTTP success cannot replace a newer completed login (88.036698ms)
  ✔ entry navigation cannot run after its delayed account read belongs to an old session (40.157226ms)
  ✔ useLogout handles failed token read and duplicate taps with one reset (16.921437ms)
✔ real login/signup screens and logout hook (684.402575ms)
▶ AppProviders expiry bridge with real session teardown
  ✔ pending storage cleanup cannot lose expiry or reset a new login (replace=false) (29.418065ms)
  ✔ pending storage cleanup cannot lose expiry or reset a new login (replace=true) (21.903817ms)
✔ AppProviders expiry bridge with real session teardown (51.574506ms)
✔ Splash restore cannot seed identity or navigate after B has logged in (78.289745ms)
▶ explicit authentication supersedes cold-start restoring requests
  ✔ Login survives old restoring /me 401 while auth HTTP is pending (58.626064ms)
  ✔ Login survives old restoring /me 200 while auth HTTP is pending (59.571146ms)
  ✔ Login HTTP failure never activates old restoring credentials (60.290741ms)
  ✔ Signup survives old restoring /me 401 while auth HTTP is pending (49.889098ms)
  ✔ Signup survives old restoring /me 200 while auth HTTP is pending (58.87753ms)
  ✔ Signup HTTP failure never activates old restoring credentials (56.345705ms)
✔ explicit authentication supersedes cold-start restoring requests (343.809136ms)
(node:947846) [MODULE_TYPELESS_PACKAGE_JSON] Warning: Module type of file:///home/nayuta/projects/trading-app/frontend/src/features/auth/entry.test.ts is not specified and it doesn't parse as CommonJS.
Reparsing as ES module because module syntax was detected. This incurs a performance overhead.
To eliminate this warning, add "type": "module" to /home/nayuta/projects/trading-app/frontend/package.json.
(Use `node --trace-warnings ...` to show where the warning was created)
▶ resolveAuthedEntryRoute — new login
  ✔ asks the mode question even when the user owns only a season account (0.436615ms)
  ✔ asks the mode question when the user owns only a general account (0.06206ms)
  ✔ asks the mode question when the user owns both kinds of account (0.044244ms)
  ✔ asks the mode question when the user owns nothing — the screen offers both starts (0.086106ms)
  ✔ is NOT skipped by a stored selection: a new login re-asks (0.129535ms)
  ✔ treats a missing list as "owns nothing" rather than throwing (0.090301ms)
✔ resolveAuthedEntryRoute — new login (1.412083ms)
▶ resolveAuthedEntryRoute — session restore
  ✔ keeps the stored account when it is still owned (0.16388ms)
  ✔ re-asks when nothing was stored — never "active season by default" (0.132378ms)
  ✔ re-asks when the stored account is no longer owned (0.12871ms)
  ✔ re-asks when the user owns nothing any more (0.182125ms)
✔ resolveAuthedEntryRoute — session restore (0.805443ms)
▶ loadEntryRoute
  ✔ reads the account list under the CURRENT USER key (0.611457ms)
  ✔ does not even READ the stored selection on a new login (0.126103ms)
  ✔ restores the stored account on a session restore (0.143522ms)
  ✔ sends a restore with a dropped selection to mode selection (0.182285ms)
  ✔ propagates a failure instead of reporting "no accounts" (0.366865ms)
✔ loadEntryRoute (1.554393ms)
(node:947855) [MODULE_TYPELESS_PACKAGE_JSON] Warning: Module type of file:///home/nayuta/projects/trading-app/frontend/src/features/auth/session.test.ts is not specified and it doesn't parse as CommonJS.
Reparsing as ES module because module syntax was detected. This incurs a performance overhead.
To eliminate this warning, add "type": "module" to /home/nayuta/projects/trading-app/frontend/package.json.
(Use `node --trace-warnings ...` to show where the warning was created)
▶ session boundary
  ▶ clearSessionCache (logout / expiry)
    ✔ removes EVERY cached entry, legacy financial keys included (0.583333ms)
    ✔ user B's first render cannot read user A's portfolio (0.164909ms)
    ✔ CLEARS rather than invalidates — an invalidated entry is still readable (0.08453ms)
  ✔ clearSessionCache (logout / expiry) (1.234743ms)
  ▶ seedSessionCache (login / signup)
    ✔ clears the previous user's cache BEFORE seeding the new one (0.2997ms)
    ✔ seeds `me` from the login response so the account list can load at once (0.252271ms)
    ✔ refetches the owned-account list for the new user (0.164501ms)
  ✔ seedSessionCache (login / signup) (0.854384ms)
  ▶ runSessionExpiryTeardown (expiry ordering)
    ✔ clears the query cache BEFORE resetting navigation (0.420162ms)
    ✔ clears the cache synchronously, before the first await can yield (5.453424ms)
    ✔ still reaches the login screen when storage teardown fails (0.39916ms)
  ✔ runSessionExpiryTeardown (expiry ordering) (6.466487ms)
✔ session boundary (8.896813ms)
(node:947864) [MODULE_TYPELESS_PACKAGE_JSON] Warning: Module type of file:///home/nayuta/projects/trading-app/frontend/src/features/auth/sessionLifecycle.test.ts is not specified and it doesn't parse as CommonJS.
Reparsing as ES module because module syntax was detected. This incurs a performance overhead.
To eliminate this warning, add "type": "module" to /home/nayuta/projects/trading-app/frontend/package.json.
(Use `node --trace-warnings ...` to show where the warning was created)
Session storage operation failed: read refresh token for logout. Persistence is not confirmed.
Session storage operation failed: remove tokens. Persistence is not confirmed.
Session storage operation failed: remove account selection. Persistence is not confirmed.
Session storage operation failed: remove tokens. Persistence is not confirmed.
Session storage operation failed: install tokens. Persistence is not confirmed.
Session storage operation failed: remove tokens. Persistence is not confirmed.
▶ actual Axios client and session ownership
  ✔ A refresh success after logout/B login cannot write, retry, expire or navigate (115.967124ms)
  ✔ A refresh failure after logout/B login cannot expire B (41.509536ms)
  ✔ late A original 200 cannot reach B cache or refresh (33.957651ms)
  ✔ late A original 401 cannot reach B cache or refresh (28.645615ms)
  ✔ six concurrent 401s refresh once and retry with current rotated credentials (24.942092ms)
  ✔ a late same-session 401 reuses a completed rotation (23.000594ms)
  ✔ B owns a separate refresh; late A completion cannot clear B single-flight (27.090803ms)
  ✔ A→B→A uses a new generation even for the same user id (21.539117ms)
  ✔ logout intent defeats refresh completion while its storage read is pending (28.397655ms)
  ✔ already-started A tokens.set cannot finish after B install (18.596668ms)
  ✔ already-started A tokens.remove cannot finish after B install (18.705086ms)
  ✔ new login discards expiry pending before handler registration (21.486317ms)
  ✔ mutation: removing generation comparison makes stale-success assertions fail (20.970308ms)
✔ actual Axios client and session ownership (426.030877ms)
▶ storage failures at real logout/expiry boundaries
  ✔ getRefreshToken failure cannot block invalidation, cache/storage cleanup or Login (18.121128ms)
  ✔ clearTokens failure completes logout but reports unconfirmed disk removal (25.44835ms)
  ✔ clearSelectedAccountId failure does not prevent Login (19.147222ms)
  ✔ cold-start dead-token burst + removal failure delivers expiry once and keeps selection (19.053394ms)
  ✔ accessToken read failure in a protected request expires once (19.734717ms)
  ✔ refreshToken read failure in a protected request expires once (19.643398ms)
  ✔ partial token save failure in login cannot install an authenticated cache (26.116837ms)
  ✔ partial token save failure in refresh cannot install an authenticated cache (20.201783ms)
  ✔ pending or failing server revoke does not delay local completion (16.046115ms)
  ✔ mutation: removing storage failure protection makes logout assertions fail (19.112965ms)
✔ storage failures at real logout/expiry boundaries (202.980997ms)
▶ ownership across pending native I/O and retry dispatch
  ✔ refresh already inside multiSet cannot overwrite or retry after B installs (15.177712ms)
  ✔ session switch during access-token read #1 blocks old dispatch (22.247096ms)
  ✔ session switch during access-token read #3 blocks old dispatch (15.913812ms)
  ✔ an old per-user selection removal finishes before a new login by that user (15.736364ms)
✔ ownership across pending native I/O and retry dispatch (69.252283ms)
▶ new session recovery after expiry/storage failures
  ✔ a failed cleanup does not poison storage or the next session expiry (15.082156ms)
  ✔ public login errors neither attach old credentials nor refresh/expire them (24.319783ms)
✔ new session recovery after expiry/storage failures (39.486008ms)
(node:947971) [MODULE_TYPELESS_PACKAGE_JSON] Warning: Module type of file:///home/nayuta/projects/trading-app/frontend/src/features/conditional/AttachedEntry.test.ts is not specified and it doesn't parse as CommonJS.
Reparsing as ES module because module syntax was detected. This incurs a performance overhead.
To eliminate this warning, add "type": "module" to /home/nayuta/projects/trading-app/frontend/package.json.
(Use `node --trace-warnings ...` to show where the warning was created)
react-test-renderer is deprecated. See https://react.dev/warnings/react-test-renderer
react-test-renderer is deprecated. See https://react.dev/warnings/react-test-renderer
✔ general BUY Limit attaches legs only to create; quote remains unchanged (392.315703ms)
react-test-renderer is deprecated. See https://react.dev/warnings/react-test-renderer
✔ season BUY Limit attaches legs only to create; quote remains unchanged (189.644605ms)
react-test-renderer is deprecated. See https://react.dev/warnings/react-test-renderer
✔ attached inputs are optional and never shown for Market or Sell (138.399971ms)
react-test-renderer is deprecated. See https://react.dev/warnings/react-test-renderer
✔ disabled Spot attachment blocks before-submit without hiding the editor (132.414567ms)
✔ disabled Spot attachment blocks quote-pending without hiding the editor (127.270004ms)
(node:948095) [MODULE_TYPELESS_PACKAGE_JSON] Warning: Module type of file:///home/nayuta/projects/trading-app/frontend/src/features/conditional/ProtectionPanel.test.ts is not specified and it doesn't parse as CommonJS.
Reparsing as ES module because module syntax was detected. This incurs a performance overhead.
To eliminate this warning, add "type": "module" to /home/nayuta/projects/trading-app/frontend/package.json.
(Use `node --trace-warnings ...` to show where the warning was created)
react-test-renderer is deprecated. See https://react.dev/warnings/react-test-renderer
react-test-renderer is deprecated. See https://react.dev/warnings/react-test-renderer
✔ spot stop_loss market uses scoped API and separates trigger/limit (231.072367ms)
react-test-renderer is deprecated. See https://react.dev/warnings/react-test-renderer
✔ spot stop_loss limit uses scoped API and separates trigger/limit (151.103917ms)
react-test-renderer is deprecated. See https://react.dev/warnings/react-test-renderer
✔ spot take_profit market uses scoped API and separates trigger/limit (121.087513ms)
react-test-renderer is deprecated. See https://react.dev/warnings/react-test-renderer
✔ spot take_profit limit uses scoped API and separates trigger/limit (138.813384ms)
react-test-renderer is deprecated. See https://react.dev/warnings/react-test-renderer
✔ futures stop_loss market uses scoped API and separates trigger/limit (108.51779ms)
react-test-renderer is deprecated. See https://react.dev/warnings/react-test-renderer
✔ futures stop_loss limit uses scoped API and separates trigger/limit (133.290854ms)
react-test-renderer is deprecated. See https://react.dev/warnings/react-test-renderer
✔ futures take_profit market uses scoped API and separates trigger/limit (102.947251ms)
react-test-renderer is deprecated. See https://react.dev/warnings/react-test-renderer
✔ futures take_profit limit uses scoped API and separates trigger/limit (125.480146ms)
react-test-renderer is deprecated. See https://react.dev/warnings/react-test-renderer
✔ OCO pending Limit retains sibling; cancel stays available in DISABLED (73.651138ms)
react-test-renderer is deprecated. See https://react.dev/warnings/react-test-renderer
✔ attached holding shows no pre-fill monitoring (44.069504ms)
react-test-renderer is deprecated. See https://react.dev/warnings/react-test-renderer
✔ spot disabled capability keeps UI and blocks even a retained submit callback (125.525108ms)
react-test-renderer is deprecated. See https://react.dev/warnings/react-test-renderer
✔ futures disabled capability keeps UI and blocks even a retained submit callback (125.3141ms)
react-test-renderer is deprecated. See https://react.dev/warnings/react-test-renderer
✔ disabled capability retains active protection and authorized cancellation (71.995138ms)
react-test-renderer is deprecated. See https://react.dev/warnings/react-test-renderer
✔ pending API data shows loading without mutation controls (71.373183ms)
react-test-renderer is deprecated. See https://react.dev/warnings/react-test-renderer
✔ ambiguous network retry preserves exact command and prevents duplicate clicks (178.495213ms)
react-test-renderer is deprecated. See https://react.dev/warnings/react-test-renderer
✔ account A→B→A suppresses old success and resets editor (178.826317ms)
react-test-renderer is deprecated. See https://react.dev/warnings/react-test-renderer
✔ logout/login suppresses old mutation result and invalidation (152.480411ms)
{"event":"trading_account_response_scope_mismatch","endpoint":"/trading-accounts/A/protections","expectedAccountId":"A","actualAccountId":"B"}
react-test-renderer is deprecated. See https://react.dev/warnings/react-test-renderer
✔ wrong account response is rejected; refresh error never shows old protection (76.765532ms)
react-test-renderer is deprecated. See https://react.dev/warnings/react-test-renderer
✔ invalid prices make no mutation (101.092728ms)
✔ flat position retains historical protection reads after feature disable (68.70175ms)
(node:948154) [MODULE_TYPELESS_PACKAGE_JSON] Warning: Module type of file:///home/nayuta/projects/trading-app/frontend/src/features/friends/friends.test.ts is not specified and it doesn't parse as CommonJS.
Reparsing as ES module because module syntax was detected. This incurs a performance overhead.
To eliminate this warning, add "type": "module" to /home/nayuta/projects/trading-app/frontend/package.json.
(Use `node --trace-warnings ...` to show where the warning was created)
▶ friends user flow
  ✔ searches the submitted nickname with its own key and server pagination (89.760236ms)
  ✔ shares trimmed keyboard/icon search, ignores blanks and hides only the search-before empty state (25.63128ms)
  ✔ sends requests, accepts/rejects incoming requests and disables pending requests (16.657487ms)
  ✔ opens a friend portfolio and removes only after the delete action (16.720982ms)
  ✔ uses separate incoming/list keys and distinguishes error from empty (13.797474ms)
✔ friends user flow (163.231631ms)
▶ friend API and targeted cache updates
  ✔ uses only v1-relative friend operations with no account or email payload (2.906895ms)
  ✔ revokes cached portfolio and friend ranking without clearing other accounts/rankings (3.598505ms)
✔ friend API and targeted cache updates (6.677624ms)
▶ overall menu and server privacy setting
  ✔ routes to MY, friends, records, notices and settings (3.739893ms)
  ✔ renders the persisted Boolean and updates /me cache before PATCH resolves (31.075018ms)
✔ overall menu and server privacy setting (34.960019ms)
(node:948169) [MODULE_TYPELESS_PACKAGE_JSON] Warning: Module type of file:///home/nayuta/projects/trading-app/frontend/src/features/futures/pendingPagination.test.ts is not specified and it doesn't parse as CommonJS.
Reparsing as ES module because module syntax was detected. This incurs a performance overhead.
To eliminate this warning, add "type": "module" to /home/nayuta/projects/trading-app/frontend/package.json.
(Use `node --trace-warnings ...` to show where the warning was created)
{"event":"trading_account_response_scope_mismatch","endpoint":"/trading-accounts/A/futures/limit-orders?limit=100&offset=100","expectedAccountId":"A","actualAccountId":"B"}
{"event":"trading_account_response_scope_mismatch","endpoint":"/trading-accounts/A/protections","expectedAccountId":"A","actualAccountId":"B"}
✔ futures malformed nextOffset undefined rejects after one page (50.602886ms)
✔ futures malformed nextOffset 0 rejects after one page (13.132117ms)
✔ futures malformed nextOffset -1 rejects after one page (9.017672ms)
✔ futures malformed nextOffset 0.5 rejects after one page (6.447979ms)
✔ futures malformed nextOffset 100001 rejects after one page (4.616297ms)
✔ futures malformed nextOffset 100 rejects after one page (6.947593ms)
✔ futures accumulates pages and verifies account scope on every page (11.266272ms)
✔ protections malformed nextOffset undefined rejects after one page (5.194484ms)
✔ protections malformed nextOffset 0 rejects after one page (4.382259ms)
✔ protections malformed nextOffset -1 rejects after one page (3.300351ms)
✔ protections malformed nextOffset 0.5 rejects after one page (4.607879ms)
✔ protections malformed nextOffset 100001 rejects after one page (2.951415ms)
✔ protections malformed nextOffset 100 rejects after one page (4.191517ms)
✔ protections accumulates pages and verifies account scope on every page (8.255517ms)
(node:948178) [MODULE_TYPELESS_PACKAGE_JSON] Warning: Module type of file:///home/nayuta/projects/trading-app/frontend/src/features/futures/policy.test.ts is not specified and it doesn't parse as CommonJS.
Reparsing as ES module because module syntax was detected. This incurs a performance overhead.
To eliminate this warning, add "type": "module" to /home/nayuta/projects/trading-app/frontend/package.json.
(Use `node --trace-warnings ...` to show where the warning was created)
✔ Futures Last reference needs a receipt within 10s and a trade within 60s (1.170168ms)
✔ records show the basis they were executed on (0.107615ms)
(node:948186) [MODULE_TYPELESS_PACKAGE_JSON] Warning: Module type of file:///home/nayuta/projects/trading-app/frontend/src/features/futures/positionDisplay.test.ts is not specified and it doesn't parse as CommonJS.
Reparsing as ES module because module syntax was detected. This incurs a performance overhead.
To eliminate this warning, add "type": "module" to /home/nayuta/projects/trading-app/frontend/package.json.
(Use `node --trace-warnings ...` to show where the warning was created)
✔ formats full Decimal money with unit-consistent signs without float loss (0.65868ms)
✔ long/cross only displays the canonical projection with fresh Mark evidence (0.767387ms)
✔ long/isolated only displays the canonical projection with fresh Mark evidence (0.67526ms)
✔ short/cross only displays the canonical projection with fresh Mark evidence (0.178394ms)
✔ short/isolated only displays the canonical projection with fresh Mark evidence (0.147374ms)
(node:948193) [MODULE_TYPELESS_PACKAGE_JSON] Warning: Module type of file:///home/nayuta/projects/trading-app/frontend/src/features/market/marketPresentation.test.ts is not specified and it doesn't parse as CommonJS.
Reparsing as ES module because module syntax was detected. This incurs a performance overhead.
To eliminate this warning, add "type": "module" to /home/nayuta/projects/trading-app/frontend/package.json.
(Use `node --trace-warnings ...` to show where the warning was created)
✔ closed rows retain the canonical price/change; zero and unavailable remain different (1.068894ms)
✔ routine open/closed copy is absent while actionable exceptions remain (0.271859ms)
✔ market header uses authoritative consensus, crypto never inherits a stock session (0.216032ms)
✔ session header follows accepted ticker transitions, and rejects a legacy overlay on a closed snapshot (0.138581ms)
(node:948201) [MODULE_TYPELESS_PACKAGE_JSON] Warning: Module type of file:///home/nayuta/projects/trading-app/frontend/src/features/market/marketRefresh.test.ts is not specified and it doesn't parse as CommonJS.
Reparsing as ES module because module syntax was detected. This incurs a performance overhead.
To eliminate this warning, add "type": "module" to /home/nayuta/projects/trading-app/frontend/package.json.
(Use `node --trace-warnings ...` to show where the warning was created)
react-test-renderer is deprecated. See https://react.dev/warnings/react-test-renderer
react-test-renderer is deprecated. See https://react.dev/warnings/react-test-renderer
✔ MarketScreen refreshes the first page and carries the new token through real infinite Query (235.071178ms)
react-test-renderer is deprecated. See https://react.dev/warnings/react-test-renderer
✔ MarketSearchScreen refreshes the first page and carries the new token through real infinite Query (143.142421ms)
✔ serializes an explicit fresh request through the existing Assets API (6.520831ms)
✔ Market consumes repeated Home category intents and preserves subsequent manual tab choices (41.244392ms)
(node:948214) [MODULE_TYPELESS_PACKAGE_JSON] Warning: Module type of file:///home/nayuta/projects/trading-app/frontend/src/features/market/marketSort.test.ts is not specified and it doesn't parse as CommonJS.
Reparsing as ES module because module syntax was detected. This incurs a performance overhead.
To eliminate this warning, add "type": "module" to /home/nayuta/projects/trading-app/frontend/package.json.
(Use `node --trace-warnings ...` to show where the warning was created)
react-test-renderer is deprecated. See https://react.dev/warnings/react-test-renderer
✔ isolates every market/search sort query and carries the server snapshot across pages (0.862084ms)
✔ serializes sort and continuation without reordering returned rows (43.18968ms)
✔ offers two criteria and separate neutral ASC/DESC controls, preserving direction (68.185385ms)
(node:948233) [MODULE_TYPELESS_PACKAGE_JSON] Warning: Module type of file:///home/nayuta/projects/trading-app/frontend/src/features/market/marketTickerStore.test.ts is not specified and it doesn't parse as CommonJS.
Reparsing as ES module because module syntax was detected. This incurs a performance overhead.
To eliminate this warning, add "type": "module" to /home/nayuta/projects/trading-app/frontend/package.json.
(Use `node --trace-warnings ...` to show where the warning was created)
▶ MarketTickerStore
  ✔ subscribes the loaded rows on ONE shared socket (5.111055ms)
  ✔ subscribes only the NEW ids when another page loads (1.353724ms)
  ✔ unsubscribes the previous tab rows when the tab changes (1.055356ms)
  ✔ releases every subscription on dispose but leaves the shared socket to other screens (1.329988ms)
  ✔ routes a ticker to its own asset only (1.105173ms)
  ✔ keeps other rows referentially untouched when one asset ticks (1.965929ms)
  ✔ ignores a duplicate snapshot id and an older timestamp (2.143476ms)
  ✔ does not let a timestamp-less priced event overwrite the latest price (1.674008ms)
  ✔ keeps the last good price while reconnecting and raises one banner (3.3511ms)
  ✔ flags a stale asset without dropping its price (1.703688ms)
  ✔ marks rows stale by time passing when the feed goes quiet (1.800635ms)
  ✔ records a subscription error for the row it belongs to (1.842238ms)
✔ MarketTickerStore (25.307848ms)
✔ preserves transport and subscription error evidence independently of the most recent ticker row (1.581882ms)
(node:948241) [MODULE_TYPELESS_PACKAGE_JSON] Warning: Module type of file:///home/nayuta/projects/trading-app/frontend/src/features/market/mergeMarketAssetTicker.test.ts is not specified and it doesn't parse as CommonJS.
Reparsing as ES module because module syntax was detected. This incurs a performance overhead.
To eliminate this warning, add "type": "module" to /home/nayuta/projects/trading-app/frontend/package.json.
(Use `node --trace-warnings ...` to show where the warning was created)
▶ mergeMarketAssetTicker
  ✔ clears the old daily return when the new daily baseline is unavailable (0.534838ms)
  ✔ uses the ticker price when the ticker is newer than REST (0.12276ms)
  ✔ keeps the REST price when it is newer than the ticker (0.146057ms)
  ✔ returns the REST row untouched when there is no ticker (0.138216ms)
  ✔ never combines a new local price with the previous KRW value (0.068948ms)
  ✔ shows the server-computed realtime KRW when FX is available (0.108086ms)
  ✔ ignores a price-less unavailable ticker so the REST price stays visible (0.059361ms)
  ✔ overlays a stale ticker but leaves staleness signalling to the caller (0.149677ms)
✔ mergeMarketAssetTicker (1.943082ms)
▶ mergeMarketAssetTicker displayPriceDecimals
  ✔ applies the ticker-declared decimals to the row (0.22775ms)
  ✔ keeps the REST decimals when the ticker declares none (0.162102ms)
✔ mergeMarketAssetTicker displayPriceDecimals (0.54978ms)
▶ market row inputs (props passed to MarketAssetRow)
  ✔ changes only the ticking asset's ticker prop identity (0.188484ms)
  ✔ merges inside the row without mutating the REST baseline (0.141847ms)
✔ market row inputs (props passed to MarketAssetRow) (0.39855ms)
▶ mergeMarketAssetTickers
  ✔ returns identical row objects for assets without a ticker (0.161534ms)
  ✔ returns the original list when nothing is subscribed yet (0.108301ms)
✔ mergeMarketAssetTickers (0.399889ms)
▶ closed stock display
  ✔ shows live in open, then the same close price separately from the trade restriction (0.116248ms)
  ✔ clears the price for a server-confirmed closed unavailable snapshot (0.037714ms)
  ✔ does not overlay an unqualified ticker onto a closed REST baseline (0.025032ms)
✔ closed stock display (0.283512ms)
(node:948249) [MODULE_TYPELESS_PACKAGE_JSON] Warning: Module type of file:///home/nayuta/projects/trading-app/frontend/src/features/me/api.test.ts is not specified and it doesn't parse as CommonJS.
Reparsing as ES module because module syntax was detected. This incurs a performance overhead.
To eliminate this warning, add "type": "module" to /home/nayuta/projects/trading-app/frontend/package.json.
(Use `node --trace-warnings ...` to show where the warning was created)
▶ profile image multipart API
  ✔ uses the native URI descriptor with current authenticated API client (49.791133ms)
  ✔ uses a Web JPEG Blob and lets the browser generate the multipart boundary (14.816599ms)
  ✔ rejects oversized normalized output before requesting an upload (10.6318ms)
  ✔ does not submit a prepared blob under a newer login session (7.313184ms)
✔ profile image multipart API (83.671537ms)
(node:948260) [MODULE_TYPELESS_PACKAGE_JSON] Warning: Module type of file:///home/nayuta/projects/trading-app/frontend/src/features/me/profileImage.test.ts is not specified and it doesn't parse as CommonJS.
Reparsing as ES module because module syntax was detected. This incurs a performance overhead.
To eliminate this warning, add "type": "module" to /home/nayuta/projects/trading-app/frontend/package.json.
(Use `node --trace-warnings ...` to show where the warning was created)
▶ gallery profile image pipeline
  ✔ requests iOS photo access, uses one square edit, normalizes JPEG and releases decoded memory (43.163909ms)
  ✔ supports limited access, while denial avoids opening the picker (24.366404ms)
  ✔ uses Android/Web pickers without a broad native permission request (13.942917ms)
  ✔ cancels without decoding or changing an image (4.123318ms)
  ✔ uses oriented decoded dimensions rather than incorrect picker dimensions (5.407014ms)
  ✔ re-encodes small square inputs without upscaling (4.621289ms)
  ✔ rejects huge files/dimensions before decoding and bounds decoded output too (14.110405ms)
  ✔ turns manipulation failure into a safe error and releases context (4.830315ms)
✔ gallery profile image pipeline (115.318446ms)
(node:948269) [MODULE_TYPELESS_PACKAGE_JSON] Warning: Module type of file:///home/nayuta/projects/trading-app/frontend/src/features/me/profileImageCache.test.ts is not specified and it doesn't parse as CommonJS.
Reparsing as ES module because module syntax was detected. This incurs a performance overhead.
To eliminate this warning, add "type": "module" to /home/nayuta/projects/trading-app/frontend/package.json.
(Use `node --trace-warnings ...` to show where the warning was created)
▶ profile image cache propagation
  ✔ updates shared /me immediately and invalidates only avatar-bearing self-dependent queries (2.205451ms)
  ✔ preserves concurrent nickname and privacy changes (0.647594ms)
  ✔ never repopulates a missing/different user or the same user in a newer session (0.430501ms)
✔ profile image cache propagation (3.966861ms)
(node:948282) [MODULE_TYPELESS_PACKAGE_JSON] Warning: Module type of file:///home/nayuta/projects/trading-app/frontend/src/features/order/limitOrder.test.ts is not specified and it doesn't parse as CommonJS.
Reparsing as ES module because module syntax was detected. This incurs a performance overhead.
To eliminate this warning, add "type": "module" to /home/nayuta/projects/trading-app/frontend/package.json.
(Use `node --trace-warnings ...` to show where the warning was created)
✔ isOrderSuccess accepts submitted limit registrations and executed market orders (0.590547ms)
✔ isSubmittedLimitOrder identifies only submitted registrations (0.074625ms)
✔ order quote expiration stays active independently of the visible timestamp (0.216933ms)
✔ order quote display timestamps use KST without changing expiry calculation (0.441126ms)
✔ getOrderSuccessDisplay surfaces reservation fields for submitted limit orders (0.411939ms)
✔ getOrderSuccessDisplay never shows execution amounts for an unfilled limit order (0.162691ms)
✔ a stale server fill amount cannot leak into a submitted limit display (0.095329ms)
✔ executed market orders keep their real execution amounts (0.169417ms)
✔ order asset labels keep non-numeric symbols (0.185998ms)
✔ limit quote estimates come from the pinned quote basis and are labeled as estimates (0.271538ms)
✔ limit quote estimates are absent for a market quote (0.166729ms)
✔ submitted limit success retains its quote snapshot until the sheet closes (0.531507ms)
✔ hasNoExecutionResult covers submitted AND canceled limit rows (0.088688ms)
✔ open limit detection covers submitted buys and sells only (0.093411ms)
✔ order status labels cover 미체결/체결/취소 and pass through unknowns (0.122428ms)
✔ wallet mappers prefer server availableAmount and fall back for legacy payloads (0.188119ms)
✔ new limit-order error codes map to dedicated user messages by CODE (0.260355ms)
✔ success copy follows the server execution policy without promising exchange liquidity (0.168036ms)
✔ submitted limit sell displays reserved quantity and expected proceeds (0.51936ms)
✔ submitted-limit polling requires foreground, focus, and an open order (0.137338ms)
✔ existing market error semantics stay intact (0.097096ms)
✔ limit success copy is server-driven: reservation-only vs scheduler auto-execution (0.078041ms)
(node:948290) [MODULE_TYPELESS_PACKAGE_JSON] Warning: Module type of file:///home/nayuta/projects/trading-app/frontend/src/features/order/marketExecution.test.ts is not specified and it doesn't parse as CommonJS.
Reparsing as ES module because module syntax was detected. This incurs a performance overhead.
To eliminate this warning, add "type": "module" to /home/nayuta/projects/trading-app/frontend/package.json.
(Use `node --trace-warnings ...` to show where the warning was created)
▶ one-shot market result disclosure
  ✔ renders actual quantity/amount/VWAP while keeping requested/canceled quantities separate (1.316181ms)
  ✔ uses principal intent for amount BUY instead of a canceled quantity (0.187658ms)
  ✔ maps account/history rows using the same authoritative result and never polls the remainder (0.235902ms)
  ✔ discloses positive sub-cent unused principal without rounding it to zero (0.130472ms)
  ✔ preserves legacy full-fill and limit labels (0.09355ms)
✔ one-shot market result disclosure (2.576708ms)
(node:948299) [MODULE_TYPELESS_PACKAGE_JSON] Warning: Module type of file:///home/nayuta/projects/trading-app/frontend/src/features/order/orderDisplayContract.test.ts is not specified and it doesn't parse as CommonJS.
Reparsing as ES module because module syntax was detected. This incurs a performance overhead.
To eliminate this warning, add "type": "module" to /home/nayuta/projects/trading-app/frontend/package.json.
(Use `node --trace-warnings ...` to show where the warning was created)
▶ order completion display contract
  ✔ history stays conditional and secondary; home remains primary and asset return remains neutral (103.018221ms)
  ✔ hides identifiers, net amount, submission time and FX execution details (0.174838ms)
  ✔ retains market-fill and limit-registration facts (0.150149ms)
✔ order completion display contract (103.974317ms)
▶ order quote display and safety contract
  ✔ hides quote identifiers, position deltas, tolerance and expiry timestamp (0.286555ms)
  ✔ keeps quote execution, expiry, requote and idempotency guards (0.360632ms)
  ✔ leaves order and FX raw input state unformatted while typing (0.287262ms)
✔ order quote display and safety contract (1.09699ms)
(node:948308) [MODULE_TYPELESS_PACKAGE_JSON] Warning: Module type of file:///home/nayuta/projects/trading-app/frontend/src/features/position/assetDisplay.test.ts is not specified and it doesn't parse as CommonJS.
Reparsing as ES module because module syntax was detected. This incurs a performance overhead.
To eliminate this warning, add "type": "module" to /home/nayuta/projects/trading-app/frontend/package.json.
(Use `node --trace-warnings ...` to show where the warning was created)
▶ Home/Wallet holding value and unrealized return
  ✔ uses the complete local valuation and canonical return, regardless of quantity/cost/price (1.324451ms)
  ✔ us_stock follows the valuation currency instead of guessing from asset type (0.184349ms)
  ✔ crypto follows the valuation currency instead of guessing from asset type (0.130933ms)
  ✔ domestic_stock follows the valuation currency instead of guessing from asset type (0.164822ms)
  ✔ keeps genuine zero neutral and missing/invalid valuation values unknown (0.723558ms)
  ✔ shows stale values with a notice; unavailable hides all valuation values and raw errors (0.312411ms)
  ✔ domestic_stock preserves quantity 10.000000 without changing raw position facts (0.190947ms)
  ✔ domestic_stock preserves quantity 0.125000 without changing raw position facts (0.199773ms)
  ✔ domestic_stock preserves quantity 0.00080500 without changing raw position facts (0.194493ms)
  ✔ domestic_stock preserves quantity 0.12345678 without changing raw position facts (0.231146ms)
  ✔ domestic_stock preserves quantity 12345678901234567890.1234567 without changing raw position facts (0.101777ms)
  ✔ us_stock preserves quantity 10.000000 without changing raw position facts (0.108611ms)
  ✔ us_stock preserves quantity 0.125000 without changing raw position facts (0.132122ms)
  ✔ us_stock preserves quantity 0.00080500 without changing raw position facts (0.137274ms)
  ✔ us_stock preserves quantity 0.12345678 without changing raw position facts (0.164448ms)
  ✔ us_stock preserves quantity 12345678901234567890.1234567 without changing raw position facts (0.371172ms)
  ✔ crypto preserves quantity 10.000000 without changing raw position facts (0.217596ms)
  ✔ crypto preserves quantity 0.125000 without changing raw position facts (0.140573ms)
  ✔ crypto preserves quantity 0.00080500 without changing raw position facts (0.062457ms)
  ✔ crypto preserves quantity 0.12345678 without changing raw position facts (0.035968ms)
  ✔ crypto preserves quantity 12345678901234567890.1234567 without changing raw position facts (0.030173ms)
  ✔ available does not turn malformed quantities into valid holdings (0.270167ms)
  ✔ stale_cache does not turn malformed quantities into valid holdings (0.128255ms)
  ✔ unavailable does not turn malformed quantities into valid holdings (0.134103ms)
✔ Home/Wallet holding value and unrealized return (6.659379ms)
(node:948316) [MODULE_TYPELESS_PACKAGE_JSON] Warning: Module type of file:///home/nayuta/projects/trading-app/frontend/src/features/position/display.test.ts is not specified and it doesn't parse as CommonJS.
Reparsing as ES module because module syntax was detected. This incurs a performance overhead.
To eliminate this warning, add "type": "module" to /home/nayuta/projects/trading-app/frontend/package.json.
(Use `node --trace-warnings ...` to show where the warning was created)
▶ account-scoped position display
  ✔ shows available valuation and preserves known holding facts (0.98192ms)
  ✔ shows cached values with an explicit stale notice (0.129027ms)
  ✔ keeps the row while hiding every price-derived value when unavailable (0.148059ms)
✔ account-scoped position display (1.777745ms)
(node:948324) [MODULE_TYPELESS_PACKAGE_JSON] Warning: Module type of file:///home/nayuta/projects/trading-app/frontend/src/features/quest/questProgress.test.ts is not specified and it doesn't parse as CommonJS.
Reparsing as ES module because module syntax was detected. This incurs a performance overhead.
To eliminate this warning, add "type": "module" to /home/nayuta/projects/trading-app/frontend/package.json.
(Use `node --trace-warnings ...` to show where the warning was created)
{"event":"trading_account_response_scope_mismatch","endpoint":"GET /trading-accounts/:accountId/quests","expectedAccountId":"beginner-1","actualAccountId":"beginner-other"}
▶ QUEST 01 progress contract
  ✔ maps 0/2, 1/2 and 2/2 strictly from server-proven steps (0.822067ms)
  ✔ ignores quests this client does not know yet (0.079712ms)
  ✔ never trusts another account, a missing quest or a malformed shape (0.400167ms)
  ✔ rejects completion that the steps do not prove (0.226475ms)
  ✔ labels unknown progress as unknown, never as done or not started (0.268378ms)
  ✔ keeps teaching copy free of invented rates, fees, rewards or unlocks (0.307763ms)
✔ QUEST 01 progress contract (2.722883ms)
▶ QUEST 01 API and query scope
  ✔ reads the account-scoped route and binds the answer to that account (86.00415ms)
  ✔ keys progress by account and refreshes it on focus only for a beginner account (10.148375ms)
✔ QUEST 01 API and query scope (96.350198ms)
(node:948333) [MODULE_TYPELESS_PACKAGE_JSON] Warning: Module type of file:///home/nayuta/projects/trading-app/frontend/src/features/ranking/ranking.test.ts is not specified and it doesn't parse as CommonJS.
Reparsing as ES module because module syntax was detected. This incurs a performance overhead.
To eliminate this warning, add "type": "module" to /home/nayuta/projects/trading-app/frontend/package.json.
(Use `node --trace-warnings ...` to show where the warning was created)
props.pointerEvents is deprecated. Use style.pointerEvents
Received `false` for a non-boolean attribute `accessible`.

If you want to write it to the DOM, pass a string instead: accessible="false" or accessible={value.toString()}.

If you used to conditionally omit it with accessible={condition && value}, pass accessible={condition ? value : undefined} instead.
"textShadow*" style props are deprecated. Use "textShadow".
▶ ranking wire response rendering
  ✔ renders real flat ranking rows and available myRanking (257.190466ms)
  ✔ opens the existing summary with userId from both podium and list presses (16.448878ms)
  ✔ renders several users with unique participant keys, including overlapping pages (12.576884ms)
  ✔ preserves zero-row and snapshot-waiting states (6.886765ms)
  ✔ keeps the join guide and navigation for non-participants (13.442011ms)
  ✔ keeps joining accessible when the leaderboard is empty or not generated yet (7.665335ms)
  ✔ keeps public rows visible while myRanking is unavailable or hidden (21.459623ms)
  ✔ shows ErrorState and retries both queries on request failure (6.095824ms)
  ✔ keeps the existing loading and missing/current-season error states (8.08535ms)
  ✔ renders final tiers without requiring provisional tiers or a tier alias (9.65066ms)
  ✔ renders long nicknames and financial text without a line truncation limit (8.037203ms)
✔ ranking wire response rendering (368.600396ms)
▶ ranking API and query contract
  ✔ all keeps the canonical TOP3 independently of the scoped list (15.597269ms)
  ✔ friends keeps the canonical TOP3 independently of the scoped list (15.51158ms)
  ✔ top10 keeps the canonical TOP3 independently of the scoped list (12.821783ms)
  ✔ requests the settled season final publication explicitly (7.326842ms)
  ✔ returns the wire payload directly and preserves default scope limits (0.522466ms)
  ✔ pins subsequent pages to server pagination and snapshot metadata (7.07797ms)
  ✔ retains daily polling and disables it for final or settled rankings (6.696686ms)
  ✔ passes API failures to React Query without inventing an empty response (0.650411ms)
✔ ranking API and query contract (66.506515ms)
▶ existing user season summary
  ✔ renders nested summary user and requests the selected user endpoint (52.457238ms)
  ✔ handles a null current season without a render exception (5.896886ms)
  ✔ recognizes the backend USER_NOT_FOUND response and generic request errors (5.404765ms)
✔ existing user season summary (63.903627ms)
▶ other ranking consumers
  ✔ my/MyScreen preserves available/final/absent rank display and selected season requests (49.155769ms)
  ✔ my/MyScreen still surfaces ranking integrity errors (4.866317ms)
  ✔ my/MyScreen does not crash on an ordinary ranking request failure (3.834418ms)
  ✔ home/HomeScreen preserves available/final/absent rank display and selected season requests (139.034271ms)
  ✔ home/HomeScreen still surfaces ranking integrity errors (12.013941ms)
  ✔ home/HomeScreen does not crash on an ordinary ranking request failure (10.765078ms)
  ✔ MyScreen keeps ranking disabled for a general account (4.136257ms)
✔ other ranking consumers (224.039768ms)
▶ friend portfolio access rendering
  ✔ keeps competition info but never renders cached private holdings (7.208977ms)
  ✔ shows persisted history and holdings, and suppresses them during permission refresh (11.282982ms)
✔ friend portfolio access rendering (18.552348ms)
✔ friend ranking empty state keeps the tabs and opens friend discovery (5.541267ms)
(node:948362) [MODULE_TYPELESS_PACKAGE_JSON] Warning: Module type of file:///home/nayuta/projects/trading-app/frontend/src/features/ranking/rankingPublication.test.ts is not specified and it doesn't parse as CommonJS.
Reparsing as ES module because module syntax was detected. This incurs a performance overhead.
To eliminate this warning, add "type": "module" to /home/nayuta/projects/trading-app/frontend/package.json.
(Use `node --trace-warnings ...` to show where the warning was created)
react-test-renderer is deprecated. See https://react.dev/warnings/react-test-renderer
react-test-renderer is deprecated. See https://react.dev/warnings/react-test-renderer
✔ tab changes preserve global TOP3 and refresh adopts one new publication for both queries (319.907923ms)
react-test-renderer is deprecated. See https://react.dev/warnings/react-test-renderer
✔ a publication race recovers by refetching canonical TOP3 before the scoped list (111.704121ms)
react-test-renderer is deprecated. See https://react.dev/warnings/react-test-renderer
✔ active: secondary tab state preserves canonical TOP3 and scoped publication (221.761268ms)
✔ settled: secondary tab state preserves canonical TOP3 and scoped publication (219.560657ms)
(node:948382) [MODULE_TYPELESS_PACKAGE_JSON] Warning: Module type of file:///home/nayuta/projects/trading-app/frontend/src/features/record/accountOrders.test.ts is not specified and it doesn't parse as CommonJS.
Reparsing as ES module because module syntax was detected. This incurs a performance overhead.
To eliminate this warning, add "type": "module" to /home/nayuta/projects/trading-app/frontend/package.json.
(Use `node --trace-warnings ...` to show where the warning was created)
▶ account-scoped order rows adapt to the record row shape
  ✔ flattens the nested asset so the name is not lost (0.492797ms)
  ✔ keeps the reservation fields an unfilled limit order is allowed to show (0.075588ms)
  ✔ is recognised by the open-limit-buy predicate the polling depends on (0.055012ms)
  ✔ handles a filled market row (0.094568ms)
  ✔ keeps a submitted limit-sell reservation open for polling and cancel (0.101252ms)
  ✔ falls back to flat fields when the asset is absent (0.112188ms)
  ✔ maps a whole page and tolerates an empty one (0.458907ms)
✔ account-scoped order rows adapt to the record row shape (1.993113ms)
▶ complete account pending order read
  ✔ uses status filter and nextOffset, including both sides across pages (0.70642ms)
  ✔ does not publish a partial list when a later page fails or shifts (0.683155ms)
✔ complete account pending order read (1.603122ms)
(node:948397) [MODULE_TYPELESS_PACKAGE_JSON] Warning: Module type of file:///home/nayuta/projects/trading-app/frontend/src/features/record/queryCache.test.ts is not specified and it doesn't parse as CommonJS.
Reparsing as ES module because module syntax was detected. This incurs a performance overhead.
To eliminate this warning, add "type": "module" to /home/nayuta/projects/trading-app/frontend/package.json.
(Use `node --trace-warnings ...` to show where the warning was created)
▶ record/MY real query cache regression
  ✔ reproduces both failures when a page and InfiniteData deliberately share a key (2.553574ms)
  ✔ keeps both shapes through my → record and 20 repeated visits (164.444902ms)
  ✔ keeps both shapes through record → my and 20 repeated visits (55.6781ms)
  ✔ opens MY directly and displays the server total (0) (36.999335ms)
  ✔ opens MY directly and displays the server total (3) (29.474022ms)
  ✔ opens MY directly and displays the server total (23) (32.722392ms)
  ✔ keeps cached shapes through home → market → ranking → record → MY → home (36.300086ms)
  ✔ leaves ordinary server/query failures in each screen ErrorState (35.324583ms)
  ✔ mutation invalidation and session clear still cover both record shapes (21.303658ms)
✔ record/MY real query cache regression (415.759282ms)
(node:948413) [MODULE_TYPELESS_PACKAGE_JSON] Warning: Module type of file:///home/nayuta/projects/trading-app/frontend/src/features/record/seasonAccountLookup.test.ts is not specified and it doesn't parse as CommonJS.
Reparsing as ES module because module syntax was detected. This incurs a performance overhead.
To eliminate this warning, add "type": "module" to /home/nayuta/projects/trading-app/frontend/package.json.
(Use `node --trace-warnings ...` to show where the warning was created)
▶ season account lookup for the record order list
  ✔ is loading while the account list is loading (0.585877ms)
  ✔ reports an account LIST failure separately from a missing account (0.103994ms)
  ✔ reports a genuinely missing season account when the list loaded fine (0.135281ms)
  ✔ resolves the account for the season the screen is about (0.1455ms)
  ✔ never matches a general account to a season (0.136191ms)
  ✔ prefers the cached list over a failed background refetch (0.130129ms)
  ✔ never enables the orders query with an empty account id (0.106993ms)
✔ season account lookup for the record order list (2.583296ms)
▶ general account lookup for the record order list
  ✔ pins the directly named owned general account (0.245467ms)
  ✔ does not fall back to another general or season account (0.142319ms)
  ✔ keeps the existing season lookup when the route names a season (3.638416ms)
✔ general account lookup for the record order list (4.318957ms)
▶ explicit season account entry from home
  ✔ keeps owned active season account reads available by accountId (0.149731ms)
  ✔ keeps owned closed season account reads available by accountId (0.192093ms)
  ✔ keeps owned suspended season account reads available by accountId (0.147235ms)
✔ explicit season account entry from home (0.599309ms)
(node:948420) [MODULE_TYPELESS_PACKAGE_JSON] Warning: Module type of file:///home/nayuta/projects/trading-app/frontend/src/features/tradingAccount/TradingAccountContext.test.ts is not specified and it doesn't parse as CommonJS.
Reparsing as ES module because module syntax was detected. This incurs a performance overhead.
To eliminate this warning, add "type": "module" to /home/nayuta/projects/trading-app/frontend/package.json.
(Use `node --trace-warnings ...` to show where the warning was created)
✔ stays loading until the stored account choice has resolved (63.417621ms)
✔ updates selected-account CTA capability at start and end without a network response (18.351525ms)
✔ applies refreshed participant exclusion while keeping the same account and history (12.228355ms)
✔ hides cached beginner accounts unless the server explicitly enables development entry (19.87547ms)
(node:948430) [MODULE_TYPELESS_PACKAGE_JSON] Warning: Module type of file:///home/nayuta/projects/trading-app/frontend/src/features/tradingAccount/accountBinding.test.ts is not specified and it doesn't parse as CommonJS.
Reparsing as ES module because module syntax was detected. This incurs a performance overhead.
To eliminate this warning, add "type": "module" to /home/nayuta/projects/trading-app/frontend/package.json.
(Use `node --trace-warnings ...` to show where the warning was created)
▶ order/FX flow account binding
  ✔ blocks an excluded route account while keeping asset discovery/read/cancel separate (0.935765ms)
  ✔ waits while the owned-account list is still loading (0.330438ms)
  ✔ binds to the ROUTE account, not to the selected one (0.301668ms)
  ✔ STOPS the flow when the user switched accounts mid-order (0.658573ms)
  ✔ never silently follows the new selection (0.310258ms)
  ✔ reports an unowned bound id without probing whose it is (0.24055ms)
  ✔ prefers "account changed" over "unknown" when the selection moved on (0.254999ms)
  ✔ does not report a change when nothing is selected yet (0.157507ms)
✔ order/FX flow account binding (3.833047ms)
▶ bound-account capabilities gate the mutation, not just the button
  ✔ an active general account can quote and create an order (0.297244ms)
  ✔ an active general account can exchange (0.180064ms)
  ✔ a suspended account allows reads but no new order or exchange (0.222041ms)
  ✔ a closed account allows reads but no new order or exchange (0.122268ms)
  ✔ a season account whose season has ended cannot open new orders (0.199205ms)
  ✔ an active season account in an active season can trade (0.24461ms)
✔ bound-account capabilities gate the mutation, not just the button (1.814388ms)
▶ a slow response from account A cannot repaint account B's screen
  ✔ gives the two accounts different query keys for the same screen (0.270584ms)
  ✔ keeps the accountId adjacent to the resource so prefixes stay per-account (0.079905ms)
✔ a slow response from account A cannot repaint account B's screen (0.399674ms)
(node:948437) [MODULE_TYPELESS_PACKAGE_JSON] Warning: Module type of file:///home/nayuta/projects/trading-app/frontend/src/features/tradingAccount/accountIntegrityGate.test.ts is not specified and it doesn't parse as CommonJS.
Reparsing as ES module because module syntax was detected. This incurs a performance overhead.
To eliminate this warning, add "type": "module" to /home/nayuta/projects/trading-app/frontend/package.json.
(Use `node --trace-warnings ...` to show where the warning was created)
▶ secondary account query integrity gate
  ✔ returns null when nothing failed (0.529387ms)
  ✔ keeps a transient network failure OUT of the fail-closed state (0.155632ms)
  ✔ fails closed when a SECONDARY query reports a scope mismatch (0.452427ms)
  ✔ never lets a wallet integrity fault read as a zero balance (0.177654ms)
  ✔ never lets a position integrity fault read as "보유 종목이 없습니다" (0.113388ms)
  ✔ never lets a ranking integrity fault render as "-" (0.158868ms)
  ✔ fails closed when only ONE of several queries is structural (0.167704ms)
  ✔ names every structurally failed section, without duplicates (0.141119ms)
  ✔ retries exactly the queries that failed structurally (0.210302ms)
  ✔ tolerates a signal with no retry callback (0.27971ms)
  ✔ falls back to a generic subject when no section is named (0.084821ms)
✔ secondary account query integrity gate (3.225128ms)
(node:948449) [MODULE_TYPELESS_PACKAGE_JSON] Warning: Module type of file:///home/nayuta/projects/trading-app/frontend/src/features/tradingAccount/accountScope.test.ts is not specified and it doesn't parse as CommonJS.
Reparsing as ES module because module syntax was detected. This incurs a performance overhead.
To eliminate this warning, add "type": "module" to /home/nayuta/projects/trading-app/frontend/package.json.
(Use `node --trace-warnings ...` to show where the warning was created)
▶ assertAccountScope
  ✔ passes through a response that names the requested account (0.548302ms)
  ✔ passes through a response that carries NO account id (0.07787ms)
  ✔ REFUSES a response that names a different account (0.351507ms)
  ✔ checks the nested row shape too (order / quote / execution / claim) (0.084757ms)
  ✔ logs the endpoint and both ids — and NOT the payload (0.113173ms)
  ✔ classifies as a structural integrity error, not a transient failure (0.142415ms)
  ✔ does not treat an empty-string account id in the response as a claim (0.173542ms)
✔ assertAccountScope (2.123211ms)
(node:948458) [MODULE_TYPELESS_PACKAGE_JSON] Warning: Module type of file:///home/nayuta/projects/trading-app/frontend/src/features/tradingAccount/accountSelection.test.ts is not specified and it doesn't parse as CommonJS.
Reparsing as ES module because module syntax was detected. This incurs a performance overhead.
To eliminate this warning, add "type": "module" to /home/nayuta/projects/trading-app/frontend/package.json.
(Use `node --trace-warnings ...` to show where the warning was created)
▶ selectTradingAccountId
  ✔ keeps a stored account that is still owned (0.852239ms)
  ✔ falls back when there is no stored account (0.243496ms)
  ✔ DROPS a stored account the user no longer owns instead of retrying it (0.145468ms)
  ✔ prefers the active season account over the general account (0.089384ms)
  ✔ picks the general account when no season is being competed in (0.058783ms)
  ✔ does not prefer an EXCLUDED participant season account (0.103866ms)
  ✔ falls back to the most recently opened readable account (0.061524ms)
  ✔ returns an explicit empty result when the user owns nothing (0.107904ms)
  ✔ is deterministic when two accounts share an openedAt (0.171989ms)
✔ selectTradingAccountId (2.544167ms)
▶ selection storage is scoped per user
  ✔ gives two users different keys so a choice never leaks between them (0.213655ms)
✔ selection storage is scoped per user (0.284231ms)
▶ sortAccountsForDisplay
  ✔ offers the competing season first, then general, then inactive accounts (0.225019ms)
✔ sortAccountsForDisplay (0.304399ms)
▶ selection never prefers a season that is no longer running (작업 10 §A-9)
  ✔ does not prefer a still-active account of a ended (settlement pending) season over an active general account (0.213741ms)
  ✔ does not prefer a still-active account of a settled season over an active general account (0.10062ms)
  ✔ does not prefer a still-active account of a upcoming season over an active general account (0.056576ms)
  ✔ still prefers a genuinely active season over an active general account (0.06537ms)
  ✔ a stale season account is still REACHABLE as the most recent fallback (0.03434ms)
  ✔ keeps a stored CLOSED account: an explicit choice outranks the policy (0.026992ms)
  ✔ drops a stored id the user does not own and falls back by policy (0.080312ms)
✔ selection never prefers a season that is no longer running (작업 10 §A-9) (0.725378ms)
▶ findAccountForSeason — how a join flow finds the account it created
  ✔ finds the owned account linked to the joined season (0.513052ms)
  ✔ answers null — never a fabricated id — when the list has no account for that season (0.05528ms)
✔ findAccountForSeason — how a join flow finds the account it created (0.722968ms)
▶ display ordering follows the same season-liveness rule
  ✔ ranks an ended season account below the active general account (0.059565ms)
✔ display ordering follows the same season-liveness rule (0.086878ms)
(node:948466) [MODULE_TYPELESS_PACKAGE_JSON] Warning: Module type of file:///home/nayuta/projects/trading-app/frontend/src/features/tradingAccount/beginnerMode.test.ts is not specified and it doesn't parse as CommonJS.
Reparsing as ES module because module syntax was detected. This incurs a performance overhead.
To eliminate this warning, add "type": "module" to /home/nayuta/projects/trading-app/frontend/package.json.
(Use `node --trace-warnings ...` to show where the warning was created)
✔ beginner is a separately named TWR account without season or ad reward capabilities (0.681174ms)
✔ stored beginner selection and switching to general retain distinct financial query/flow scopes (0.396675ms)
✔ beginner daily history requires TWR semantics and rejects foreign account data (0.463888ms)
(node:948473) [MODULE_TYPELESS_PACKAGE_JSON] Warning: Module type of file:///home/nayuta/projects/trading-app/frontend/src/features/tradingAccount/capabilities.test.ts is not specified and it doesn't parse as CommonJS.
Reparsing as ES module because module syntax was detected. This incurs a performance overhead.
To eliminate this warning, add "type": "module" to /home/nayuta/projects/trading-app/frontend/package.json.
(Use `node --trace-warnings ...` to show where the warning was created)
▶ mode capabilities
  ✔ lets an active season account trade, quote and exchange (0.982178ms)
  ✔ allows active general trading and FX (0.277557ms)
  ✔ never shows season UI for a general account (0.329324ms)
  ✔ allows an ad-reward claim only on an ACTIVE general account (0.323979ms)
  ✔ blocks season trading outside an active season (0.32685ms)
✔ mode capabilities (2.819486ms)
▶ status capabilities
  ✔ active: reads and mutations allowed (0.350211ms)
  ✔ suspended: readable, but no new order or exchange (0.148692ms)
  ✔ closed: read-only history, no new activity (0.167886ms)
  ✔ reports status BEFORE mode, so a closed general account reads as closed (0.208771ms)
  ✔ returns null when no account is selected (0.243367ms)
✔ status capabilities (1.398218ms)
▶ season lifecycle and participant authority
  ✔ blocks new market/limit/FX for registered without blocking read/cancel (0.33032ms)
  ✔ blocks new market/limit/FX for excluded without blocking read/cancel (0.126627ms)
  ✔ blocks new market/limit/FX for finished without blocking read/cancel (0.146753ms)
  ✔ blocks new market/limit/FX for rewarded without blocking read/cancel (0.177033ms)
  ✔ keeps upcoming history/cancel available (0.105633ms)
  ✔ keeps ended history/cancel available (0.050535ms)
  ✔ keeps settled history/cancel available (0.167383ms)
  ✔ uses the half-open season window even while status is still active (0.346847ms)
  ✔ does not authorize a missing or invalid season window (0.123295ms)
  ✔ never consults season lifecycle or participant permission for a general account (0.302042ms)
✔ season lifecycle and participant authority (2.134308ms)
▶ account display never shows a raw UUID and states the return meaning
  ✔ names a general account and labels its TWR (0.213516ms)
  ✔ names a season account by its season and labels its initial-capital return (0.102248ms)
  ✔ shows a distinct status label for suspended and closed (0.056554ms)
  ✔ keeps a long Korean season name intact rather than pre-truncating it (0.058022ms)
  ✔ labels a response returnRateMethod distinctly for the two meanings (0.064213ms)
✔ account display never shows a raw UUID and states the return meaning (0.624501ms)
(node:948481) [MODULE_TYPELESS_PACKAGE_JSON] Warning: Module type of file:///home/nayuta/projects/trading-app/frontend/src/features/tradingAccount/entryScenarios.test.ts is not specified and it doesn't parse as CommonJS.
Reparsing as ES module because module syntax was detected. This incurs a performance overhead.
To eliminate this warning, add "type": "module" to /home/nayuta/projects/trading-app/frontend/package.json.
(Use `node --trace-warnings ...` to show where the warning was created)
▶ 시나리오 A — 시즌계정만 가진 사용자가 일반 투자를 시작한다 (13.1)
  ✔ login → mode selection → start general → general Home → switcher shows both → season Home (0.962726ms)
  ✔ a double press cannot create a second account: the replay lands on the SAME general account (0.165122ms)
✔ 시나리오 A — 시즌계정만 가진 사용자가 일반 투자를 시작한다 (13.1) (1.747839ms)
▶ 시나리오 B·C — general+season 보유 사용자의 새 로그인 (13.3)
  ✔ never auto-enters Home: the route is mode selection even with a stored choice (0.071657ms)
  ✔ B: choosing 시즌 투자 lands on the season account (0.17714ms)
  ✔ C: choosing 일반 투자 lands on the existing general account without creating one (0.167039ms)
✔ 시나리오 B·C — general+season 보유 사용자의 새 로그인 (13.3) (0.619553ms)
(node:948489) [MODULE_TYPELESS_PACKAGE_JSON] Warning: Module type of file:///home/nayuta/projects/trading-app/frontend/src/features/tradingAccount/generalAccountOpen.test.ts is not specified and it doesn't parse as CommonJS.
Reparsing as ES module because module syntax was detected. This incurs a performance overhead.
To eliminate this warning, add "type": "module" to /home/nayuta/projects/trading-app/frontend/package.json.
(Use `node --trace-warnings ...` to show where the warning was created)
▶ completeGeneralAccountOpen
  ✔ refreshes the list BEFORE selecting, and selects before onOpened (0.629985ms)
  ✔ selects the id THE SERVER returned — a replay (created:false) lands on the same account (0.135335ms)
  ✔ does not select anything when the refresh throws (0.339071ms)
✔ completeGeneralAccountOpen (1.700786ms)
(node:948496) [MODULE_TYPELESS_PACKAGE_JSON] Warning: Module type of file:///home/nayuta/projects/trading-app/frontend/src/features/tradingAccount/holdings.test.ts is not specified and it doesn't parse as CommonJS.
Reparsing as ES module because module syntax was detected. This incurs a performance overhead.
To eliminate this warning, add "type": "module" to /home/nayuta/projects/trading-app/frontend/package.json.
(Use `node --trace-warnings ...` to show where the warning was created)
▶ complete account holdings from the existing Position API
  ✔ follows nextOffset beyond 20 and 100; publishes the full positive count (1.467787ms)
  ✔ returns a normal empty account, preserves unavailable positions, uses exact decimals (0.166472ms)
  ✔ fails closed on invalid quantity -1 (0.757983ms)
  ✔ fails closed on invalid quantity NaN (0.151434ms)
  ✔ fails closed on invalid quantity Infinity (0.094311ms)
  ✔ fails closed on invalid quantity 1e3 (0.087671ms)
  ✔ fails closed on invalid quantity  (0.052046ms)
  ✔ fails closed on invalid quantity  1 (0.105473ms)
  ✔ fails closed on invalid quantity 1 (0.133428ms)
  ✔ fails closed on invalid quantity null (0.202654ms)
  ✔ does not return the first page when a subsequent request fails (0.299987ms)
  ✔ refuses account mismatch, incomplete pages, duplicate assets and invalid cursors (0.12578ms)
  ✔ refuses account mismatch, incomplete pages, duplicate assets and invalid cursors (0.151434ms)
  ✔ refuses account mismatch, incomplete pages, duplicate assets and invalid cursors (0.11462ms)
  ✔ refuses account mismatch, incomplete pages, duplicate assets and invalid cursors (0.177772ms)
  ✔ refuses account mismatch, incomplete pages, duplicate assets and invalid cursors (0.129219ms)
  ✔ does not publish a count when the list changes across offset pages (0.161706ms)
✔ complete account holdings from the existing Position API (5.439436ms)
(node:948504) [MODULE_TYPELESS_PACKAGE_JSON] Warning: Module type of file:///home/nayuta/projects/trading-app/frontend/src/features/tradingAccount/indicativePreview.test.ts is not specified and it doesn't parse as CommonJS.
Reparsing as ES module because module syntax was detected. This incurs a performance overhead.
To eliminate this warning, add "type": "module" to /home/nayuta/projects/trading-app/frontend/package.json.
(Use `node --trace-warnings ...` to show where the warning was created)
✔ long preview amounts retain significant digits when formatted (0.887555ms)
✔ empty, zero, negative, non-decimal and overprecision inputs never produce normal previews (0.425542ms)
✔ quantity and ticker updates recalculate every buy amount without changing input (1.158268ms)
✔ market/limit amounts use the server round8 gross → fee → total chain, including crypto half-up (0.265078ms)
✔ existing REST baseline is dated and labelled, stale/unavailable tickers never resurrect REST (0.389446ms)
✔ FX uses actual USD/KRW snapshot changes and deducts fees in the receiving currency (0.583081ms)
✔ FX respects server display validity, unknown validity, unavailable data and currency direction (0.23527ms)
(node:948512) [MODULE_TYPELESS_PACKAGE_JSON] Warning: Module type of file:///home/nayuta/projects/trading-app/frontend/src/features/tradingAccount/integrityErrors.test.ts is not specified and it doesn't parse as CommonJS.
Reparsing as ES module because module syntax was detected. This incurs a performance overhead.
To eliminate this warning, add "type": "module" to /home/nayuta/projects/trading-app/frontend/package.json.
(Use `node --trace-warnings ...` to show where the warning was created)
▶ structural integrity errors are never empty data
  ✔ classifies every integrity code as integrity (0.660587ms)
  ✔ gives an integrity fault a retry/contact message, not an empty state (0.165005ms)
  ✔ returns no integrity message for a non-integrity error (0.065605ms)
  ✔ covers the ranking and settlement integrity codes from 작업 8 (0.144782ms)
✔ structural integrity errors are never empty data (1.50067ms)
▶ capability limits are kept separate from damage
  ✔ classifies the remaining FX gate as a capability limit (0.211298ms)
  ✔ does not fold TRADING_ACCOUNT_NOT_ACTIVE into the not-implemented message (0.131437ms)
✔ capability limits are kept separate from damage (0.4936ms)
▶ other error kinds
  ✔ keeps 401 on the existing auth path (0.239318ms)
  ✔ treats the shared 404 as "not my account" without probing existence (0.156351ms)
  ✔ leaves transient price/FX section errors alone (0.091473ms)
  ✔ classifies an unknown failure as other rather than guessing (0.178222ms)
✔ other error kinds (0.933003ms)
(node:948525) [MODULE_TYPELESS_PACKAGE_JSON] Warning: Module type of file:///home/nayuta/projects/trading-app/frontend/src/features/tradingAccount/invalidation.test.ts is not specified and it doesn't parse as CommonJS.
Reparsing as ES module because module syntax was detected. This incurs a performance overhead.
To eliminate this warning, add "type": "module" to /home/nayuta/projects/trading-app/frontend/package.json.
(Use `node --trace-warnings ...` to show where the warning was created)
✔ Futures transfer refreshes only request-account cash/ledger and collateral (0.829073ms)
▶ account-scoped invalidation targets ONE account
  ✔ order create refreshes the acting account's entries (0.411778ms)
  ✔ order create leaves the OTHER account's cache alone (0.182003ms)
  ✔ order create does not throw away shared market data (0.081511ms)
  ✔ order create never invalidates the whole tradingAccount tree (0.165701ms)
  ✔ order cancel refreshes the acting account's entries (0.104134ms)
  ✔ order cancel leaves the OTHER account's cache alone (0.170382ms)
  ✔ order cancel does not throw away shared market data (0.176101ms)
  ✔ order cancel never invalidates the whole tradingAccount tree (0.23437ms)
  ✔ fx execute refreshes the acting account's entries (0.713981ms)
  ✔ fx execute leaves the OTHER account's cache alone (0.110206ms)
  ✔ fx execute does not throw away shared market data (0.049592ms)
  ✔ fx execute never invalidates the whole tradingAccount tree (0.020951ms)
  ✔ fx execute does not refresh data it cannot have changed (0.06025ms)
  ✔ ad reward claim refreshes the acting account's entries (0.050299ms)
  ✔ ad reward claim leaves the OTHER account's cache alone (0.021883ms)
  ✔ ad reward claim does not throw away shared market data (0.019655ms)
  ✔ ad reward claim never invalidates the whole tradingAccount tree (0.023286ms)
  ✔ skips season-only views for a general account (0.042716ms)
  ✔ refreshes season-only views for a season account (0.089931ms)
✔ account-scoped invalidation targets ONE account (3.193059ms)
▶ query keys separate accounts structurally
  ✔ account A's prefix cannot match account B's entries (0.117661ms)
  ✔ two season accounts do not share one cache entry (0.136599ms)
  ✔ normalises equivalent filters to one entry (0.231275ms)
✔ query keys separate accounts structurally (0.637975ms)
✔ transfer refreshes only the command account cash and ledger, without TWR or positions (0.158343ms)
(node:948533) [MODULE_TYPELESS_PACKAGE_JSON] Warning: Module type of file:///home/nayuta/projects/trading-app/frontend/src/features/tradingAccount/legacyFinancialCalls.test.ts is not specified and it doesn't parse as CommonJS.
Reparsing as ES module because module syntax was detected. This incurs a performance overhead.
To eliminate this warning, add "type": "module" to /home/nayuta/projects/trading-app/frontend/package.json.
(Use `node --trace-warnings ...` to show where the warning was created)
▶ current financial screens never call a legacy implicit-account API
  ✔ defines no legacy financial request function anywhere (12.747598ms)
  ✔ imports no legacy financial symbol (2.316707ms)
  ✔ keeps getCurrentSeason out of app entry and per-account gating (0.652607ms)
  ✔ reads every current financial screen through the account-scoped surface (0.322962ms)
✔ current financial screens never call a legacy implicit-account API (16.680194ms)
(node:948541) [MODULE_TYPELESS_PACKAGE_JSON] Warning: Module type of file:///home/nayuta/projects/trading-app/frontend/src/features/tradingAccount/modeSelection.test.ts is not specified and it doesn't parse as CommonJS.
Reparsing as ES module because module syntax was detected. This incurs a performance overhead.
To eliminate this warning, add "type": "module" to /home/nayuta/projects/trading-app/frontend/package.json.
(Use `node --trace-warnings ...` to show where the warning was created)
▶ buildModeSelectionModel — 일반 투자 column
  ✔ offers STARTING a general account to a season-only user (13.1) (0.856128ms)
  ✔ offers the EXISTING general account, never a second one (13.2) (0.134242ms)
  ✔ still offers a suspended or closed general account as itself (0.116023ms)
  ✔ prefers the active general account if several ever existed (0.186674ms)
✔ buildModeSelectionModel — 일반 투자 column (1.760693ms)
▶ buildModeSelectionModel — 시즌 투자 column
  ✔ offers continuing the season the user is competing in, without a join CTA (0.219ms)
  ✔ offers JOINING an active season the user has not joined (13.2·13.4) (0.185613ms)
  ✔ offers no join when there is no season at all (0.139373ms)
  ✔ offers no join for an upcoming or ended season (0.175512ms)
  ✔ offers no join when the owned list already holds that season — even if the season answer is stale (0.209027ms)
  ✔ does not offer joining when membership is known but the account list is stale (0.17397ms)
  ✔ honours server effective mode and expired dates despite an active status (0.134714ms)
  ✔ keeps general and past accounts available when the season lookup has no usable result (0.123457ms)
  ✔ offers the current season alongside past accounts without fabricating an account or shortening its name (0.24461ms)
  ✔ shows both options to a user holding general + active season (13.3), deciding nothing (0.153052ms)
✔ buildModeSelectionModel — 시즌 투자 column (2.105366ms)
▶ buildModeSelectionModel — past seasons (13.5)
  ✔ lists ended/settled season accounts as history, never as "continue" (0.149913ms)
  ✔ treats an ended-but-unsettled season account as past, not as a live start (0.132476ms)
  ✔ treats an excluded participant as not competing (0.054123ms)
✔ buildModeSelectionModel — past seasons (13.5) (0.420615ms)
▶ hasGeneralAccount
  ✔ is false only when NO general account exists in any status (0.057422ms)
✔ hasGeneralAccount (0.081822ms)
(node:948548) [MODULE_TYPELESS_PACKAGE_JSON] Warning: Module type of file:///home/nayuta/projects/trading-app/frontend/src/features/tradingAccount/portfolioMessage.test.ts is not specified and it doesn't parse as CommonJS.
Reparsing as ES module because module syntax was detected. This incurs a performance overhead.
To eliminate this warning, add "type": "module" to /home/nayuta/projects/trading-app/frontend/package.json.
(Use `node --trace-warnings ...` to show where the warning was created)
▶ portfolio user message
  ✔ maps price failures to Korean copy without leaking backend details (0.474031ms)
✔ portfolio user message (1.031341ms)
(node:948556) [MODULE_TYPELESS_PACKAGE_JSON] Warning: Module type of file:///home/nayuta/projects/trading-app/frontend/src/features/tradingAccount/portfolioReadPolicy.test.ts is not specified and it doesn't parse as CommonJS.
Reparsing as ES module because module syntax was detected. This incurs a performance overhead.
To eliminate this warning, add "type": "module" to /home/nayuta/projects/trading-app/frontend/package.json.
(Use `node --trace-warnings ...` to show where the warning was created)
▶ portfolio recovery eligibility and safe facts
  ✔ allows one bounded retry for no_response/ECONNABORTED (0.508564ms)
  ✔ allows one bounded retry for no_response/ERR_NETWORK (0.064256ms)
  ✔ allows one bounded retry for 502/ERR_BAD_RESPONSE (0.11613ms)
  ✔ allows one bounded retry for 503/ERR_BAD_RESPONSE (0.119161ms)
  ✔ allows one bounded retry for 504/ERR_BAD_RESPONSE (0.085828ms)
  ✔ does not automatically retry or reconnect/remount repair UNAUTHORIZED/ERR_BAD_RESPONSE (0.122428ms)
  ✔ does not automatically retry or reconnect/remount repair FORBIDDEN/ERR_BAD_RESPONSE (0.04579ms)
  ✔ does not automatically retry or reconnect/remount repair TRADING_ACCOUNT_NOT_FOUND/ERR_BAD_RESPONSE (0.105869ms)
  ✔ does not automatically retry or reconnect/remount repair INTERNAL_SERVER_ERROR/ERR_BAD_RESPONSE (0.152697ms)
  ✔ does not automatically retry or reconnect/remount repair TRADING_ACCOUNT_SCOPE_MISMATCH/ERR_BAD_RESPONSE (0.209231ms)
  ✔ does not automatically retry or reconnect/remount repair GENERAL_PERFORMANCE_INTEGRITY/ERR_BAD_RESPONSE (0.05814ms)
  ✔ does not automatically retry or reconnect/remount repair INVALID_DECIMAL/ERR_BAD_RESPONSE (0.032336ms)
  ✔ does not automatically retry or reconnect/remount repair unrecognized/ERR_BAD_RESPONSE (0.221334ms)
  ✔ does not automatically retry or reconnect/remount repair not_observed/not_observed (0.045094ms)
  ✔ does not automatically retry or reconnect/remount repair not_observed/ERR_CANCELED (0.087296ms)
  ✔ does not automatically retry or reconnect/remount repair not_observed/TRADING_ACCOUNT_SCOPE_MISMATCH (0.085175ms)
  ✔ contains only bounded allowlisted metadata, never error messages or payloads (0.344534ms)
✔ portfolio recovery eligibility and safe facts (3.269236ms)
▶ actual authentication, entry, Axios and portfolio cache flow
  ✔ login → seeded me → owned list → season portfolio (success) (181.072977ms)
  ✔ login → seeded me → owned list → season portfolio (timeout) (83.190906ms)
  ✔ login → seeded me → owned list → season portfolio (gateway) (67.403603ms)
✔ actual authentication, entry, Axios and portfolio cache flow (331.826343ms)
(node:948579) [MODULE_TYPELESS_PACKAGE_JSON] Warning: Module type of file:///home/nayuta/projects/trading-app/frontend/src/features/tradingAccount/quotedAction.test.ts is not specified and it doesn't parse as CommonJS.
Reparsing as ES module because module syntax was detected. This incurs a performance overhead.
To eliminate this warning, add "type": "module" to /home/nayuta/projects/trading-app/frontend/package.json.
(Use `node --trace-warnings ...` to show where the warning was created)
✔ order: one click quotes then executes once in general-account, repeated clicks are locked (3.93614ms)
✔ order: one click quotes then executes once in season-account, repeated clicks are locked (0.695261ms)
✔ fx: one click quotes then executes once in general-account, repeated clicks are locked (0.707245ms)
✔ fx: one click quotes then executes once in season-account, repeated clicks are locked (0.552411ms)
✔ lost execute response retries the identical quote, request and key, even if quote TTL has passed (0.449244ms)
✔ account epoch changes or unmount during quote prevent execute, including A → B → A (0.132046ms)
✔ expiry, stale data and price/rate changes propagate server errors with no automatic retries (0.235702ms)
(node:948587) [MODULE_TYPELESS_PACKAGE_JSON] Warning: Module type of file:///home/nayuta/projects/trading-app/frontend/src/features/tradingAccount/sessionCacheObserver.test.ts is not specified and it doesn't parse as CommonJS.
Reparsing as ES module because module syntax was detected. This incurs a performance overhead.
To eliminate this warning, add "type": "module" to /home/nayuta/projects/trading-app/frontend/package.json.
(Use `node --trace-warnings ...` to show where the warning was created)
react-test-renderer is deprecated. See https://react.dev/warnings/react-test-renderer
✔ the mounted account provider reattaches to cleared/seeded me and incoming user-scoped account queries (158.709918ms)
(node:948597) [MODULE_TYPELESS_PACKAGE_JSON] Warning: Module type of file:///home/nayuta/projects/trading-app/frontend/src/features/wallet/fxAccountScope.test.ts is not specified and it doesn't parse as CommonJS.
Reparsing as ES module because module syntax was detected. This incurs a performance overhead.
To eliminate this warning, add "type": "module" to /home/nayuta/projects/trading-app/frontend/package.json.
(Use `node --trace-warnings ...` to show where the warning was created)
▶ FX response account scope
  ▶ isFxResponseInScope
    ✔ accepts a response for the account the screen is showing now (0.457539ms)
    ✔ rejects account A's response after the user switched to account B (0.12924ms)
    ✔ rejects a response from BEFORE a switch even when the user switched back (1.167635ms)
    ✔ rejects everything while no account is selected (0.113417ms)
  ✔ isFxResponseInScope (2.262151ms)
  ▶ isFxQuoteResponseCurrent
    ✔ accepts a quote for the current account and the current inputs (0.264168ms)
    ✔ rejects account A's quote once the screen shows account B (0.145924ms)
    ✔ still rejects a superseded quote within the SAME account (0.083867ms)
    ✔ rejects a quote whose inputs match but whose account does not (0.156908ms)
  ✔ isFxQuoteResponseCurrent (0.804648ms)
✔ FX response account scope (3.407635ms)
(node:948604) [MODULE_TYPELESS_PACKAGE_JSON] Warning: Module type of file:///home/nayuta/projects/trading-app/frontend/src/features/wallet/fxRateUpdates.test.ts is not specified and it doesn't parse as CommonJS.
Reparsing as ES module because module syntax was detected. This incurs a performance overhead.
To eliminate this warning, add "type": "module" to /home/nayuta/projects/trading-app/frontend/package.json.
(Use `node --trace-warnings ...` to show where the warning was created)
▶ FX rate notifications
  ✔ resyncs canonical REST and updates KRW preview without clearing input (291.583206ms)
  ✔ resyncs canonical REST and updates USD preview without clearing input (105.460651ms)
  ✔ repeats after an in-flight read, coalesces bursts and recovers from a failed read (0.862398ms)
react-test-renderer is deprecated. See https://react.dev/warnings/react-test-renderer
  ✔ keeps the existing account-switch reset while rates remain account-independent (80.357479ms)
  ✔ cancels pre-event queries and resyncs on ACK, foreground, and validity expiry (1168.190863ms)
✔ FX rate notifications (1647.315625ms)
▶ FX runtime observations stay separate from canonical REST values
  ✔ records ACK/update, coalesced resync, disconnect/auth/error, and ignores payload rates (0.893959ms)
✔ FX runtime observations stay separate from canonical REST values (1.093305ms)
(node:948653) [MODULE_TYPELESS_PACKAGE_JSON] Warning: Module type of file:///home/nayuta/projects/trading-app/frontend/src/features/wallet/fxUiDisplay.test.ts is not specified and it doesn't parse as CommonJS.
Reparsing as ES module because module syntax was detected. This incurs a performance overhead.
To eliminate this warning, add "type": "module" to /home/nayuta/projects/trading-app/frontend/package.json.
(Use `node --trace-warnings ...` to show where the warning was created)
✔ retains the measured loading rate space after arrival without limiting larger text (329.776218ms)
▶ FX screen information display
  ✔ the success Market action reaches MarketTab / Market (79.43096ms)
  ✔ keeps the current rate and captured timestamp with empty and filled inputs (80.845165ms)
  ✔ removes the ledger CTA from the suspended exchange branch and keeps the restriction (75.925255ms)
  ✔ removes the ledger CTA from the closed exchange branch and keeps the restriction (65.695856ms)
  ✔ retains unavailable-rate handling and disables execution without a ledger CTA (58.409015ms)
  ✔ keeps KRW quote → execute data and shows the successful response (66.557703ms)
  ✔ keeps USD quote → execute data and shows the successful response (72.890102ms)
✔ FX screen information display (500.419799ms)
▶ FX completion sheet rows
  ✔ renders exactly the eight requested rows for KRW on a short viewport (0.648973ms)
  ✔ renders exactly the eight requested rows for USD on a short viewport (0.324194ms)
✔ FX completion sheet rows (1.14072ms)
(node:948675) [MODULE_TYPELESS_PACKAGE_JSON] Warning: Module type of file:///home/nayuta/projects/trading-app/frontend/src/features/wallet/mapper.test.ts is not specified and it doesn't parse as CommonJS.
Reparsing as ES module because module syntax was detected. This incurs a performance overhead.
To eliminate this warning, add "type": "module" to /home/nayuta/projects/trading-app/frontend/package.json.
(Use `node --trace-warnings ...` to show where the warning was created)
▶ status-aware wallet balance display
  ✔ keeps an unfetched or absent wallet unknown (0.323216ms)
  ✔ distinguishes a real zero from a positive API balance (0.096893ms)
✔ status-aware wallet balance display (0.984641ms)
▶ wallet and FX rate failure isolation
  ✔ keeps loaded wallets renderable when only the FX rate request fails (0.259309ms)
  ✔ returns to ready after the FX rate query recovers (0.113225ms)
  ✔ still treats a wallet request failure as a wallet error (0.055614ms)
✔ wallet and FX rate failure isolation (0.613702ms)
▶ FX decimal display
  ✔ trims quote rates and formats display timestamps in KST (0.629088ms)
  ✔ formats KRW completion amounts with units and canonical balances (0.552453ms)
  ✔ formats USD completion amounts with units and canonical balances (0.121616ms)
  ✔ supports typed array wallet responses by currency rather than array order (0.18162ms)
  ✔ keeps absent canonical balances unknown without guessing from compatibility fields (0.826182ms)
✔ FX decimal display (2.643968ms)
▶ canonical Wallet Scope selection
  ✔ keeps the Wallet/FX/order funding readers on Securities irrespective of response order (0.381871ms)
  ✔ does not substitute Crypto or duplicate legacy USD rows for Securities (0.295665ms)
  ✔ can select a future scope explicitly and leaves source data unchanged (0.132909ms)
✔ canonical Wallet Scope selection (0.954623ms)
(node:948684) [MODULE_TYPELESS_PACKAGE_JSON] Warning: Module type of file:///home/nayuta/projects/trading-app/frontend/src/features/wallet/transactions.test.ts is not specified and it doesn't parse as CommonJS.
Reparsing as ES module because module syntax was detected. This incurs a performance overhead.
To eliminate this warning, add "type": "module" to /home/nayuta/projects/trading-app/frontend/package.json.
(Use `node --trace-warnings ...` to show where the warning was created)
▶ wallet ledger contract and real screen integration
  ✔ renders backend transactions/id through the actual API and screen (old screen threw at page.items.forEach) (121.203828ms)
  ✔ renders USD sell and FX target using their persisted USD balances, never KRW valuation (35.574778ms)
  ✔ shows both transfer legs, their wallet identities and a shared USD route (26.311286ms)
  ✔ only offers KRW/USD, defaults to KRW and honors route USD with separate query keys (41.14935ms)
  ✔ shows direction-compatible types and atomically resets an invalid selection to all (23.701196ms)
  ✔ keeps exchange selected for either direction and limits ad reward to its real writer scope (17.748326ms)
  ✔ merges pages by canonical id, follows nextOffset and retains first trade balanceAfter (18.355841ms)
  ✔ does not silently discard unknown/historical financial rows or mislabel ad funding as profit (16.249684ms)
  ✔ turns malformed API success into ErrorState without optional shape fallbacks (194.996874ms)
  ✔ uses empty/error/integrity states correctly for both account modes (23.75832ms)
  ✔ keeps long asset names, amounts, balance and date on wrapping vertical rows (10.973488ms)
✔ wallet ledger contract and real screen integration (530.995799ms)
▶ ledger executed quantity contract
  ✔ preserves fractional and large Decimal strings and uses stock/crypto units (0.345397ms)
  ✔ rejects absent, zero, malformed quantity and unknown asset types at the API boundary (0.386964ms)
  ✔ does not show trade quantity for FX or ad rewards, and rejects unexpected metadata (0.211043ms)
✔ ledger executed quantity contract (1.094592ms)
(node:948703) [MODULE_TYPELESS_PACKAGE_JSON] Warning: Module type of file:///home/nayuta/projects/trading-app/frontend/src/features/wallet/walletTransfer.test.ts is not specified and it doesn't parse as CommonJS.
Reparsing as ES module because module syntax was detected. This incurs a performance overhead.
To eliminate this warning, add "type": "module" to /home/nayuta/projects/trading-app/frontend/package.json.
(Use `node --trace-warnings ...` to show where the warning was created)
✔ Futures availability requires the account-owned wallet and canonical nonnegative collateral (0.667018ms)
✔ amount and available cash preserve eight decimal digits without spending reservations (0.644369ms)
✔ success must echo the command account, distinct canonical USD identities, amount and usable balances (0.531781ms)
✔ all canonical identities expose only approved USD and cross-currency routes (0.161608ms)
✔ a cross quote and success must echo account, wallet route, source currency/amount and pinned fee (0.642582ms)
(node:948711) [MODULE_TYPELESS_PACKAGE_JSON] Warning: Module type of file:///home/nayuta/projects/trading-app/frontend/src/hooks/pullToRefresh.test.ts is not specified and it doesn't parse as CommonJS.
Reparsing as ES module because module syntax was detected. This incurs a performance overhead.
To eliminate this warning, add "type": "module" to /home/nayuta/projects/trading-app/frontend/package.json.
(Use `node --trace-warnings ...` to show where the warning was created)
react-test-renderer is deprecated. See https://react.dev/warnings/react-test-renderer
react-test-renderer is deprecated. See https://react.dev/warnings/react-test-renderer
✔ uses a themed native control, coalesces duplicate pulls and always settles failures (87.94057ms)
react-test-renderer is deprecated. See https://react.dev/warnings/react-test-renderer
✔ does not start extra work during background/pagination fetch or disabled search (27.205382ms)
✔ preserves query data and local disclosure/range on failure, isolating late account responses (78.843151ms)
(node:948725) [MODULE_TYPELESS_PACKAGE_JSON] Warning: Module type of file:///home/nayuta/projects/trading-app/frontend/src/hooks/useFocusedInputScroll.test.ts is not specified and it doesn't parse as CommonJS.
Reparsing as ES module because module syntax was detected. This incurs a performance overhead.
To eliminate this warning, add "type": "module" to /home/nayuta/projects/trading-app/frontend/package.json.
(Use `node --trace-warnings ...` to show where the warning was created)
react-test-renderer is deprecated. See https://react.dev/warnings/react-test-renderer
✔ keeps focused input and submit visible when they fit, prioritizing input on a short viewport (54.027481ms)
✔ re-measures on keyboard/resize events, preserves manual scrolling and ignores late measurements after blur/unmount (19.519347ms)
(node:948735) [MODULE_TYPELESS_PACKAGE_JSON] Warning: Module type of file:///home/nayuta/projects/trading-app/frontend/src/screens/asset/AssetDetailFlow.test.ts is not specified and it doesn't parse as CommonJS.
Reparsing as ES module because module syntax was detected. This incurs a performance overhead.
To eliminate this warning, add "type": "module" to /home/nayuta/projects/trading-app/frontend/package.json.
(Use `node --trace-warnings ...` to show where the warning was created)
react-test-renderer is deprecated. See https://react.dev/warnings/react-test-renderer
react-test-renderer is deprecated. See https://react.dev/warnings/react-test-renderer
✔ market asset opens chart-first detail with price, change and a shared holding section (357.759761ms)
react-test-renderer is deprecated. See https://react.dev/warnings/react-test-renderer
✔ detail timeframe uses the existing query policy and isolates live candles (141.341215ms)
react-test-renderer is deprecated. See https://react.dev/warnings/react-test-renderer
✔ pair switch does not show a previous ticker or live candle (117.340697ms)
react-test-renderer is deprecated. See https://react.dev/warnings/react-test-renderer
✔ buy CTA passes the selected account and opens the existing trading screen (111.648787ms)
react-test-renderer is deprecated. See https://react.dev/warnings/react-test-renderer
✔ sell CTA passes the selected account and opens the existing trading screen (111.249741ms)
react-test-renderer is deprecated. See https://react.dev/warnings/react-test-renderer
✔ no selected account disables both order actions without a fallback route (90.97935ms)
react-test-renderer is deprecated. See https://react.dev/warnings/react-test-renderer
✔ an Order route keeps its account when selection changes (97.214177ms)
react-test-renderer is deprecated. See https://react.dev/warnings/react-test-renderer
✔ 320px and large text keep both order actions flexible below the chart (87.205146ms)
react-test-renderer is deprecated. See https://react.dev/warnings/react-test-renderer
react-test-renderer is deprecated. See https://react.dev/warnings/react-test-renderer
✔ detail candle diagnostics stay admin only (183.949633ms)
react-test-renderer is deprecated. See https://react.dev/warnings/react-test-renderer
✔ detail header keeps name, symbol, paired prices, change, chart and actions in order at 320px and fontScale 2 (82.077556ms)
react-test-renderer is deprecated. See https://react.dev/warnings/react-test-renderer
✔ USD/KRW toggle swaps only the same display price pair (95.909967ms)
react-test-renderer is deprecated. See https://react.dev/warnings/react-test-renderer
✔ unavailable ticker KRW never borrows REST conversion (82.18876ms)
react-test-renderer is deprecated. See https://react.dev/warnings/react-test-renderer
✔ domestic KRW stock has no invented USD conversion (80.804405ms)
react-test-renderer is deprecated. See https://react.dev/warnings/react-test-renderer
✔ changing assets restores USD as the default display choice (78.62878ms)
react-test-renderer is deprecated. See https://react.dev/warnings/react-test-renderer
✔ settlement badge shows USD for Binance and stays separate from the display toggle (77.793466ms)
✔ domestic asset shows KRW and a long name wraps beside the badge (81.927517ms)
(node:948776) [MODULE_TYPELESS_PACKAGE_JSON] Warning: Module type of file:///home/nayuta/projects/trading-app/frontend/src/screens/asset/accountHoldings.test.ts is not specified and it doesn't parse as CommonJS.
Reparsing as ES module because module syntax was detected. This incurs a performance overhead.
To eliminate this warning, add "type": "module" to /home/nayuta/projects/trading-app/frontend/package.json.
(Use `node --trace-warnings ...` to show where the warning was created)
react-test-renderer is deprecated. See https://react.dev/warnings/react-test-renderer
react-test-renderer is deprecated. See https://react.dev/warnings/react-test-renderer
✔ holding TP/SL creates with the card account, asset and Position; active protection opens management (368.526716ms)
react-test-renderer is deprecated. See https://react.dev/warnings/react-test-renderer
✔ pending separates Spot/Futures entries from active or holding Protection and honors cancellation capability (169.481849ms)
react-test-renderer is deprecated. See https://react.dev/warnings/react-test-renderer
✔ pending keeps Futures protection visible but paused when only Futures mode is disabled; cancellation remains available (145.706407ms)
react-test-renderer is deprecated. See https://react.dev/warnings/react-test-renderer
▶ holdings in Order with real React Query and order invalidation
  ✔ all/current filters, missing asset and zero positions; changing asset resets filter/input/KRW (138.657181ms)
react-test-renderer is deprecated. See https://react.dev/warnings/react-test-renderer
  ✔ renders every page without publishing a partial count or nesting a vertical list (147.768594ms)
react-test-renderer is deprecated. See https://react.dev/warnings/react-test-renderer
  ✔ never renders general holdings under season, including a late general response and cached return (132.318ms)
react-test-renderer is deprecated. See https://react.dev/warnings/react-test-renderer
  ✔ general/all: first buy, add buy, partial sell and full sell update through real create invalidation (152.431526ms)
react-test-renderer is deprecated. See https://react.dev/warnings/react-test-renderer
  ✔ general/current: first buy, add buy, partial sell and full sell update through real create invalidation (142.944313ms)
react-test-renderer is deprecated. See https://react.dev/warnings/react-test-renderer
  ✔ season/all: first buy, add buy, partial sell and full sell update through real create invalidation (152.464562ms)
react-test-renderer is deprecated. See https://react.dev/warnings/react-test-renderer
  ✔ season/current: first buy, add buy, partial sell and full sell update through real create invalidation (154.518743ms)
react-test-renderer is deprecated. See https://react.dev/warnings/react-test-renderer
  ✔ suspended accounts remain readable independently from order capability (97.510023ms)
react-test-renderer is deprecated. See https://react.dev/warnings/react-test-renderer
  ✔ closed accounts remain readable independently from order capability (96.270125ms)
react-test-renderer is deprecated. See https://react.dev/warnings/react-test-renderer
  ✔ distinguishes network failure from empty, retries (101.86843ms)
react-test-renderer is deprecated. See https://react.dev/warnings/react-test-renderer
  ✔ distinguishes integrity failure from empty, retries (100.361618ms)
react-test-renderer is deprecated. See https://react.dev/warnings/react-test-renderer
  ✔ uses canonical valuation including unavailable/stale, signs, zero and high returns; KRW toggle leaves holdings intact (92.9825ms)
react-test-renderer is deprecated. See https://react.dev/warnings/react-test-renderer
  ✔ domestic_stock open badge is beside the pair, never raw (85.973001ms)
react-test-renderer is deprecated. See https://react.dev/warnings/react-test-renderer
  ✔ domestic_stock closed badge is beside the pair, never raw (91.968809ms)
react-test-renderer is deprecated. See https://react.dev/warnings/react-test-renderer
  ✔ domestic_stock unknown badge is beside the pair, never raw (80.60272ms)
react-test-renderer is deprecated. See https://react.dev/warnings/react-test-renderer
  ✔ us_stock open badge is beside the pair, never raw (86.790845ms)
react-test-renderer is deprecated. See https://react.dev/warnings/react-test-renderer
  ✔ us_stock closed badge is beside the pair, never raw (78.417505ms)
react-test-renderer is deprecated. See https://react.dev/warnings/react-test-renderer
  ✔ us_stock unknown badge is beside the pair, never raw (79.038542ms)
✔ holdings in Order with real React Query and order invalidation (2014.101033ms)
react-test-renderer is deprecated. See https://react.dev/warnings/react-test-renderer
▶ pending limit orders in the real trading screen
  ✔ aggregates pending emptiness for Spot 0/Futures 1 and keeps TP/SL independent (98.124329ms)
react-test-renderer is deprecated. See https://react.dev/warnings/react-test-renderer
  ✔ aggregates pending emptiness for Spot 1/Futures 0 and keeps TP/SL independent (102.155056ms)
react-test-renderer is deprecated. See https://react.dev/warnings/react-test-renderer
  ✔ aggregates pending emptiness for Spot 0/Futures 0 and keeps TP/SL independent (92.180268ms)
react-test-renderer is deprecated. See https://react.dev/warnings/react-test-renderer
  ✔ keeps holdings filters and shows a distinct empty pending state (100.245076ms)
react-test-renderer is deprecated. See https://react.dev/warnings/react-test-renderer
  ✔ shows BUY and SELL, excludes other lifecycle rows, and wraps long values at 320px / 2× font (88.996874ms)
react-test-renderer is deprecated. See https://react.dev/warnings/react-test-renderer
  ✔ keeps all three filters accessible at 430px (95.588165ms)
react-test-renderer is deprecated. See https://react.dev/warnings/react-test-renderer
  ✔ switches General to Season without ever showing the old account row (98.581006ms)
react-test-renderer is deprecated. See https://react.dev/warnings/react-test-renderer
  ✔ refreshes create, matcher execution and cancellation from the account-scoped key (131.458421ms)
react-test-renderer is deprecated. See https://react.dev/warnings/react-test-renderer
  ✔ reads every submitted page before displaying the list (142.108354ms)
react-test-renderer is deprecated. See https://react.dev/warnings/react-test-renderer
  ✔ distinguishes network failure from empty (100.594343ms)
react-test-renderer is deprecated. See https://react.dev/warnings/react-test-renderer
  ✔ distinguishes integrity failure from empty (100.805921ms)
✔ pending limit orders in the real trading screen (1151.648254ms)
▶ order panel side colors in the trading screen
  ✔ keeps BUY green and SELL red on selected tabs and final CTA (93.304504ms)
✔ order panel side colors in the trading screen (93.627566ms)
(node:948858) [MODULE_TYPELESS_PACKAGE_JSON] Warning: Module type of file:///home/nayuta/projects/trading-app/frontend/src/screens/asset/assetPriceDiagnostics.test.ts is not specified and it doesn't parse as CommonJS.
Reparsing as ES module because module syntax was detected. This incurs a performance overhead.
To eliminate this warning, add "type": "module" to /home/nayuta/projects/trading-app/frontend/package.json.
(Use `node --trace-warnings ...` to show where the warning was created)
react-test-renderer is deprecated. See https://react.dev/warnings/react-test-renderer
react-test-renderer is deprecated. See https://react.dev/warnings/react-test-renderer
▶ asset detail HTTP 200 price diagnostics
  ✔ keeps chart failure copy safe and diagnostics gated for user (356.659049ms)
react-test-renderer is deprecated. See https://react.dev/warnings/react-test-renderer
  ✔ keeps chart failure copy safe and diagnostics gated for operator (143.508085ms)
react-test-renderer is deprecated. See https://react.dev/warnings/react-test-renderer
  ✔ keeps chart failure copy safe and diagnostics gated for admin (122.754463ms)
react-test-renderer is deprecated. See https://react.dev/warnings/react-test-renderer
  ✔ filters arbitrary ticker/conversion reasons in Detail runtime diagnostics (132.153013ms)
react-test-renderer is deprecated. See https://react.dev/warnings/react-test-renderer
  ✔ filters arbitrary ticker/conversion reasons in OrderScreen runtime diagnostics (124.221418ms)
react-test-renderer is deprecated. See https://react.dev/warnings/react-test-renderer
  ✔ shows an actual HTTP quote failure beside the order error, collapsed (114.829773ms)
react-test-renderer is deprecated. See https://react.dev/warnings/react-test-renderer
  ✔ gives admin the backend diagnostic in the detail screen, once, alongside existing price warnings (105.08785ms)
react-test-renderer is deprecated. See https://react.dev/warnings/react-test-renderer
  ✔ does not show technical details when FX conversion has no consumer error on the standalone order screen (101.969712ms)
react-test-renderer is deprecated. See https://react.dev/warnings/react-test-renderer
  ✔ does not invent a diagnostic for missing price, unrelated price errors or normal price (100.440661ms)
react-test-renderer is deprecated. See https://react.dev/warnings/react-test-renderer
  ✔ keeps the normal display when a newer ticker resolves the visible REST failure (95.432866ms)
react-test-renderer is deprecated. See https://react.dev/warnings/react-test-renderer
  ✔ places a client runtime diagnosis inside the visible stale preview warning (114.515049ms)
react-test-renderer is deprecated. See https://react.dev/warnings/react-test-renderer
  ✔ explains when an accepted unavailable WebSocket ticker replaces a valid REST display (98.815683ms)
react-test-renderer is deprecated. See https://react.dev/warnings/react-test-renderer
  ✔ does not attach an older REST diagnosis to a newer ticker failure (94.3422ms)
react-test-renderer is deprecated. See https://react.dev/warnings/react-test-renderer
  ✔ explains a ticker-only FX conversion failure without inventing a REST diagnostic (95.090514ms)
react-test-renderer is deprecated. See https://react.dev/warnings/react-test-renderer
  ✔ shows the runtime cause on a standalone order screen without a REST diagnostic (93.082069ms)
react-test-renderer is deprecated. See https://react.dev/warnings/react-test-renderer
  ✔ hides an injected backend diagnostic from user (93.573522ms)
react-test-renderer is deprecated. See https://react.dev/warnings/react-test-renderer
  ✔ hides an injected backend diagnostic from operator (87.994494ms)
react-test-renderer is deprecated. See https://react.dev/warnings/react-test-renderer
  ✔ fails closed when /me fails or has not resolved (189.113077ms)
✔ asset detail HTTP 200 price diagnostics (2265.113722ms)
(node:948911) [MODULE_TYPELESS_PACKAGE_JSON] Warning: Module type of file:///home/nayuta/projects/trading-app/frontend/src/screens/asset/inlineTrading.test.ts is not specified and it doesn't parse as CommonJS.
Reparsing as ES module because module syntax was detected. This incurs a performance overhead.
To eliminate this warning, add "type": "module" to /home/nayuta/projects/trading-app/frontend/package.json.
(Use `node --trace-warnings ...` to show where the warning was created)
react-test-renderer is deprecated. See https://react.dev/warnings/react-test-renderer
react-test-renderer is deprecated. See https://react.dev/warnings/react-test-renderer
▶ Order screen lifecycle with real React and query mutations
  ✔ general market buy preserves quote/create, canonical inputs, account and success (369.484587ms)
react-test-renderer is deprecated. See https://react.dev/warnings/react-test-renderer
  ✔ general limit buy preserves quote/create, canonical inputs, account and success (162.427894ms)
react-test-renderer is deprecated. See https://react.dev/warnings/react-test-renderer
  ✔ general market sell preserves quote/create, canonical inputs, account and success (143.106921ms)
react-test-renderer is deprecated. See https://react.dev/warnings/react-test-renderer
  ✔ general limit sell preserves quote/create, canonical inputs, account and success (130.331003ms)
react-test-renderer is deprecated. See https://react.dev/warnings/react-test-renderer
  ✔ season market buy preserves quote/create, canonical inputs, account and success (112.798166ms)
react-test-renderer is deprecated. See https://react.dev/warnings/react-test-renderer
  ✔ season limit buy preserves quote/create, canonical inputs, account and success (109.286542ms)
react-test-renderer is deprecated. See https://react.dev/warnings/react-test-renderer
  ✔ season market sell preserves quote/create, canonical inputs, account and success (102.568098ms)
react-test-renderer is deprecated. See https://react.dev/warnings/react-test-renderer
  ✔ season limit sell preserves quote/create, canonical inputs, account and success (109.884778ms)
react-test-renderer is deprecated. See https://react.dev/warnings/react-test-renderer
  ✔ a delayed buy quote cannot create after account changes (102.575616ms)
react-test-renderer is deprecated. See https://react.dev/warnings/react-test-renderer
  ✔ a delayed sell quote is discarded after account changes (117.226334ms)
react-test-renderer is deprecated. See https://react.dev/warnings/react-test-renderer
  ✔ a delayed buy quote cannot create after asset changes (99.668003ms)
react-test-renderer is deprecated. See https://react.dev/warnings/react-test-renderer
  ✔ a delayed sell quote is discarded after asset changes (104.455786ms)
react-test-renderer is deprecated. See https://react.dev/warnings/react-test-renderer
  ✔ a delayed buy quote cannot create after side changes (100.151683ms)
react-test-renderer is deprecated. See https://react.dev/warnings/react-test-renderer
  ✔ a delayed sell quote is discarded after side changes (94.26898ms)
react-test-renderer is deprecated. See https://react.dev/warnings/react-test-renderer
  ✔ a late buy create refreshes only the original account without a stale success sheet (92.884772ms)
react-test-renderer is deprecated. See https://react.dev/warnings/react-test-renderer
  ✔ a late sell create refreshes only the original account without a stale success sheet (110.370935ms)
react-test-renderer is deprecated. See https://react.dev/warnings/react-test-renderer
  ✔ buy ignores a second create press before React disables the button (115.601867ms)
react-test-renderer is deprecated. See https://react.dev/warnings/react-test-renderer
  ✔ buy clears the unusable quote after QUOTE_EXPIRED (113.405153ms)
react-test-renderer is deprecated. See https://react.dev/warnings/react-test-renderer
  ✔ buy clears the unusable quote after RATE_CHANGED_REQUOTE_REQUIRED (104.782965ms)
react-test-renderer is deprecated. See https://react.dev/warnings/react-test-renderer
  ✔ buy clears the unusable quote after ORDER_IDEMPOTENCY_CONFLICT (103.487184ms)
react-test-renderer is deprecated. See https://react.dev/warnings/react-test-renderer
  ✔ sell ignores a second create press before React disables the button (91.996878ms)
react-test-renderer is deprecated. See https://react.dev/warnings/react-test-renderer
  ✔ sell clears the unusable quote after QUOTE_EXPIRED (99.201342ms)
react-test-renderer is deprecated. See https://react.dev/warnings/react-test-renderer
  ✔ sell clears the unusable quote after RATE_CHANGED_REQUOTE_REQUIRED (105.549335ms)
react-test-renderer is deprecated. See https://react.dev/warnings/react-test-renderer
  ✔ sell clears the unusable quote after ORDER_IDEMPOTENCY_CONFLICT (99.738683ms)
react-test-renderer is deprecated. See https://react.dev/warnings/react-test-renderer
  ✔ retries an uncertain buy with the same quote and idempotency key (120.35149ms)
react-test-renderer is deprecated. See https://react.dev/warnings/react-test-renderer
  ✔ rejects an expired sell quote before create, then allows an explicit retry (108.153442ms)
react-test-renderer is deprecated. See https://react.dev/warnings/react-test-renderer
  ✔ locks sell input and type controls through quote and create, including direct stale callbacks (98.6273ms)
react-test-renderer is deprecated. See https://react.dev/warnings/react-test-renderer
  ✔ uses each account holdings for ratios and blocks overselling and suspended accounts (95.111135ms)
react-test-renderer is deprecated. See https://react.dev/warnings/react-test-renderer
  ✔ keeps old account holdings and quotes away after switching A → B → A (97.769054ms)
✔ Order screen lifecycle with real React and query mutations (3417.475431ms)
react-test-renderer is deprecated. See https://react.dev/warnings/react-test-renderer
▶ trading and chart screen boundaries
  ✔ resets the display toggle and inputs on pair replacement and reuses the search route (88.487721ms)
  ✔ keeps all candle work on the focused chart, merges live data and resyncs REST (82.3934ms)
✔ trading and chart screen boundaries (171.052904ms)
(node:949004) [MODULE_TYPELESS_PACKAGE_JSON] Warning: Module type of file:///home/nayuta/projects/trading-app/frontend/src/screens/asset/tradingControls.test.ts is not specified and it doesn't parse as CommonJS.
Reparsing as ES module because module syntax was detected. This incurs a performance overhead.
To eliminate this warning, add "type": "module" to /home/nayuta/projects/trading-app/frontend/package.json.
(Use `node --trace-warnings ...` to show where the warning was created)
react-test-renderer is deprecated. See https://react.dev/warnings/react-test-renderer
react-test-renderer is deprecated. See https://react.dev/warnings/react-test-renderer
✔ buy: market/limit transitions clear stale actions and strip market limitPrice (399.191842ms)
react-test-renderer is deprecated. See https://react.dev/warnings/react-test-renderer
✔ buy: quote failure never creates; user may explicitly retry (156.181337ms)
react-test-renderer is deprecated. See https://react.dev/warnings/react-test-renderer
✔ sell: market/limit transitions clear stale actions and strip market limitPrice (156.382405ms)
react-test-renderer is deprecated. See https://react.dev/warnings/react-test-renderer
✔ sell: quote failure never creates; user may explicitly retry (131.050578ms)
react-test-renderer is deprecated. See https://react.dev/warnings/react-test-renderer
✔ bnb: all buy ratios fill from available wallet with existing fee buffer (108.77463ms)
react-test-renderer is deprecated. See https://react.dev/warnings/react-test-renderer
✔ samsung: all buy ratios fill from available wallet with existing fee buffer (101.15181ms)
react-test-renderer is deprecated. See https://react.dev/warnings/react-test-renderer
✔ all sell ratios use selected position and empty holdings stays quiet until input or ratio press (104.263294ms)
react-test-renderer is deprecated. See https://react.dev/warnings/react-test-renderer
✔ ratio zero: press explains inability without inventing quantity (99.141457ms)
react-test-renderer is deprecated. See https://react.dev/warnings/react-test-renderer
✔ ratio wallet: press explains inability without inventing quantity (89.300355ms)
react-test-renderer is deprecated. See https://react.dev/warnings/react-test-renderer
✔ ratio price: press explains inability without inventing quantity (100.792729ms)
react-test-renderer is deprecated. See https://react.dev/warnings/react-test-renderer
✔ ratio limit: press explains inability without inventing quantity (91.238908ms)
react-test-renderer is deprecated. See https://react.dev/warnings/react-test-renderer
✔ ratio position: press explains inability without inventing quantity (88.093217ms)
react-test-renderer is deprecated. See https://react.dev/warnings/react-test-renderer
✔ sell quantity 1: partial/full holding and canonical quote strings (96.726078ms)
react-test-renderer is deprecated. See https://react.dev/warnings/react-test-renderer
✔ sell quantity 4: partial/full holding and canonical quote strings (100.099467ms)
react-test-renderer is deprecated. See https://react.dev/warnings/react-test-renderer
✔ sell quote binding rejects {"asset":{"id":"other"}} (90.207327ms)
react-test-renderer is deprecated. See https://react.dev/warnings/react-test-renderer
✔ sell quote binding rejects {"side":"buy"} (91.245999ms)
react-test-renderer is deprecated. See https://react.dev/warnings/react-test-renderer
✔ sell quote binding rejects {"quantity":"2"} (91.940568ms)
react-test-renderer is deprecated. See https://react.dev/warnings/react-test-renderer
✔ sell quote binding rejects {"orderType":"limit"} (95.365002ms)
{"event":"trading_account_response_scope_mismatch","endpoint":"POST /trading-accounts/:accountId/orders/quote","expectedAccountId":"general","actualAccountId":"other"}
react-test-renderer is deprecated. See https://react.dev/warnings/react-test-renderer
✔ sell quote binding rejects {"tradingAccountId":"other"} (95.886867ms)
react-test-renderer is deprecated. See https://react.dev/warnings/react-test-renderer
✔ sell uncertain create preserves quote and idempotency key across an explicit retry (99.646265ms)
react-test-renderer is deprecated. See https://react.dev/warnings/react-test-renderer
✔ user detail technical warnings respect role; product notices remain (88.37449ms)
react-test-renderer is deprecated. See https://react.dev/warnings/react-test-renderer
✔ user chart technical warnings respect role; product notices remain (104.986612ms)
react-test-renderer is deprecated. See https://react.dev/warnings/react-test-renderer
✔ operator detail technical warnings respect role; product notices remain (108.970002ms)
react-test-renderer is deprecated. See https://react.dev/warnings/react-test-renderer
✔ operator chart technical warnings respect role; product notices remain (85.738909ms)
react-test-renderer is deprecated. See https://react.dev/warnings/react-test-renderer
✔ admin detail technical warnings respect role; product notices remain (89.254107ms)
react-test-renderer is deprecated. See https://react.dev/warnings/react-test-renderer
✔ admin chart technical warnings respect role; product notices remain (87.916848ms)
react-test-renderer is deprecated. See https://react.dev/warnings/react-test-renderer
✔ double click during sell quote and unmount never start create (86.471521ms)
✔ sell unavailable position section explains ratio failure and blocks create (88.512698ms)
(node:949079) [MODULE_TYPELESS_PACKAGE_JSON] Warning: Module type of file:///home/nayuta/projects/trading-app/frontend/src/screens/auth/publicAuthErrors.test.ts is not specified and it doesn't parse as CommonJS.
Reparsing as ES module because module syntax was detected. This incurs a performance overhead.
To eliminate this warning, add "type": "module" to /home/nayuta/projects/trading-app/frontend/package.json.
(Use `node --trace-warnings ...` to show where the warning was created)
react-test-renderer is deprecated. See https://react.dev/warnings/react-test-renderer
react-test-renderer is deprecated. See https://react.dev/warnings/react-test-renderer
react-test-renderer is deprecated. See https://react.dev/warnings/react-test-renderer
▶ public authentication and general account errors
  ✔ Login renders safe failure text before authentication (99.248097ms)
  ✔ Signup renders safe failure text before authentication (31.43176ms)
  ✔ uses the real general-account mutation mapper for setup error text (24.408158ms)
✔ public authentication and general account errors (155.781883ms)
(node:949089) [MODULE_TYPELESS_PACKAGE_JSON] Warning: Module type of file:///home/nayuta/projects/trading-app/frontend/src/screens/entry/ModeSelectionScreen.test.ts is not specified and it doesn't parse as CommonJS.
Reparsing as ES module because module syntax was detected. This incurs a performance overhead.
To eliminate this warning, add "type": "module" to /home/nayuta/projects/trading-app/frontend/package.json.
(Use `node --trace-warnings ...` to show where the warning was created)
✔ simplifies owned general/joined season cards while retaining explicit local selection (95.06766ms)
✔ unjoined and empty-account cards offer explicit start/join without a fabricated participation badge (27.331753ms)
✔ keeps loading, account/season retries, general-open failure and past-season access (23.853968ms)
✔ beginner entry is hidden by default and creation requires an explicit press (15.557361ms)
✔ existing beginner selection changes accounts without creating or moving data (14.645219ms)
✔ beginner creation errors retain the original error for the shared diagnostic surface (13.84159ms)
(node:949105) [MODULE_TYPELESS_PACKAGE_JSON] Warning: Module type of file:///home/nayuta/projects/trading-app/frontend/src/screens/futures/FuturesLimitEntry.test.ts is not specified and it doesn't parse as CommonJS.
Reparsing as ES module because module syntax was detected. This incurs a performance overhead.
To eliminate this warning, add "type": "module" to /home/nayuta/projects/trading-app/frontend/package.json.
(Use `node --trace-warnings ...` to show where the warning was created)
react-test-renderer is deprecated. See https://react.dev/warnings/react-test-renderer
react-test-renderer is deprecated. See https://react.dev/warnings/react-test-renderer
✔ long valid stop_loss market attachment submits unchanged (470.090706ms)
react-test-renderer is deprecated. See https://react.dev/warnings/react-test-renderer
✔ long valid stop_loss limit attachment submits unchanged (297.437497ms)
react-test-renderer is deprecated. See https://react.dev/warnings/react-test-renderer
✔ long valid take_profit market attachment submits unchanged (235.243676ms)
react-test-renderer is deprecated. See https://react.dev/warnings/react-test-renderer
✔ long valid take_profit limit attachment submits unchanged (262.661307ms)
react-test-renderer is deprecated. See https://react.dev/warnings/react-test-renderer
✔ long valid stop_loss/take_profit market attachment submits unchanged (254.185199ms)
react-test-renderer is deprecated. See https://react.dev/warnings/react-test-renderer
✔ long valid stop_loss/take_profit limit attachment submits unchanged (317.871774ms)
react-test-renderer is deprecated. See https://react.dev/warnings/react-test-renderer
✔ short valid stop_loss market attachment submits unchanged (220.87907ms)
react-test-renderer is deprecated. See https://react.dev/warnings/react-test-renderer
✔ short valid stop_loss limit attachment submits unchanged (245.753452ms)
react-test-renderer is deprecated. See https://react.dev/warnings/react-test-renderer
✔ short valid take_profit market attachment submits unchanged (221.278283ms)
react-test-renderer is deprecated. See https://react.dev/warnings/react-test-renderer
✔ short valid take_profit limit attachment submits unchanged (243.093904ms)
react-test-renderer is deprecated. See https://react.dev/warnings/react-test-renderer
✔ short valid stop_loss/take_profit market attachment submits unchanged (242.18999ms)
react-test-renderer is deprecated. See https://react.dev/warnings/react-test-renderer
✔ short valid stop_loss/take_profit limit attachment submits unchanged (303.857903ms)
react-test-renderer is deprecated. See https://react.dev/warnings/react-test-renderer
✔ long/stop_loss rejects invalid trigger 100 before transport (206.168608ms)
react-test-renderer is deprecated. See https://react.dev/warnings/react-test-renderer
✔ long/stop_loss rejects invalid trigger 110 before transport (200.132381ms)
react-test-renderer is deprecated. See https://react.dev/warnings/react-test-renderer
✔ long/take_profit rejects invalid trigger 100 before transport (216.04169ms)
react-test-renderer is deprecated. See https://react.dev/warnings/react-test-renderer
✔ long/take_profit rejects invalid trigger 90 before transport (207.508677ms)
react-test-renderer is deprecated. See https://react.dev/warnings/react-test-renderer
✔ short/stop_loss rejects invalid trigger 100 before transport (208.447034ms)
react-test-renderer is deprecated. See https://react.dev/warnings/react-test-renderer
✔ short/stop_loss rejects invalid trigger 90 before transport (202.527112ms)
react-test-renderer is deprecated. See https://react.dev/warnings/react-test-renderer
✔ short/take_profit rejects invalid trigger 100 before transport (204.472533ms)
react-test-renderer is deprecated. See https://react.dev/warnings/react-test-renderer
✔ short/take_profit rejects invalid trigger 110 before transport (203.222708ms)
react-test-renderer is deprecated. See https://react.dev/warnings/react-test-renderer
✔ long attachment compares the full 16+8 decimal price without Number rounding (232.353033ms)
react-test-renderer is deprecated. See https://react.dev/warnings/react-test-renderer
✔ short attachment compares the full 16+8 decimal price without Number rounding (234.342556ms)
react-test-renderer is deprecated. See https://react.dev/warnings/react-test-renderer
✔ server trigger rejection retains direction guidance and the authoritative failure (176.941855ms)
react-test-renderer is deprecated. See https://react.dev/warnings/react-test-renderer
✔ Limit A/long/cross/1 uses the account contract (228.442424ms)
react-test-renderer is deprecated. See https://react.dev/warnings/react-test-renderer
✔ Limit A/long/cross/37 uses the account contract (213.665534ms)
react-test-renderer is deprecated. See https://react.dev/warnings/react-test-renderer
✔ Limit A/long/cross/100 uses the account contract (211.617064ms)
react-test-renderer is deprecated. See https://react.dev/warnings/react-test-renderer
✔ Limit A/long/isolated/1 uses the account contract (206.230063ms)
react-test-renderer is deprecated. See https://react.dev/warnings/react-test-renderer
✔ Limit A/long/isolated/37 uses the account contract (210.595025ms)
react-test-renderer is deprecated. See https://react.dev/warnings/react-test-renderer
✔ Limit A/long/isolated/100 uses the account contract (210.294039ms)
react-test-renderer is deprecated. See https://react.dev/warnings/react-test-renderer
✔ Limit A/short/cross/1 uses the account contract (204.751856ms)
react-test-renderer is deprecated. See https://react.dev/warnings/react-test-renderer
✔ Limit A/short/cross/37 uses the account contract (209.701741ms)
react-test-renderer is deprecated. See https://react.dev/warnings/react-test-renderer
✔ Limit A/short/cross/100 uses the account contract (207.645201ms)
react-test-renderer is deprecated. See https://react.dev/warnings/react-test-renderer
✔ Limit A/short/isolated/1 uses the account contract (210.019605ms)
react-test-renderer is deprecated. See https://react.dev/warnings/react-test-renderer
✔ Limit A/short/isolated/37 uses the account contract (223.186606ms)
react-test-renderer is deprecated. See https://react.dev/warnings/react-test-renderer
✔ Limit A/short/isolated/100 uses the account contract (215.629174ms)
react-test-renderer is deprecated. See https://react.dev/warnings/react-test-renderer
✔ Limit B/long/cross/1 uses the account contract (210.580966ms)
react-test-renderer is deprecated. See https://react.dev/warnings/react-test-renderer
✔ Limit B/long/cross/37 uses the account contract (208.860765ms)
react-test-renderer is deprecated. See https://react.dev/warnings/react-test-renderer
✔ Limit B/long/cross/100 uses the account contract (212.808367ms)
react-test-renderer is deprecated. See https://react.dev/warnings/react-test-renderer
✔ Limit B/long/isolated/1 uses the account contract (204.149067ms)
react-test-renderer is deprecated. See https://react.dev/warnings/react-test-renderer
✔ Limit B/long/isolated/37 uses the account contract (203.481396ms)
react-test-renderer is deprecated. See https://react.dev/warnings/react-test-renderer
✔ Limit B/long/isolated/100 uses the account contract (213.309247ms)
react-test-renderer is deprecated. See https://react.dev/warnings/react-test-renderer
✔ Limit B/short/cross/1 uses the account contract (210.468279ms)
react-test-renderer is deprecated. See https://react.dev/warnings/react-test-renderer
✔ Limit B/short/cross/37 uses the account contract (206.841933ms)
react-test-renderer is deprecated. See https://react.dev/warnings/react-test-renderer
✔ Limit B/short/cross/100 uses the account contract (227.6706ms)
react-test-renderer is deprecated. See https://react.dev/warnings/react-test-renderer
✔ Limit B/short/isolated/1 uses the account contract (215.456654ms)
react-test-renderer is deprecated. See https://react.dev/warnings/react-test-renderer
✔ Limit B/short/isolated/37 uses the account contract (217.983037ms)
react-test-renderer is deprecated. See https://react.dev/warnings/react-test-renderer
✔ Limit B/short/isolated/100 uses the account contract (213.866865ms)
react-test-renderer is deprecated. See https://react.dev/warnings/react-test-renderer
✔ Limit attaches stop_loss through the existing Protection editor (209.551251ms)
react-test-renderer is deprecated. See https://react.dev/warnings/react-test-renderer
✔ Limit attaches take_profit through the existing Protection editor (175.488827ms)
react-test-renderer is deprecated. See https://react.dev/warnings/react-test-renderer
✔ Limit attaches stop_loss/take_profit through the existing Protection editor (229.984959ms)
An update to FuturesLimitEntryForm inside a test was not wrapped in act(...).

When testing, code that causes React state updates should be wrapped into act(...):

act(() => {
  /* fire events that update state */
});
/* assert on the output */

This ensures that you're testing the behavior the user would see in the browser. Learn more at https://react.dev/link/wrap-tests-with-act
react-test-renderer is deprecated. See https://react.dev/warnings/react-test-renderer
✔ disabled capabilities keep TP/SL visible and stop a retained attached submit callback (204.831857ms)
react-test-renderer is deprecated. See https://react.dev/warnings/react-test-renderer
✔ REDUCE_ONLY stops new Limit entry after capability refetch (172.285284ms)
react-test-renderer is deprecated. See https://react.dev/warnings/react-test-renderer
✔ DISABLED stops new Limit entry after capability refetch (170.732247ms)
react-test-renderer is deprecated. See https://react.dev/warnings/react-test-renderer
✔ uncertain Limit retry preserves the exact intent and idempotency key (247.588713ms)
react-test-renderer is deprecated. See https://react.dev/warnings/react-test-renderer
✔ a new session clears an uncertain Limit request even for the same selected account (207.589092ms)
react-test-renderer is deprecated. See https://react.dev/warnings/react-test-renderer
✔ Limit callback cannot cross the account boundary (179.654507ms)
react-test-renderer is deprecated. See https://react.dev/warnings/react-test-renderer
✔ Limit callback cannot cross the session boundary (180.768368ms)
✔ the Market Futures instrument list navigates with its account and rejects stale selection (145.268368ms)
(node:949338) [MODULE_TYPELESS_PACKAGE_JSON] Warning: Module type of file:///home/nayuta/projects/trading-app/frontend/src/screens/futures/FuturesScreen.test.ts is not specified and it doesn't parse as CommonJS.
Reparsing as ES module because module syntax was detected. This incurs a performance overhead.
To eliminate this warning, add "type": "module" to /home/nayuta/projects/trading-app/frontend/package.json.
(Use `node --trace-warnings ...` to show where the warning was created)
react-test-renderer is deprecated. See https://react.dev/warnings/react-test-renderer
react-test-renderer is deprecated. See https://react.dev/warnings/react-test-renderer
✔ ENABLED: detailed card selects the existing trade form without submitting and keeps capability restrictions (418.343642ms)
react-test-renderer is deprecated. See https://react.dev/warnings/react-test-renderer
✔ REDUCE_ONLY: detailed card selects the existing trade form without submitting and keeps capability restrictions (193.628389ms)
react-test-renderer is deprecated. See https://react.dev/warnings/react-test-renderer
✔ DISABLED: detailed card selects the existing trade form without submitting and keeps capability restrictions (113.315264ms)
react-test-renderer is deprecated. See https://react.dev/warnings/react-test-renderer
✔ the detailed TP/SL entrance manages one existing group and never opens a duplicate registration (167.042098ms)
react-test-renderer is deprecated. See https://react.dev/warnings/react-test-renderer
✔ closing from the detailed card sends the existing captured quantity and removes the refreshed open position (171.120954ms)
react-test-renderer is deprecated. See https://react.dev/warnings/react-test-renderer
✔ Reduce/Close accepts a quiet market's re-confirmed older Futures Last trade (177.227972ms)
react-test-renderer is deprecated. See https://react.dev/warnings/react-test-renderer
✔ a Futures Last trade older than 60 seconds is not shown or executable (127.77345ms)
react-test-renderer is deprecated. See https://react.dev/warnings/react-test-renderer
✔ A 롱(Long) 격리(Isolated) 1x opens through account API (183.411705ms)
react-test-renderer is deprecated. See https://react.dev/warnings/react-test-renderer
✔ A 롱(Long) 격리(Isolated) 37x opens through account API (189.540781ms)
react-test-renderer is deprecated. See https://react.dev/warnings/react-test-renderer
✔ A 롱(Long) 격리(Isolated) 100x opens through account API (186.708271ms)
react-test-renderer is deprecated. See https://react.dev/warnings/react-test-renderer
✔ A 롱(Long) 교차(Cross) 1x opens through account API (185.754435ms)
react-test-renderer is deprecated. See https://react.dev/warnings/react-test-renderer
✔ A 롱(Long) 교차(Cross) 37x opens through account API (184.367183ms)
react-test-renderer is deprecated. See https://react.dev/warnings/react-test-renderer
✔ A 롱(Long) 교차(Cross) 100x opens through account API (189.343533ms)
react-test-renderer is deprecated. See https://react.dev/warnings/react-test-renderer
✔ A 숏(Short) 격리(Isolated) 1x opens through account API (194.977601ms)
react-test-renderer is deprecated. See https://react.dev/warnings/react-test-renderer
✔ A 숏(Short) 격리(Isolated) 37x opens through account API (205.072075ms)
react-test-renderer is deprecated. See https://react.dev/warnings/react-test-renderer
✔ A 숏(Short) 격리(Isolated) 100x opens through account API (196.310464ms)
react-test-renderer is deprecated. See https://react.dev/warnings/react-test-renderer
✔ A 숏(Short) 교차(Cross) 1x opens through account API (204.801102ms)
react-test-renderer is deprecated. See https://react.dev/warnings/react-test-renderer
✔ A 숏(Short) 교차(Cross) 37x opens through account API (196.262236ms)
react-test-renderer is deprecated. See https://react.dev/warnings/react-test-renderer
✔ A 숏(Short) 교차(Cross) 100x opens through account API (192.464891ms)
react-test-renderer is deprecated. See https://react.dev/warnings/react-test-renderer
✔ B 롱(Long) 격리(Isolated) 1x opens through account API (181.030796ms)
react-test-renderer is deprecated. See https://react.dev/warnings/react-test-renderer
✖ B 롱(Long) 격리(Isolated) 37x opens through account API (150.530916ms)
react-test-renderer is deprecated. See https://react.dev/warnings/react-test-renderer
✔ B 롱(Long) 격리(Isolated) 100x opens through account API (179.781021ms)
react-test-renderer is deprecated. See https://react.dev/warnings/react-test-renderer
✔ B 롱(Long) 교차(Cross) 1x opens through account API (187.595321ms)
react-test-renderer is deprecated. See https://react.dev/warnings/react-test-renderer
✔ B 롱(Long) 교차(Cross) 37x opens through account API (204.346808ms)
react-test-renderer is deprecated. See https://react.dev/warnings/react-test-renderer
✔ B 롱(Long) 교차(Cross) 100x opens through account API (186.304537ms)
react-test-renderer is deprecated. See https://react.dev/warnings/react-test-renderer
✔ B 숏(Short) 격리(Isolated) 1x opens through account API (190.643168ms)
react-test-renderer is deprecated. See https://react.dev/warnings/react-test-renderer
✔ B 숏(Short) 격리(Isolated) 37x opens through account API (189.486505ms)
react-test-renderer is deprecated. See https://react.dev/warnings/react-test-renderer
✔ B 숏(Short) 격리(Isolated) 100x opens through account API (178.161771ms)
react-test-renderer is deprecated. See https://react.dev/warnings/react-test-renderer
✔ B 숏(Short) 교차(Cross) 1x opens through account API (183.401131ms)
react-test-renderer is deprecated. See https://react.dev/warnings/react-test-renderer
✔ B 숏(Short) 교차(Cross) 37x opens through account API (189.76525ms)
react-test-renderer is deprecated. See https://react.dev/warnings/react-test-renderer
✔ B 숏(Short) 교차(Cross) 100x opens through account API (179.781438ms)
react-test-renderer is deprecated. See https://react.dev/warnings/react-test-renderer
✔ increase keeps lifetime direction, leverage and isolated (147.863446ms)
react-test-renderer is deprecated. See https://react.dev/warnings/react-test-renderer
✔ increase keeps lifetime direction, leverage and cross (143.245988ms)
react-test-renderer is deprecated. See https://react.dev/warnings/react-test-renderer
✔ reduce keeps lifetime direction, leverage and isolated (169.960939ms)
react-test-renderer is deprecated. See https://react.dev/warnings/react-test-renderer
✔ reduce keeps lifetime direction, leverage and cross (156.29569ms)
react-test-renderer is deprecated. See https://react.dev/warnings/react-test-renderer
✔ close keeps lifetime direction, leverage and isolated (150.504789ms)
react-test-renderer is deprecated. See https://react.dev/warnings/react-test-renderer
✔ close keeps lifetime direction, leverage and cross (154.69901ms)
react-test-renderer is deprecated. See https://react.dev/warnings/react-test-renderer
✔ ENABLED follows server capability and stale Mark still permits reduction (150.387688ms)
react-test-renderer is deprecated. See https://react.dev/warnings/react-test-renderer
✔ REDUCE_ONLY follows server capability and stale Mark still permits reduction (144.69221ms)
react-test-renderer is deprecated. See https://react.dev/warnings/react-test-renderer
✔ DISABLED follows server capability and stale Mark still permits reduction (147.506951ms)
react-test-renderer is deprecated. See https://react.dev/warnings/react-test-renderer
✔ uncertain execution retries its committed idempotency key; duplicate clicks submit once (200.3366ms)
react-test-renderer is deprecated. See https://react.dev/warnings/react-test-renderer
✔ route-bound account and scope epoch suppress a late A mutation after A→B→A (200.995679ms)
react-test-renderer is deprecated. See https://react.dev/warnings/react-test-renderer
✔ logout/login generation suppresses old success and cache invalidation (154.423492ms)
react-test-renderer is deprecated. See https://react.dev/warnings/react-test-renderer
{"event":"trading_account_response_scope_mismatch","endpoint":"/trading-accounts/A/futures/instruments","expectedAccountId":"A","actualAccountId":"B"}
{"event":"trading_account_response_scope_mismatch","endpoint":"/trading-accounts/A/futures/positions","expectedAccountId":"A","actualAccountId":"B"}
{"event":"trading_account_response_scope_mismatch","endpoint":"/trading-accounts/A/futures/executions?limit=20&offset=0","expectedAccountId":"A","actualAccountId":"B"}
{"event":"trading_account_response_scope_mismatch","endpoint":"/trading-accounts/A/futures/final-settlement","expectedAccountId":"A","actualAccountId":"B"}
✔ liquidation history exposes economic loss, actual cash and shortfall separately (132.3827ms)
react-test-renderer is deprecated. See https://react.dev/warnings/react-test-renderer
✔ scope mismatch and failed refresh hide financial data (92.495333ms)
✔ uncertain open replays the original command after poll shows a position and mode becomes DISABLED (183.279742ms)
(node:949555) [MODULE_TYPELESS_PACKAGE_JSON] Warning: Module type of file:///home/nayuta/projects/trading-app/frontend/src/screens/guide/guideContent.test.ts is not specified and it doesn't parse as CommonJS.
Reparsing as ES module because module syntax was detected. This incurs a performance overhead.
To eliminate this warning, add "type": "module" to /home/nayuta/projects/trading-app/frontend/package.json.
(Use `node --trace-warnings ...` to show where the warning was created)
react-test-renderer is deprecated. See https://react.dev/warnings/react-test-renderer
▶ local guide calculations
  ✔ derives thick/thin 20-share fills, averages and depleted levels without changing fixtures (7.63986ms)
  ✔ retains partial fills and empty averages for shared order exercises (0.268163ms)
  ✔ calculates candle ranges, opposing intrabar paths, and OHLC aggregation (0.218923ms)
  ✔ computes 12-share market buy from actual fills, not the displayed current price (0.295152ms)
✔ local guide calculations (9.034354ms)
react-test-renderer is deprecated. See https://react.dev/warnings/react-test-renderer
▶ continuous guide interactions
  ✔ opens the two market chapters through existing ActionPressable cards (131.858629ms)
react-test-renderer is deprecated. See https://react.dev/warnings/react-test-renderer
  ✔ walks exactly two liquidity exercises downward and preserves all prior results (93.071969ms)
react-test-renderer is deprecated. See https://react.dev/warnings/react-test-renderer
  ✔ connects all seven beginner terms to one candle before the builder (50.280701ms)
react-test-renderer is deprecated. See https://react.dev/warnings/react-test-renderer
  ✔ updates SVG geometry, replays both paths and aggregates only after results (102.01333ms)
react-test-renderer is deprecated. See https://react.dev/warnings/react-test-renderer
  ✔ keeps a limit order waiting through quote changes and fills only on eligible selling (76.901961ms)
react-test-renderer is deprecated. See https://react.dev/warnings/react-test-renderer
  ✔ explains both alternative order choices without teaching absolute superiority (54.832925ms)
react-test-renderer is deprecated. See https://react.dev/warnings/react-test-renderer
  ✔ reveals only the current limit exercise row, including a row taller than the viewport (38.986145ms)
react-test-renderer is deprecated. See https://react.dev/warnings/react-test-renderer
  ✔ follows the thin book during a stacked simultaneous comparison without competing scrolls (24.649072ms)
react-test-renderer is deprecated. See https://react.dev/warnings/react-test-renderer
  ✔ LiquidityScreen guards duplicate starts, pauses on blur, and clears timers on reset/unmount (33.467507ms)
react-test-renderer is deprecated. See https://react.dev/warnings/react-test-renderer
  ✔ CandlesScreen guards duplicate starts, pauses on blur, and clears timers on reset/unmount (36.591035ms)
react-test-renderer is deprecated. See https://react.dev/warnings/react-test-renderer
  ✔ OrderTypesScreen guards duplicate starts, pauses on blur, and clears timers on reset/unmount (26.346149ms)
react-test-renderer is deprecated. See https://react.dev/warnings/react-test-renderer
  ✔ LiquidityScreen wraps text and stacks comparisons at narrow widths and large font scales (66.315215ms)
react-test-renderer is deprecated. See https://react.dev/warnings/react-test-renderer
  ✔ CandlesScreen wraps text and stacks comparisons at narrow widths and large font scales (99.126232ms)
  ✔ OrderTypesScreen wraps text and stacks comparisons at narrow widths and large font scales (120.639797ms)
  ✔ isolates all educational modules from account, order and candle services (1.489598ms)
✔ continuous guide interactions (957.674239ms)
(node:949584) [MODULE_TYPELESS_PACKAGE_JSON] Warning: Module type of file:///home/nayuta/projects/trading-app/frontend/src/screens/guide/guideLesson.test.ts is not specified and it doesn't parse as CommonJS.
Reparsing as ES module because module syntax was detected. This incurs a performance overhead.
To eliminate this warning, add "type": "module" to /home/nayuta/projects/trading-app/frontend/package.json.
(Use `node --trace-warnings ...` to show where the warning was created)
react-test-renderer is deprecated. See https://react.dev/warnings/react-test-renderer
react-test-renderer is deprecated. See https://react.dev/warnings/react-test-renderer
▶ guide home and market basics lesson
  ✔ opens all six available guides with the existing touch surface (108.023106ms)
react-test-renderer is deprecated. See https://react.dev/warnings/react-test-renderer
react-test-renderer is deprecated. See https://react.dev/warnings/react-test-renderer
  ✔ shows the resting book, visibly executes each price level in order, then fully resets (109.452391ms)
react-test-renderer is deprecated. See https://react.dev/warnings/react-test-renderer
  ✔ pauses while blurred, cancels on unmount, and opens a fresh lesson (59.780022ms)
react-test-renderer is deprecated. See https://react.dev/warnings/react-test-renderer
  ✔ keeps text results and accessible quote labels, with unrestricted large-font layouts (67.527792ms)
react-test-renderer is deprecated. See https://react.dev/warnings/react-test-renderer
  ✔ keeps each result and its purchase values before the next exercise, preserving the first snapshot (56.844675ms)
react-test-renderer is deprecated. See https://react.dev/warnings/react-test-renderer
  ✔ reveals only exercise 2's active row on a narrow screen at font scale 1 (46.4071ms)
react-test-renderer is deprecated. See https://react.dev/warnings/react-test-renderer
  ✔ reveals only exercise 2's active row on a narrow screen at font scale 3 (47.912984ms)
react-test-renderer is deprecated. See https://react.dev/warnings/react-test-renderer
  ✔ waits for exercise 2 measurements and leaves visible rows in place (31.679554ms)
  ✔ enlarges home typography without restricting card text or button labels (17.141567ms)
✔ guide home and market basics lesson (546.011463ms)
(node:949602) [MODULE_TYPELESS_PACKAGE_JSON] Warning: Module type of file:///home/nayuta/projects/trading-app/frontend/src/screens/guide/marketGuides.test.ts is not specified and it doesn't parse as CommonJS.
Reparsing as ES module because module syntax was detected. This incurs a performance overhead.
To eliminate this warning, add "type": "module" to /home/nayuta/projects/trading-app/frontend/package.json.
(Use `node --trace-warnings ...` to show where the warning was created)
react-test-renderer is deprecated. See https://react.dev/warnings/react-test-renderer
▶ market guide calculations from local inputs
  ✔ converts actual winter/summer dates including next day and early close (8.562276ms)
  ✔ derives eligible auction quantities without mutating orders (0.262283ms)
  ✔ filters the same trades into OHLC, keeps raw candles, and sizes shared axes (0.245886ms)
  ✔ builds both market timelines from the same immutable session records (0.540879ms)
  ✔ conserves conversion value and keeps dividends receivable separate from cash (0.152804ms)
  ✔ computes index contributions, NAV, premium, normalized returns and dispersion (0.373955ms)
✔ market guide calculations from local inputs (10.806809ms)
react-test-renderer is deprecated. See https://react.dev/warnings/react-test-renderer
▶ new guide chapters preserve downward learning flow
  ✔ StockCharacteristics opens each chapter through the existing stack (183.151862ms)
react-test-renderer is deprecated. See https://react.dev/warnings/react-test-renderer
  ✔ CorporateActions opens each chapter through the existing stack (80.739862ms)
react-test-renderer is deprecated. See https://react.dev/warnings/react-test-renderer
  ✔ EtfIndex opens each chapter through the existing stack (59.297396ms)
react-test-renderer is deprecated. See https://react.dev/warnings/react-test-renderer
  ✔ compares Korea and the US on the same session timeline, then freezes before dates (140.74246ms)
react-test-renderer is deprecated. See https://react.dev/warnings/react-test-renderer
  ✔ collects without execution, creates first/last candles and compares US auctions sequentially (67.298307ms)
react-test-renderer is deprecated. See https://react.dev/warnings/react-test-renderer
  ✔ renders the gap and a falling candle with +6%, then filters the original records (65.719443ms)
  ✔ keeps three stock chapters without removed safeguards content (0.486491ms)
react-test-renderer is deprecated. See https://react.dev/warnings/react-test-renderer
  ✔ applies split/reverse once and preserves independent results (47.945396ms)
react-test-renderer is deprecated. See https://react.dev/warnings/react-test-renderer
  ✔ teaches dividends before two major phases and transfers receivable only on payment (72.635924ms)
react-test-renderer is deprecated. See https://react.dev/warnings/react-test-renderer
  ✔ adjusts all OHLC values on a common axis and keeps the prior chart fixed (51.520138ms)
react-test-renderer is deprecated. See https://react.dev/warnings/react-test-renderer
  ✔ teaches index then ETF before following, NAV and tracking (53.57312ms)
react-test-renderer is deprecated. See https://react.dev/warnings/react-test-renderer
  ✔ shows assets → fund → one ETF share without direct constituent ownership (47.315865ms)
react-test-renderer is deprecated. See https://react.dev/warnings/react-test-renderer
  ✔ applies one asset change to index, fund assets and per-share value together (45.291993ms)
react-test-renderer is deprecated. See https://react.dev/warnings/react-test-renderer
  ✔ separates net assets, unit NAV, premium and mismatched timestamps (51.515026ms)
react-test-renderer is deprecated. See https://react.dev/warnings/react-test-renderer
  ✔ compares normalized returns and sequential dispersion examples before product details (73.66324ms)
react-test-renderer is deprecated. See https://react.dev/warnings/react-test-renderer
  ✔ sessions resets locally, has no background playback and uses readable text (95.887616ms)
react-test-renderer is deprecated. See https://react.dev/warnings/react-test-renderer
  ✔ auctions resets locally, has no background playback and uses readable text (67.876143ms)
react-test-renderer is deprecated. See https://react.dev/warnings/react-test-renderer
  ✔ gaps resets locally, has no background playback and uses readable text (59.014838ms)
react-test-renderer is deprecated. See https://react.dev/warnings/react-test-renderer
  ✔ splits resets locally, has no background playback and uses readable text (38.397765ms)
react-test-renderer is deprecated. See https://react.dev/warnings/react-test-renderer
  ✔ dividends resets locally, has no background playback and uses readable text (53.073116ms)
react-test-renderer is deprecated. See https://react.dev/warnings/react-test-renderer
  ✔ adjusted resets locally, has no background playback and uses readable text (39.73317ms)
react-test-renderer is deprecated. See https://react.dev/warnings/react-test-renderer
  ✔ index resets locally, has no background playback and uses readable text (48.28429ms)
react-test-renderer is deprecated. See https://react.dev/warnings/react-test-renderer
  ✔ etf resets locally, has no background playback and uses readable text (43.006563ms)
react-test-renderer is deprecated. See https://react.dev/warnings/react-test-renderer
  ✔ following resets locally, has no background playback and uses readable text (35.746409ms)
react-test-renderer is deprecated. See https://react.dev/warnings/react-test-renderer
  ✔ nav resets locally, has no background playback and uses readable text (45.24179ms)
  ✔ tracking resets locally, has no background playback and uses readable text (53.440332ms)
  ✔ shares existing real chart colors without changing the market chart policy (0.673026ms)
✔ new guide chapters preserve downward learning flow (1622.520911ms)
(node:949870) [MODULE_TYPELESS_PACKAGE_JSON] Warning: Module type of file:///home/nayuta/projects/trading-app/frontend/src/screens/history/TradeHistoryScreen.test.ts is not specified and it doesn't parse as CommonJS.
Reparsing as ES module because module syntax was detected. This incurs a performance overhead.
To eliminate this warning, add "type": "module" to /home/nayuta/projects/trading-app/frontend/package.json.
(Use `node --trace-warnings ...` to show where the warning was created)
react-test-renderer is deprecated. See https://react.dev/warnings/react-test-renderer
react-test-renderer is deprecated. See https://react.dev/warnings/react-test-renderer
✔ route {"accountId":"historical"} pins read, filter, pagination, refresh and cancel across account switching (382.339077ms)
react-test-renderer is deprecated. See https://react.dev/warnings/react-test-renderer
✔ route {"seasonId":"record-0"} pins read, filter, pagination, refresh and cancel across account switching (251.74866ms)
react-test-renderer is deprecated. See https://react.dev/warnings/react-test-renderer
✔ submitted order polling respects focus, foreground and terminal state (140.803323ms)
✔ foreign/missing subjects cannot fall back to the selected account (76.139861ms)
(node:949894) [MODULE_TYPELESS_PACKAGE_JSON] Warning: Module type of file:///home/nayuta/projects/trading-app/frontend/src/screens/home/financialDiagnostics.test.ts is not specified and it doesn't parse as CommonJS.
Reparsing as ES module because module syntax was detected. This incurs a performance overhead.
To eliminate this warning, add "type": "module" to /home/nayuta/projects/trading-app/frontend/package.json.
(Use `node --trace-warnings ...` to show where the warning was created)
react-test-renderer is deprecated. See https://react.dev/warnings/react-test-renderer
react-test-renderer is deprecated. See https://react.dev/warnings/react-test-renderer
✔ Home account lookup: original failure, safe copy and user gate (546.77366ms)
react-test-renderer is deprecated. See https://react.dev/warnings/react-test-renderer
✔ Holdings preview: original failure, safe copy and user gate (329.563914ms)
react-test-renderer is deprecated. See https://react.dev/warnings/react-test-renderer
✔ Holdings full: original failure, safe copy and user gate (349.120642ms)
react-test-renderer is deprecated. See https://react.dev/warnings/react-test-renderer
✔ Home portfolio: original failure, safe copy and user gate (290.749091ms)
react-test-renderer is deprecated. See https://react.dev/warnings/react-test-renderer
✔ Home equity: original failure, safe copy and user gate (322.540187ms)
react-test-renderer is deprecated. See https://react.dev/warnings/react-test-renderer
✔ Wallet portfolio: original failure, safe copy and user gate (152.520421ms)
react-test-renderer is deprecated. See https://react.dev/warnings/react-test-renderer
✔ Wallet cash: original failure, safe copy and user gate (140.219492ms)
react-test-renderer is deprecated. See https://react.dev/warnings/react-test-renderer
✔ Wallet holdings: original failure, safe copy and user gate (131.132094ms)
react-test-renderer is deprecated. See https://react.dev/warnings/react-test-renderer
✔ Wallet equity: original failure, safe copy and user gate (164.68726ms)
react-test-renderer is deprecated. See https://react.dev/warnings/react-test-renderer
✔ Wallet ledger: original failure, safe copy and user gate (92.951372ms)
react-test-renderer is deprecated. See https://react.dev/warnings/react-test-renderer
✔ Portfolio overview: original failure, safe copy and user gate (129.168214ms)
react-test-renderer is deprecated. See https://react.dev/warnings/react-test-renderer
✔ Portfolio equity: original failure, safe copy and user gate (126.573638ms)
react-test-renderer is deprecated. See https://react.dev/warnings/react-test-renderer
✔ Trade history: original failure, safe copy and user gate (103.009313ms)
react-test-renderer is deprecated. See https://react.dev/warnings/react-test-renderer
✔ Home account lookup: original failure, safe copy and operator gate (272.623788ms)
react-test-renderer is deprecated. See https://react.dev/warnings/react-test-renderer
✔ Holdings preview: original failure, safe copy and operator gate (298.443413ms)
react-test-renderer is deprecated. See https://react.dev/warnings/react-test-renderer
✔ Holdings full: original failure, safe copy and operator gate (303.225269ms)
react-test-renderer is deprecated. See https://react.dev/warnings/react-test-renderer
✔ Home portfolio: original failure, safe copy and operator gate (267.627195ms)
react-test-renderer is deprecated. See https://react.dev/warnings/react-test-renderer
✔ Home equity: original failure, safe copy and operator gate (325.243294ms)
react-test-renderer is deprecated. See https://react.dev/warnings/react-test-renderer
✔ Wallet portfolio: original failure, safe copy and operator gate (134.442936ms)
react-test-renderer is deprecated. See https://react.dev/warnings/react-test-renderer
✔ Wallet cash: original failure, safe copy and operator gate (138.994152ms)
react-test-renderer is deprecated. See https://react.dev/warnings/react-test-renderer
✔ Wallet holdings: original failure, safe copy and operator gate (133.571298ms)
react-test-renderer is deprecated. See https://react.dev/warnings/react-test-renderer
✔ Wallet equity: original failure, safe copy and operator gate (168.020448ms)
react-test-renderer is deprecated. See https://react.dev/warnings/react-test-renderer
✔ Wallet ledger: original failure, safe copy and operator gate (94.679602ms)
react-test-renderer is deprecated. See https://react.dev/warnings/react-test-renderer
✔ Portfolio overview: original failure, safe copy and operator gate (114.602579ms)
react-test-renderer is deprecated. See https://react.dev/warnings/react-test-renderer
✔ Portfolio equity: original failure, safe copy and operator gate (132.130413ms)
react-test-renderer is deprecated. See https://react.dev/warnings/react-test-renderer
✔ Trade history: original failure, safe copy and operator gate (100.336248ms)
react-test-renderer is deprecated. See https://react.dev/warnings/react-test-renderer
✔ Home account lookup: original failure, safe copy and admin gate (296.278502ms)
react-test-renderer is deprecated. See https://react.dev/warnings/react-test-renderer
✔ Holdings preview: original failure, safe copy and admin gate (293.368093ms)
react-test-renderer is deprecated. See https://react.dev/warnings/react-test-renderer
✔ Holdings full: original failure, safe copy and admin gate (328.043768ms)
react-test-renderer is deprecated. See https://react.dev/warnings/react-test-renderer
✔ Home portfolio: original failure, safe copy and admin gate (343.954871ms)
react-test-renderer is deprecated. See https://react.dev/warnings/react-test-renderer
✔ Home equity: original failure, safe copy and admin gate (348.843336ms)
react-test-renderer is deprecated. See https://react.dev/warnings/react-test-renderer
✔ Wallet portfolio: original failure, safe copy and admin gate (168.858653ms)
react-test-renderer is deprecated. See https://react.dev/warnings/react-test-renderer
✔ Wallet cash: original failure, safe copy and admin gate (170.856804ms)
react-test-renderer is deprecated. See https://react.dev/warnings/react-test-renderer
✔ Wallet holdings: original failure, safe copy and admin gate (169.103351ms)
react-test-renderer is deprecated. See https://react.dev/warnings/react-test-renderer
✔ Wallet equity: original failure, safe copy and admin gate (213.183977ms)
react-test-renderer is deprecated. See https://react.dev/warnings/react-test-renderer
✔ Wallet ledger: original failure, safe copy and admin gate (129.70611ms)
react-test-renderer is deprecated. See https://react.dev/warnings/react-test-renderer
✔ Portfolio overview: original failure, safe copy and admin gate (152.878653ms)
react-test-renderer is deprecated. See https://react.dev/warnings/react-test-renderer
✔ Portfolio equity: original failure, safe copy and admin gate (147.840623ms)
react-test-renderer is deprecated. See https://react.dev/warnings/react-test-renderer
✔ Trade history: original failure, safe copy and admin gate (130.218705ms)
react-test-renderer is deprecated. See https://react.dev/warnings/react-test-renderer
✔ Holdings preview: wiring preserves the previous default public copy even for a known error code (276.978621ms)
react-test-renderer is deprecated. See https://react.dev/warnings/react-test-renderer
✔ Holdings full: wiring preserves the previous default public copy even for a known error code (327.372609ms)
react-test-renderer is deprecated. See https://react.dev/warnings/react-test-renderer
✔ Wallet account lookup: wiring preserves the previous default public copy even for a known error code (153.745262ms)
react-test-renderer is deprecated. See https://react.dev/warnings/react-test-renderer
✔ Wallet portfolio: wiring preserves the previous default public copy even for a known error code (137.940874ms)
react-test-renderer is deprecated. See https://react.dev/warnings/react-test-renderer
✔ Wallet cash: wiring preserves the previous default public copy even for a known error code (141.241531ms)
react-test-renderer is deprecated. See https://react.dev/warnings/react-test-renderer
✔ Wallet holdings: wiring preserves the previous default public copy even for a known error code (140.49157ms)
react-test-renderer is deprecated. See https://react.dev/warnings/react-test-renderer
✔ home: account list rejection precedes empty state and retry succeeds (380.642987ms)
react-test-renderer is deprecated. See https://react.dev/warnings/react-test-renderer
✔ wallet: account list rejection precedes empty state and retry succeeds (230.111185ms)
react-test-renderer is deprecated. See https://react.dev/warnings/react-test-renderer
✔ portfolio: account list rejection precedes empty state and retry succeeds (224.145862ms)
react-test-renderer is deprecated. See https://react.dev/warnings/react-test-renderer
✔ ledger: account list rejection precedes empty state and retry succeeds (188.196633ms)
react-test-renderer is deprecated. See https://react.dev/warnings/react-test-renderer
✔ history: account list rejection precedes empty state and retry succeeds (203.480696ms)
react-test-renderer is deprecated. See https://react.dev/warnings/react-test-renderer
✔ general Home: HTTP 200 section failure is preserved, separate from a rejected query (354.168655ms)
react-test-renderer is deprecated. See https://react.dev/warnings/react-test-renderer
✔ season Home: HTTP 200 section failure is preserved, separate from a rejected query (331.769816ms)
react-test-renderer is deprecated. See https://react.dev/warnings/react-test-renderer
✔ home: existing valuation diagnostic survives complete holdings, with no fabricated unavailable failure (366.999561ms)
react-test-renderer is deprecated. See https://react.dev/warnings/react-test-renderer
✔ wallet: existing valuation diagnostic survives complete holdings, with no fabricated unavailable failure (203.729269ms)
react-test-renderer is deprecated. See https://react.dev/warnings/react-test-renderer
✔ wallet: real integrity failure keeps its classification and original diagnostic (184.747327ms)
react-test-renderer is deprecated. See https://react.dev/warnings/react-test-renderer
✔ ledger: real integrity failure keeps its classification and original diagnostic (127.095679ms)
react-test-renderer is deprecated. See https://react.dev/warnings/react-test-renderer
✔ history: real integrity failure keeps its classification and original diagnostic (132.205615ms)
react-test-renderer is deprecated. See https://react.dev/warnings/react-test-renderer
✔ Portfolio: concurrent generic and integrity failures select the actual integrity request (166.080181ms)
react-test-renderer is deprecated. See https://react.dev/warnings/react-test-renderer
✔ Wallet: simultaneous independent query failures keep distinct error/diagnostic pairs and retry one request (204.903478ms)
react-test-renderer is deprecated. See https://react.dev/warnings/react-test-renderer
✔ Portfolio: concurrent positions/equity errors retain both matching diagnostics in the partial notice (162.969225ms)
react-test-renderer is deprecated. See https://react.dev/warnings/react-test-renderer
✔ Holdings preview: successful retry clears the failed request diagnostic (364.501494ms)
react-test-renderer is deprecated. See https://react.dev/warnings/react-test-renderer
✔ Holdings full: successful retry clears the failed request diagnostic (386.858915ms)
react-test-renderer is deprecated. See https://react.dev/warnings/react-test-renderer
✔ Home portfolio: successful retry clears the failed request diagnostic (389.462642ms)
react-test-renderer is deprecated. See https://react.dev/warnings/react-test-renderer
✔ Wallet portfolio: successful retry clears the failed request diagnostic (233.362342ms)
react-test-renderer is deprecated. See https://react.dev/warnings/react-test-renderer
✔ Wallet cash: successful retry clears the failed request diagnostic (229.032685ms)
react-test-renderer is deprecated. See https://react.dev/warnings/react-test-renderer
✔ Wallet holdings: successful retry clears the failed request diagnostic (234.091274ms)
react-test-renderer is deprecated. See https://react.dev/warnings/react-test-renderer
✔ Wallet ledger: successful retry clears the failed request diagnostic (188.11055ms)
react-test-renderer is deprecated. See https://react.dev/warnings/react-test-renderer
✔ Portfolio overview: successful retry clears the failed request diagnostic (214.026541ms)
react-test-renderer is deprecated. See https://react.dev/warnings/react-test-renderer
✔ Trade history: successful retry clears the failed request diagnostic (195.812335ms)
react-test-renderer is deprecated. See https://react.dev/warnings/react-test-renderer
✔ home: failed account A diagnostics disappear on account B (337.616461ms)
react-test-renderer is deprecated. See https://react.dev/warnings/react-test-renderer
✔ wallet: failed account A diagnostics disappear on account B (215.088996ms)
react-test-renderer is deprecated. See https://react.dev/warnings/react-test-renderer
✔ ledger: failed account A diagnostics disappear on account B (160.311605ms)
react-test-renderer is deprecated. See https://react.dev/warnings/react-test-renderer
✔ portfolio: failed account A diagnostics disappear on account B (183.99892ms)
react-test-renderer is deprecated. See https://react.dev/warnings/react-test-renderer
✔ diagnostics fail closed when /me is unresolved (130.061247ms)
react-test-renderer is deprecated. See https://react.dev/warnings/react-test-renderer
✔ diagnostics fail closed when /me is lookup-failed (159.244405ms)
react-test-renderer is deprecated. See https://react.dev/warnings/react-test-renderer
✔ home: successful empty data has no backend diagnostic (269.593904ms)
react-test-renderer is deprecated. See https://react.dev/warnings/react-test-renderer
✔ wallet: successful empty data has no backend diagnostic (126.496855ms)
react-test-renderer is deprecated. See https://react.dev/warnings/react-test-renderer
✔ portfolio: successful empty data has no backend diagnostic (114.90589ms)
react-test-renderer is deprecated. See https://react.dev/warnings/react-test-renderer
✔ ledger: successful empty data has no backend diagnostic (90.344384ms)
react-test-renderer is deprecated. See https://react.dev/warnings/react-test-renderer
✔ history: successful empty data has no backend diagnostic (99.377769ms)
react-test-renderer is deprecated. See https://react.dev/warnings/react-test-renderer
✔ cancel mutation: safe existing alert, original inline failure and user gate (274.709552ms)
react-test-renderer is deprecated. See https://react.dev/warnings/react-test-renderer
✔ cancel mutation: safe existing alert, original inline failure and operator gate (261.410289ms)
react-test-renderer is deprecated. See https://react.dev/warnings/react-test-renderer
✔ cancel mutation: safe existing alert, original inline failure and admin gate (301.852119ms)
react-test-renderer is deprecated. See https://react.dev/warnings/react-test-renderer
✔ cancel errors are pinned to the history route, and cannot survive changing its subject (297.104795ms)
react-test-renderer is deprecated. See https://react.dev/warnings/react-test-renderer
✔ late cancel failure and an old confirmation cannot attach to an A→B→A history scope (356.398161ms)
react-test-renderer is deprecated. See https://react.dev/warnings/react-test-renderer
✔ Futures collateral query: safe copy, original error and user gate (169.337089ms)
react-test-renderer is deprecated. See https://react.dev/warnings/react-test-renderer
✔ Futures collateral query: safe copy, original error and operator gate (160.554446ms)
react-test-renderer is deprecated. See https://react.dev/warnings/react-test-renderer
✔ Futures collateral query: safe copy, original error and admin gate (157.172058ms)
react-test-renderer is deprecated. See https://react.dev/warnings/react-test-renderer
✔ Futures collateral integrity failure uses the existing integrity state, while normal unavailable collateral has no diagnostic (186.275677ms)
react-test-renderer is deprecated. See https://react.dev/warnings/react-test-renderer
✔ existing transfer mutation wiring preserves user gate and clears after success (115.659595ms)
react-test-renderer is deprecated. See https://react.dev/warnings/react-test-renderer
✔ existing transfer mutation wiring preserves operator gate and clears after success (119.910573ms)
react-test-renderer is deprecated. See https://react.dev/warnings/react-test-renderer
✔ existing transfer mutation wiring preserves admin gate and clears after success (116.897067ms)
react-test-renderer is deprecated. See https://react.dev/warnings/react-test-renderer
✔ Order wallet query failure reaches the existing public copy and user gate (131.024179ms)
react-test-renderer is deprecated. See https://react.dev/warnings/react-test-renderer
✔ Order wallet query failure reaches the existing public copy and operator gate (113.649872ms)
react-test-renderer is deprecated. See https://react.dev/warnings/react-test-renderer
✔ Order wallet query failure reaches the existing public copy and admin gate (101.698375ms)
react-test-renderer is deprecated. See https://react.dev/warnings/react-test-renderer
✔ order: account query rejection reaches its actual error UI for user (102.84329ms)
react-test-renderer is deprecated. See https://react.dev/warnings/react-test-renderer
✔ futures: account query rejection reaches its actual error UI for user (156.289753ms)
react-test-renderer is deprecated. See https://react.dev/warnings/react-test-renderer
✔ order: account query rejection reaches its actual error UI for operator (110.388002ms)
react-test-renderer is deprecated. See https://react.dev/warnings/react-test-renderer
✔ futures: account query rejection reaches its actual error UI for operator (160.627534ms)
react-test-renderer is deprecated. See https://react.dev/warnings/react-test-renderer
✔ order: account query rejection reaches its actual error UI for admin (100.324674ms)
react-test-renderer is deprecated. See https://react.dev/warnings/react-test-renderer
✔ futures: account query rejection reaches its actual error UI for admin (150.986126ms)
react-test-renderer is deprecated. See https://react.dev/warnings/react-test-renderer
✔ Home season header: existing ranking failure notice preserves its own diagnostic for user (315.579778ms)
react-test-renderer is deprecated. See https://react.dev/warnings/react-test-renderer
✔ Home season header: existing ranking failure notice preserves its own diagnostic for operator (288.132334ms)
react-test-renderer is deprecated. See https://react.dev/warnings/react-test-renderer
✔ Home season header: existing ranking failure notice preserves its own diagnostic for admin (293.526372ms)
✔ FX: HTTP 200 unavailable wallets do not borrow a rate failure (81.454402ms)
✔ FX: wallet rejection selects only its own failure (66.476406ms)
react-test-renderer is deprecated. See https://react.dev/warnings/react-test-renderer
✔ Order concurrent generic position and wallet integrity errors select only the actual integrity failure (102.899403ms)
react-test-renderer is deprecated. See https://react.dev/warnings/react-test-renderer
✔ existing quote mutation wiring preserves user gate and clears after success (107.459934ms)
react-test-renderer is deprecated. See https://react.dev/warnings/react-test-renderer
✔ existing quote mutation wiring preserves operator gate and clears after success (110.90537ms)
react-test-renderer is deprecated. See https://react.dev/warnings/react-test-renderer
✔ existing quote mutation wiring preserves admin gate and clears after success (116.715102ms)
react-test-renderer is deprecated. See https://react.dev/warnings/react-test-renderer
✔ existing create mutation wiring preserves user gate and clears after success (112.075498ms)
react-test-renderer is deprecated. See https://react.dev/warnings/react-test-renderer
✔ existing create mutation wiring preserves operator gate and clears after success (107.44497ms)
react-test-renderer is deprecated. See https://react.dev/warnings/react-test-renderer
✔ existing create mutation wiring preserves admin gate and clears after success (112.432088ms)
react-test-renderer is deprecated. See https://react.dev/warnings/react-test-renderer
✔ Futures instruments query failure connects its original error for user (176.494359ms)
react-test-renderer is deprecated. See https://react.dev/warnings/react-test-renderer
✔ Futures instruments query failure connects its original error for operator (180.896491ms)
react-test-renderer is deprecated. See https://react.dev/warnings/react-test-renderer
✔ Futures instruments query failure connects its original error for admin (199.557956ms)
react-test-renderer is deprecated. See https://react.dev/warnings/react-test-renderer
✔ Futures executions query failure connects its original error for user (184.449595ms)
react-test-renderer is deprecated. See https://react.dev/warnings/react-test-renderer
✔ Futures executions query failure connects its original error for operator (181.478786ms)
react-test-renderer is deprecated. See https://react.dev/warnings/react-test-renderer
✔ Futures executions query failure connects its original error for admin (182.335017ms)
react-test-renderer is deprecated. See https://react.dev/warnings/react-test-renderer
✔ equity range change does not reuse the preceding range failure (364.047686ms)
react-test-renderer is deprecated. See https://react.dev/warnings/react-test-renderer
✔ transfer timeout: uncertain outcome, observed runtime and pinned retry for user (115.673581ms)
react-test-renderer is deprecated. See https://react.dev/warnings/react-test-renderer
✔ transfer timeout: uncertain outcome, observed runtime and pinned retry for operator (112.120686ms)
react-test-renderer is deprecated. See https://react.dev/warnings/react-test-renderer
✔ transfer timeout: uncertain outcome, observed runtime and pinned retry for admin (126.487756ms)
react-test-renderer is deprecated. See https://react.dev/warnings/react-test-renderer
✔ transfer network: uncertain outcome, observed runtime and pinned retry for user (112.569691ms)
react-test-renderer is deprecated. See https://react.dev/warnings/react-test-renderer
✔ transfer network: uncertain outcome, observed runtime and pinned retry for operator (122.785286ms)
react-test-renderer is deprecated. See https://react.dev/warnings/react-test-renderer
✔ transfer network: uncertain outcome, observed runtime and pinned retry for admin (112.134895ms)
react-test-renderer is deprecated. See https://react.dev/warnings/react-test-renderer
✔ transfer contract: uncertain outcome, observed runtime and pinned retry for user (131.410213ms)
react-test-renderer is deprecated. See https://react.dev/warnings/react-test-renderer
✔ transfer contract: uncertain outcome, observed runtime and pinned retry for operator (142.035731ms)
react-test-renderer is deprecated. See https://react.dev/warnings/react-test-renderer
✔ transfer contract: uncertain outcome, observed runtime and pinned retry for admin (136.972955ms)
react-test-renderer is deprecated. See https://react.dev/warnings/react-test-renderer
✔ order timeout at quote: client observations never assert server execution failure (103.583142ms)
react-test-renderer is deprecated. See https://react.dev/warnings/react-test-renderer
✔ order timeout at execute: client observations never assert server execution failure (122.24396ms)
react-test-renderer is deprecated. See https://react.dev/warnings/react-test-renderer
✔ portfolio renders each failed query once, even when its partial notice is visible (175.688514ms)
react-test-renderer is deprecated. See https://react.dev/warnings/react-test-renderer
✔ order quote response validation preserves uncertainty without an automatic second mutation (120.59061ms)
react-test-renderer is deprecated. See https://react.dev/warnings/react-test-renderer
✔ order execute response validation preserves uncertainty without an automatic second mutation (115.671794ms)
react-test-renderer is deprecated. See https://react.dev/warnings/react-test-renderer
✔ home cached live-valuation failure: user gate, sanitization and recovery (336.341719ms)
react-test-renderer is deprecated. See https://react.dev/warnings/react-test-renderer
✔ home cached live-valuation failure: operator gate, sanitization and recovery (322.31763ms)
react-test-renderer is deprecated. See https://react.dev/warnings/react-test-renderer
✔ home cached live-valuation failure: admin gate, sanitization and recovery (323.953195ms)
react-test-renderer is deprecated. See https://react.dev/warnings/react-test-renderer
✔ portfolio cached live-valuation failure: user gate, sanitization and recovery (176.674695ms)
react-test-renderer is deprecated. See https://react.dev/warnings/react-test-renderer
✔ portfolio cached live-valuation failure: operator gate, sanitization and recovery (198.799859ms)
✔ portfolio cached live-valuation failure: admin gate, sanitization and recovery (196.698702ms)
(node:950711) [MODULE_TYPELESS_PACKAGE_JSON] Warning: Module type of file:///home/nayuta/projects/trading-app/frontend/src/screens/home/generalAccountHome.test.ts is not specified and it doesn't parse as CommonJS.
Reparsing as ES module because module syntax was detected. This incurs a performance overhead.
To eliminate this warning, add "type": "module" to /home/nayuta/projects/trading-app/frontend/package.json.
(Use `node --trace-warnings ...` to show where the warning was created)
▶ GeneralAccountHome independent financial reads
  ✔ does not gate position queries on portfolio availability (0.460371ms)
  ✔ moves cash and history to Wallet instead of repeating its cards (0.132077ms)
  ✔ does not turn missing position query data into an empty list (0.117538ms)
  ✔ does not render raw portfolio exception messages (0.059477ms)
  ✔ has no exchange-only capability notice or wiring (0.068205ms)
✔ GeneralAccountHome independent financial reads (1.463975ms)
(node:950718) [MODULE_TYPELESS_PACKAGE_JSON] Warning: Module type of file:///home/nayuta/projects/trading-app/frontend/src/screens/home/holdingsAndPositions.test.ts is not specified and it doesn't parse as CommonJS.
Reparsing as ES module because module syntax was detected. This incurs a performance overhead.
To eliminate this warning, add "type": "module" to /home/nayuta/projects/trading-app/frontend/package.json.
(Use `node --trace-warnings ...` to show where the warning was created)
react-test-renderer is deprecated. See https://react.dev/warnings/react-test-renderer
react-test-renderer is deprecated. See https://react.dev/warnings/react-test-renderer
✔ general: Spot 0 / Futures 0 remain separate and navigate to their domain (400.932354ms)
react-test-renderer is deprecated. See https://react.dev/warnings/react-test-renderer
✔ general: Spot 1 / Futures 0 remain separate and navigate to their domain (221.615108ms)
react-test-renderer is deprecated. See https://react.dev/warnings/react-test-renderer
✔ general: Spot 0 / Futures 1 remain separate and navigate to their domain (211.259504ms)
react-test-renderer is deprecated. See https://react.dev/warnings/react-test-renderer
✔ general: Spot 1 / Futures 1 remain separate and navigate to their domain (242.18143ms)
react-test-renderer is deprecated. See https://react.dev/warnings/react-test-renderer
✔ season: Spot 0 / Futures 0 remain separate and navigate to their domain (167.012071ms)
react-test-renderer is deprecated. See https://react.dev/warnings/react-test-renderer
✔ season: Spot 1 / Futures 0 remain separate and navigate to their domain (192.742878ms)
react-test-renderer is deprecated. See https://react.dev/warnings/react-test-renderer
✔ season: Spot 0 / Futures 1 remain separate and navigate to their domain (195.784632ms)
react-test-renderer is deprecated. See https://react.dev/warnings/react-test-renderer
✔ season: Spot 1 / Futures 1 remain separate and navigate to their domain (225.416094ms)
react-test-renderer is deprecated. See https://react.dev/warnings/react-test-renderer
✔ beginner: Spot 0 / Futures 0 remain separate and navigate to their domain (157.927687ms)
react-test-renderer is deprecated. See https://react.dev/warnings/react-test-renderer
✔ beginner: Spot 1 / Futures 0 remain separate and navigate to their domain (203.824263ms)
react-test-renderer is deprecated. See https://react.dev/warnings/react-test-renderer
✔ beginner: Spot 0 / Futures 1 remain separate and navigate to their domain (189.333813ms)
react-test-renderer is deprecated. See https://react.dev/warnings/react-test-renderer
✔ beginner: Spot 1 / Futures 1 remain separate and navigate to their domain (219.918122ms)
react-test-renderer is deprecated. See https://react.dev/warnings/react-test-renderer
✔ a failed positions read never makes both domains look empty (156.709761ms)
react-test-renderer is deprecated. See https://react.dev/warnings/react-test-renderer
✔ a failed futures read never makes both domains look empty (116.434996ms)
react-test-renderer is deprecated. See https://react.dev/warnings/react-test-renderer
✔ a late Futures response cannot paint an outgoing account after General→Season→Beginner (215.635241ms)
✔ opening a Futures position for the same BTC leaves the Spot count, quantity, canonical value and PnL intact (149.324828ms)
(node:950827) [MODULE_TYPELESS_PACKAGE_JSON] Warning: Module type of file:///home/nayuta/projects/trading-app/frontend/src/screens/home/homeDiscovery.test.ts is not specified and it doesn't parse as CommonJS.
Reparsing as ES module because module syntax was detected. This incurs a performance overhead.
To eliminate this warning, add "type": "module" to /home/nayuta/projects/trading-app/frontend/package.json.
(Use `node --trace-warnings ...` to show where the warning was created)
react-test-renderer is deprecated. See https://react.dev/warnings/react-test-renderer
react-test-renderer is deprecated. See https://react.dev/warnings/react-test-renderer
✔ season: 0 holdings use server order, lazy complete pagination and collapse (355.361924ms)
react-test-renderer is deprecated. See https://react.dev/warnings/react-test-renderer
✔ season: 1 holdings use server order, lazy complete pagination and collapse (162.666378ms)
react-test-renderer is deprecated. See https://react.dev/warnings/react-test-renderer
✔ season: 7 holdings use server order, lazy complete pagination and collapse (251.922414ms)
react-test-renderer is deprecated. See https://react.dev/warnings/react-test-renderer
✔ season: 207 holdings use server order, lazy complete pagination and collapse (256.081677ms)
react-test-renderer is deprecated. See https://react.dev/warnings/react-test-renderer
✔ general: 0 holdings use server order, lazy complete pagination and collapse (137.329593ms)
react-test-renderer is deprecated. See https://react.dev/warnings/react-test-renderer
✔ general: 1 holdings use server order, lazy complete pagination and collapse (130.1425ms)
react-test-renderer is deprecated. See https://react.dev/warnings/react-test-renderer
✔ general: 7 holdings use server order, lazy complete pagination and collapse (230.765463ms)
react-test-renderer is deprecated. See https://react.dev/warnings/react-test-renderer
✔ general: 207 holdings use server order, lazy complete pagination and collapse (229.817659ms)
react-test-renderer is deprecated. See https://react.dev/warnings/react-test-renderer
✔ unavailable valuations have no arbitrary representative but remain accessible, including a lone position (195.780136ms)
react-test-renderer is deprecated. See https://react.dev/warnings/react-test-renderer
✔ a later page failure retains the representative and retry never presents a partial list as complete (229.627663ms)
react-test-renderer is deprecated. See https://react.dev/warnings/react-test-renderer
✔ HOT uses the Market turnover DESC result and stable order for each category, with exact navigation (420.830797ms)
react-test-renderer is deprecated. See https://react.dev/warnings/react-test-renderer
✔ HOT omits unavailable, invalid and inactive turnover without refilling; zero is valid (158.784647ms)
react-test-renderer is deprecated. See https://react.dev/warnings/react-test-renderer
✔ Crypto HOT renders the five rows verified by the backend writer-to-Assets contract (162.460403ms)
react-test-renderer is deprecated. See https://react.dev/warnings/react-test-renderer
✔ category changes never relabel the previous response and late account reads cannot mix holdings or ranking (283.82148ms)
✔ Home and Wallet share the complete holdings cache but the preview shape remains separate (189.954426ms)
(node:951014) [MODULE_TYPELESS_PACKAGE_JSON] Warning: Module type of file:///home/nayuta/projects/trading-app/frontend/src/screens/home/homeHeader.test.ts is not specified and it doesn't parse as CommonJS.
Reparsing as ES module because module syntax was detected. This incurs a performance overhead.
To eliminate this warning, add "type": "module" to /home/nayuta/projects/trading-app/frontend/package.json.
(Use `node --trace-warnings ...` to show where the warning was created)
react-test-renderer is deprecated. See https://react.dev/warnings/react-test-renderer
react-test-renderer is deprecated. See https://react.dev/warnings/react-test-renderer
✔ Native season heading has intrinsic width at 320px and ignores a zero-width layout pass (128.977188ms)
react-test-renderer is deprecated. See https://react.dev/warnings/react-test-renderer
✔ Native season heading has intrinsic width at 360px and ignores a zero-width layout pass (51.041332ms)
react-test-renderer is deprecated. See https://react.dev/warnings/react-test-renderer
✔ Native season heading has intrinsic width at 390px and ignores a zero-width layout pass (29.940469ms)
react-test-renderer is deprecated. See https://react.dev/warnings/react-test-renderer
✔ Native season heading has intrinsic width at 430px and ignores a zero-width layout pass (27.406705ms)
react-test-renderer is deprecated. See https://react.dev/warnings/react-test-renderer
✔ a genuinely wrapped heading stacks only its content, keeps the caption with the emblem, and resets on a wider viewport (31.391265ms)
react-test-renderer is deprecated. See https://react.dev/warnings/react-test-renderer
✔ large fonts (1.5) grow by content without a duplicate artwork minimum (25.954366ms)
react-test-renderer is deprecated. See https://react.dev/warnings/react-test-renderer
react-test-renderer is deprecated. See https://react.dev/warnings/react-test-renderer
react-test-renderer is deprecated. See https://react.dev/warnings/react-test-renderer
react-test-renderer is deprecated. See https://react.dev/warnings/react-test-renderer
react-test-renderer is deprecated. See https://react.dev/warnings/react-test-renderer
react-test-renderer is deprecated. See https://react.dev/warnings/react-test-renderer
react-test-renderer is deprecated. See https://react.dev/warnings/react-test-renderer
react-test-renderer is deprecated. See https://react.dev/warnings/react-test-renderer
react-test-renderer is deprecated. See https://react.dev/warnings/react-test-renderer
react-test-renderer is deprecated. See https://react.dev/warnings/react-test-renderer
✔ large fonts (2) grow by content without a duplicate artwork minimum (26.259441ms)
✔ Home context is spacious, quiet and opens the existing account selection sheet (22.694784ms)
✔ Home preserves the important account/season context: 일시정지 (21.92787ms)
✔ Home preserves the important account/season context: 종료 (26.41907ms)
✔ Home preserves the important account/season context: 시작 전 (17.39442ms)
✔ Home preserves the important account/season context: 종료됨 (18.694318ms)
✔ Home preserves the important account/season context: 정산 완료 (19.081278ms)
✔ Home preserves the important account/season context: 참가 등록 (17.690862ms)
✔ Home preserves the important account/season context: 참가 제외 (19.245922ms)
✔ Home preserves the important account/season context: 참가 종료 (25.338219ms)
✔ Home preserves the important account/season context: 보상 지급 완료 (17.161669ms)
(node:951039) [MODULE_TYPELESS_PACKAGE_JSON] Warning: Module type of file:///home/nayuta/projects/trading-app/frontend/src/screens/home/homeIntegration.test.ts is not specified and it doesn't parse as CommonJS.
Reparsing as ES module because module syntax was detected. This incurs a performance overhead.
To eliminate this warning, add "type": "module" to /home/nayuta/projects/trading-app/frontend/package.json.
(Use `node --trace-warnings ...` to show where the warning was created)
▶ Home asset hierarchy and real portfolio/ranking/me sources
  ✔ general puts total assets and performance before details, with competition only in season (298.436686ms)
  ✔ general keeps unknown performance and unavailable summaries explicit (119.879427ms)
  ✔ general Hero uses compact labels from the response method, independently of account mode (83.632742ms)
  ✔ season puts total assets and performance before details, with competition only in season (97.788187ms)
  ✔ season keeps unknown performance and unavailable summaries explicit (71.123175ms)
  ✔ season Hero uses compact labels from the response method, independently of account mode (82.069005ms)
  ✔ settled season uses final labels and the existing final tier source (75.255754ms)
✔ Home asset hierarchy and real portfolio/ranking/me sources (829.031785ms)
▶ Home keeps exchange entry in Wallet
  ✔ general has no Home exchange and Wallet opens WalletFx for the selected account (86.709198ms)
  ✔ general suspended keeps trade restrictions and Wallet exchange gating/history (76.834704ms)
  ✔ general closed keeps trade restrictions and Wallet exchange gating/history (76.630253ms)
  ✔ general does not offer exchange before capabilities are available (73.403316ms)
  ✔ general shows only relevant trade notices, independently of exchange capability (70.136993ms)
  ✔ season has no Home exchange and Wallet opens WalletFx for the selected account (77.763327ms)
  ✔ season suspended keeps trade restrictions and Wallet exchange gating/history (69.807982ms)
  ✔ season closed keeps trade restrictions and Wallet exchange gating/history (68.377524ms)
  ✔ season does not offer exchange before capabilities are available (63.889761ms)
  ✔ season shows only relevant trade notices, independently of exchange capability (75.31134ms)
  ✔ season trade restrictions and reward entry remain: {"seasonStatus":"ended"} (60.386302ms)
  ✔ season trade restrictions and reward entry remain: {"seasonStatus":"settled"} (75.215552ms)
  ✔ season trade restrictions and reward entry remain: {"participantStatus":"excluded"} (60.474213ms)
  ✔ season trade restrictions and reward entry remain: {"participantStatus":"finished"} (67.152546ms)
  ✔ season trade restrictions and reward entry remain: {"endAt":"2026-09-09T00:00:00Z"} (63.97303ms)
  ✔ general ↔ season switches keep Home free of exchange and Wallet FX scoped to the selected account (117.581066ms)
✔ Home keeps exchange entry in Wallet (1184.412072ms)
▶ general/season home API, queries, rendering and navigation integration
  ✔ general opens daily trend above positions and reachable wallet history and its unique features (74.912359ms)
  ✔ general equity integrity failure gates the entire home, while a transient failure stays local (67.081075ms)
  ✔ general switches never keep previous query data beneath another account name (66.936597ms)
  ✔ season opens daily trend above positions and reachable wallet history and its unique features (67.328115ms)
  ✔ season equity integrity failure gates the entire home, while a transient failure stays local (76.223181ms)
  ✔ season switches never keep previous query data beneath another account name (55.967329ms)
  ✔ rejects malformed/duplicate/out-of-order daily data instead of repairing or showing zero (0.62462ms)
  ✔ general refuses malformed daily envelopes at the API boundary and closes the whole home (715.610673ms)
  ✔ general accepts only an explicit empty history, never an unavailable response as empty (0.211223ms)
  ✔ season refuses malformed daily envelopes at the API boundary and closes the whole home (699.37412ms)
  ✔ season accepts only an explicit empty history, never an unavailable response as empty (0.165135ms)
✔ general/season home API, queries, rendering and navigation integration (1824.780161ms)
▶ wallet button through destination TradeHistory account lookup and API
  ✔ general can actually load the explicitly selected account orders at the destination (103.361816ms)
  ✔ season can actually load the explicitly selected account orders at the destination (93.112992ms)
✔ wallet button through destination TradeHistory account lookup and API (196.576093ms)
✔ general disclosure, ranges and account switches keep adjacent scoped daily content (78.479321ms)
✔ season disclosure, ranges and account switches keep adjacent scoped daily content (75.440376ms)
(node:951170) [MODULE_TYPELESS_PACKAGE_JSON] Warning: Module type of file:///home/nayuta/projects/trading-app/frontend/src/screens/home/homePortfolioRecovery.test.ts is not specified and it doesn't parse as CommonJS.
Reparsing as ES module because module syntax was detected. This incurs a performance overhead.
To eliminate this warning, add "type": "module" to /home/nayuta/projects/trading-app/frontend/package.json.
(Use `node --trace-warnings ...` to show where the warning was created)
react-test-renderer is deprecated. See https://react.dev/warnings/react-test-renderer
react-test-renderer is deprecated. See https://react.dev/warnings/react-test-renderer
✔ general: persistent failure names portfolio, retains context, passes diagnostics and recovers once on focus (413.852853ms)
react-test-renderer is deprecated. See https://react.dev/warnings/react-test-renderer
✔ general: structural failure is fail closed and is never retried by timer/focus (192.559146ms)
react-test-renderer is deprecated. See https://react.dev/warnings/react-test-renderer
✔ general: success-envelope unavailable remains a notice, not a full request error (209.756646ms)
react-test-renderer is deprecated. See https://react.dev/warnings/react-test-renderer
✔ season: persistent failure names portfolio, retains context, passes diagnostics and recovers once on focus (212.919414ms)
react-test-renderer is deprecated. See https://react.dev/warnings/react-test-renderer
✔ season: structural failure is fail closed and is never retried by timer/focus (168.508458ms)
✔ season: success-envelope unavailable remains a notice, not a full request error (195.032391ms)
(node:951212) [MODULE_TYPELESS_PACKAGE_JSON] Warning: Module type of file:///home/nayuta/projects/trading-app/frontend/src/screens/home/homeRefresh.test.ts is not specified and it doesn't parse as CommonJS.
Reparsing as ES module because module syntax was detected. This incurs a performance overhead.
To eliminate this warning, add "type": "module" to /home/nayuta/projects/trading-app/frontend/package.json.
(Use `node --trace-warnings ...` to show where the warning was created)
react-test-renderer is deprecated. See https://react.dev/warnings/react-test-renderer
react-test-renderer is deprecated. See https://react.dev/warnings/react-test-renderer
✔ general: refresh covers context, current HOT and expanded holdings, retaining disclosures and scope (695.929132ms)
✔ season: refresh covers context, current HOT and expanded holdings, retaining disclosures and scope (492.790369ms)
(node:951255) [MODULE_TYPELESS_PACKAGE_JSON] Warning: Module type of file:///home/nayuta/projects/trading-app/frontend/src/screens/home/homeTier.test.ts is not specified and it doesn't parse as CommonJS.
Reparsing as ES module because module syntax was detected. This incurs a performance overhead.
To eliminate this warning, add "type": "module" to /home/nayuta/projects/trading-app/frontend/package.json.
(Use `node --trace-warnings ...` to show where the warning was created)
react-test-renderer is deprecated. See https://react.dev/warnings/react-test-renderer
react-test-renderer is deprecated. See https://react.dev/warnings/react-test-renderer
✔ bronze selects its complete provided emblem and Home presentation in both appearances (157.663642ms)
react-test-renderer is deprecated. See https://react.dev/warnings/react-test-renderer
✔ silver selects its complete provided emblem and Home presentation in both appearances (54.691582ms)
react-test-renderer is deprecated. See https://react.dev/warnings/react-test-renderer
✔ gold selects its complete provided emblem and Home presentation in both appearances (34.851125ms)
react-test-renderer is deprecated. See https://react.dev/warnings/react-test-renderer
✔ platinum selects its complete provided emblem and Home presentation in both appearances (34.038069ms)
react-test-renderer is deprecated. See https://react.dev/warnings/react-test-renderer
✔ diamond selects its complete provided emblem and Home presentation in both appearances (28.271449ms)
react-test-renderer is deprecated. See https://react.dev/warnings/react-test-renderer
✔ master selects its complete provided emblem and Home presentation in both appearances (27.077359ms)
react-test-renderer is deprecated. See https://react.dev/warnings/react-test-renderer
✔ daily/final selection preserves the existing getRankingTier policy (29.501349ms)
react-test-renderer is deprecated. See https://react.dev/warnings/react-test-renderer
✔ loading uses neutral visuals, including errors retaining cached data (26.700446ms)
react-test-renderer is deprecated. See https://react.dev/warnings/react-test-renderer
✔ error uses neutral visuals, including errors retaining cached data (21.165627ms)
react-test-renderer is deprecated. See https://react.dev/warnings/react-test-renderer
✔ null uses neutral visuals, including errors retaining cached data (20.65856ms)
react-test-renderer is deprecated. See https://react.dev/warnings/react-test-renderer
✔ unknown uses neutral visuals, including errors retaining cached data (18.580333ms)
react-test-renderer is deprecated. See https://react.dev/warnings/react-test-renderer
✔ response-unavailable uses neutral visuals, including errors retaining cached data (21.334347ms)
react-test-renderer is deprecated. See https://react.dev/warnings/react-test-renderer
✔ my-unavailable uses neutral visuals, including errors retaining cached data (23.935496ms)
react-test-renderer is deprecated. See https://react.dev/warnings/react-test-renderer
✔ not-joined uses neutral visuals, including errors retaining cached data (19.853525ms)
react-test-renderer is deprecated. See https://react.dev/warnings/react-test-renderer
✔ missing-season uses neutral visuals, including errors retaining cached data (20.465858ms)
react-test-renderer is deprecated. See https://react.dev/warnings/react-test-renderer
✔ missing-response uses neutral visuals, including errors retaining cached data (25.519725ms)
✔ unknown identifiers cannot select an inherited property or invent a tier (0.187038ms)
react-test-renderer is deprecated. See https://react.dev/warnings/react-test-renderer
✔ general account has no tier, frame, background or rank; missing me does not remove a valid tier (19.036394ms)
react-test-renderer is deprecated. See https://react.dev/warnings/react-test-renderer
✔ supplies the emblem beside the account information and leaves all text untruncated (17.46728ms)
✔ an unavailable rank never prints an invalid number or hides the known tier (18.771745ms)
(node:951280) [MODULE_TYPELESS_PACKAGE_JSON] Warning: Module type of file:///home/nayuta/projects/trading-app/frontend/src/screens/home/settledPortfolio.test.ts is not specified and it doesn't parse as CommonJS.
Reparsing as ES module because module syntax was detected. This incurs a performance overhead.
To eliminate this warning, add "type": "module" to /home/nayuta/projects/trading-app/frontend/package.json.
(Use `node --trace-warnings ...` to show where the warning was created)
react-test-renderer is deprecated. See https://react.dev/warnings/react-test-renderer
react-test-renderer is deprecated. See https://react.dev/warnings/react-test-renderer
✔ settled Home hero uses final totals and never labels current UPNL as final (108.353391ms)
react-test-renderer is deprecated. See https://react.dev/warnings/react-test-renderer
✔ missing settled evidence does not fall back to a live summary (28.668662ms)
react-test-renderer is deprecated. See https://react.dev/warnings/react-test-renderer
✔ account-scoped Season Home passes the authoritative final result to the hero (317.814299ms)
✔ Portfolio shows immutable final summary and clearly labels live holdings as reference (72.925001ms)
(node:951308) [MODULE_TYPELESS_PACKAGE_JSON] Warning: Module type of file:///home/nayuta/projects/trading-app/frontend/src/screens/home/tierAssets.test.ts is not specified and it doesn't parse as CommonJS.
Reparsing as ES module because module syntax was detected. This incurs a performance overhead.
To eliminate this warning, add "type": "module" to /home/nayuta/projects/trading-app/frontend/package.json.
(Use `node --trace-warnings ...` to show where the warning was created)
react-test-renderer is deprecated. See https://react.dev/warnings/react-test-renderer
react-test-renderer is deprecated. See https://react.dev/warnings/react-test-renderer
react-test-renderer is deprecated. See https://react.dev/warnings/react-test-renderer
react-test-renderer is deprecated. See https://react.dev/warnings/react-test-renderer
react-test-renderer is deprecated. See https://react.dev/warnings/react-test-renderer
react-test-renderer is deprecated. See https://react.dev/warnings/react-test-renderer
react-test-renderer is deprecated. See https://react.dev/warnings/react-test-renderer
react-test-renderer is deprecated. See https://react.dev/warnings/react-test-renderer
react-test-renderer is deprecated. See https://react.dev/warnings/react-test-renderer
react-test-renderer is deprecated. See https://react.dev/warnings/react-test-renderer
react-test-renderer is deprecated. See https://react.dev/warnings/react-test-renderer
react-test-renderer is deprecated. See https://react.dev/warnings/react-test-renderer
✔ maps all twelve original background PNGs to the exact tier and appearance (85.142735ms)
✔ keeps supplied emblems verbatim, preserves the existing slots and scales both axes uniformly (53.198108ms)
(node:951322) [MODULE_TYPELESS_PACKAGE_JSON] Warning: Module type of file:///home/nayuta/projects/trading-app/frontend/src/screens/market/MarketScreen.test.ts is not specified and it doesn't parse as CommonJS.
Reparsing as ES module because module syntax was detected. This incurs a performance overhead.
To eliminate this warning, add "type": "module" to /home/nayuta/projects/trading-app/frontend/package.json.
(Use `node --trace-warnings ...` to show where the warning was created)
▶ MarketScreen partial-price warning policy
  ✔ keeps API price errors without rendering the main-market warning (0.487608ms)
  ✔ continues to render every API item through the existing price policy (0.134934ms)
  ✔ keeps the realtime reconnect warning (0.134859ms)
  ✔ keeps normal pagination and does not add an account-mode warning branch (0.078071ms)
  ✔ leaves the separate search-result warning unchanged (0.047239ms)
✔ MarketScreen partial-price warning policy (1.423692ms)
✔ uses the shared socket for market and search session transitions without per-client REST polling (0.672747ms)
(node:951330) [MODULE_TYPELESS_PACKAGE_JSON] Warning: Module type of file:///home/nayuta/projects/trading-app/frontend/src/screens/my/SettingsScreen.test.ts is not specified and it doesn't parse as CommonJS.
Reparsing as ES module because module syntax was detected. This incurs a performance overhead.
To eliminate this warning, add "type": "module" to /home/nayuta/projects/trading-app/frontend/package.json.
(Use `node --trace-warnings ...` to show where the warning was created)
react-test-renderer is deprecated. See https://react.dev/warnings/react-test-renderer
react-test-renderer is deprecated. See https://react.dev/warnings/react-test-renderer
▶ Settings portfolio privacy switch
  ✔ uses matching compact Secondary switches while notifications remain local (115.683141ms)
react-test-renderer is deprecated. See https://react.dev/warnings/react-test-renderer
  ✔ shows GET /me true and immediately changes true to false without saving copy (53.782904ms)
react-test-renderer is deprecated. See https://react.dev/warnings/react-test-renderer
  ✔ immediately changes false to true and confirms the server response (40.131044ms)
react-test-renderer is deprecated. See https://react.dev/warnings/react-test-renderer
  ✔ uses an unexpected server Boolean and does not wait for summary invalidation (33.727342ms)
react-test-renderer is deprecated. See https://react.dev/warnings/react-test-renderer
  ✔ rolls back only portfolioPublic and alerts on PATCH failure (34.473604ms)
react-test-renderer is deprecated. See https://react.dev/warnings/react-test-renderer
  ✔ serializes rapid toggles and preserves the final explicit choice (34.087495ms)
react-test-renderer is deprecated. See https://react.dev/warnings/react-test-renderer
  ✔ does not restore a previous session from a late PATCH response (27.535203ms)
react-test-renderer is deprecated. See https://react.dev/warnings/react-test-renderer
react-test-renderer is deprecated. See https://react.dev/warnings/react-test-renderer
  ✔ refetches persisted /me on reentry and keeps nickname editing (36.427492ms)
✔ Settings portfolio privacy switch (376.738052ms)
react-test-renderer is deprecated. See https://react.dev/warnings/react-test-renderer
▶ Settings appearance preference
  ✔ offers system, light and dark and applies a choice immediately without a profile PATCH (25.987373ms)
✔ Settings appearance preference (26.117357ms)
react-test-renderer is deprecated. See https://react.dev/warnings/react-test-renderer
▶ Settings financial palette preference
  ✔ offers exactly two presets, defaults to Red/Blue and never PATCHes a profile (28.722184ms)
✔ Settings financial palette preference (28.824516ms)
react-test-renderer is deprecated. See https://react.dev/warnings/react-test-renderer
▶ Settings profile image management
  ✔ offers add with no image and change/delete with an existing image (25.360939ms)
react-test-renderer is deprecated. See https://react.dev/warnings/react-test-renderer
  ✔ cancels selection without an upload or cache change (22.558029ms)
react-test-renderer is deprecated. See https://react.dev/warnings/react-test-renderer
  ✔ shows safe permission/manipulation errors and keeps the prior photo (33.140231ms)
react-test-renderer is deprecated. See https://react.dev/warnings/react-test-renderer
  ✔ blocks rapid selection, replacement and deletion until upload completes (27.53071ms)
react-test-renderer is deprecated. See https://react.dev/warnings/react-test-renderer
  ✔ keeps current photo on upload/delete failure and allows retry (28.219332ms)
react-test-renderer is deprecated. See https://react.dev/warnings/react-test-renderer
  ✔ blocks concurrent delete actions then immediately restores the default avatar (26.795234ms)
react-test-renderer is deprecated. See https://react.dev/warnings/react-test-renderer
  ✔ preserves unsaved nickname input when a photo changes (24.911758ms)
react-test-renderer is deprecated. See https://react.dev/warnings/react-test-renderer
  ✔ keeps a new photo when an earlier privacy PATCH finishes later (33.737231ms)
react-test-renderer is deprecated. See https://react.dev/warnings/react-test-renderer
  ✔ updates the same session cache when navigating away during an upload (36.804736ms)
react-test-renderer is deprecated. See https://react.dev/warnings/react-test-renderer
  ✔ does not send a selected photo after unmount or restore a late response after logout (34.058199ms)
✔ Settings profile image management (293.573452ms)
(node:951359) [MODULE_TYPELESS_PACKAGE_JSON] Warning: Module type of file:///home/nayuta/projects/trading-app/frontend/src/screens/order/orderInputPolicy.test.ts is not specified and it doesn't parse as CommonJS.
Reparsing as ES module because module syntax was detected. This incurs a performance overhead.
To eliminate this warning, add "type": "module" to /home/nayuta/projects/trading-app/frontend/package.json.
(Use `node --trace-warnings ...` to show where the warning was created)
react-test-renderer is deprecated. See https://react.dev/warnings/react-test-renderer
react-test-renderer is deprecated. See https://react.dev/warnings/react-test-renderer
✔ general crypto BUY market: amount is the request intent and quoted quantity is authoritative (373.837049ms)
react-test-renderer is deprecated. See https://react.dev/warnings/react-test-renderer
✔ general crypto BUY limit: amount is the request intent and quoted quantity is authoritative (157.839188ms)
react-test-renderer is deprecated. See https://react.dev/warnings/react-test-renderer
✔ general domestic_stock buy: fractional market, integer-only limit and no automatic type switch (132.771331ms)
react-test-renderer is deprecated. See https://react.dev/warnings/react-test-renderer
✔ general domestic_stock sell: fractional market, integer-only limit and no automatic type switch (134.316471ms)
react-test-renderer is deprecated. See https://react.dev/warnings/react-test-renderer
✔ general us_stock buy: fractional market, integer-only limit and no automatic type switch (128.963614ms)
react-test-renderer is deprecated. See https://react.dev/warnings/react-test-renderer
✔ general us_stock sell: fractional market, integer-only limit and no automatic type switch (114.998316ms)
react-test-renderer is deprecated. See https://react.dev/warnings/react-test-renderer
✔ season crypto BUY market: amount is the request intent and quoted quantity is authoritative (111.720891ms)
react-test-renderer is deprecated. See https://react.dev/warnings/react-test-renderer
✔ season crypto BUY limit: amount is the request intent and quoted quantity is authoritative (114.437054ms)
react-test-renderer is deprecated. See https://react.dev/warnings/react-test-renderer
✔ season domestic_stock buy: fractional market, integer-only limit and no automatic type switch (111.084788ms)
react-test-renderer is deprecated. See https://react.dev/warnings/react-test-renderer
✔ season domestic_stock sell: fractional market, integer-only limit and no automatic type switch (104.321189ms)
react-test-renderer is deprecated. See https://react.dev/warnings/react-test-renderer
✔ season us_stock buy: fractional market, integer-only limit and no automatic type switch (130.366449ms)
react-test-renderer is deprecated. See https://react.dev/warnings/react-test-renderer
✔ season us_stock sell: fractional market, integer-only limit and no automatic type switch (111.844914ms)
react-test-renderer is deprecated. See https://react.dev/warnings/react-test-renderer
✔ stock manual input still requests server Quote when preview has missing-price (111.803265ms)
react-test-renderer is deprecated. See https://react.dev/warnings/react-test-renderer
✔ stock manual input still requests server Quote when preview has stale-price (98.873979ms)
react-test-renderer is deprecated. See https://react.dev/warnings/react-test-renderer
✔ stock manual input still requests server Quote when preview has fee (97.323016ms)
react-test-renderer is deprecated. See https://react.dev/warnings/react-test-renderer
✔ manual stock input receives PRICE_UNAVAILABLE from Backend without preview blocking Quote (97.817924ms)
react-test-renderer is deprecated. See https://react.dev/warnings/react-test-renderer
✔ manual stock input receives PRICE_STALE from Backend without preview blocking Quote (95.94399ms)
react-test-renderer is deprecated. See https://react.dev/warnings/react-test-renderer
✔ manual stock input receives MARKET_CLOSED from Backend without preview blocking Quote (110.211061ms)
react-test-renderer is deprecated. See https://react.dev/warnings/react-test-renderer
✔ manual stock input receives MARKET_CALENDAR_UNAVAILABLE from Backend without preview blocking Quote (109.235996ms)
react-test-renderer is deprecated. See https://react.dev/warnings/react-test-renderer
✔ crypto amount ratios need cash and actual fee, not a price, and 100% covers fees (93.768135ms)
react-test-renderer is deprecated. See https://react.dev/warnings/react-test-renderer
✔ a quote for another amount cannot create, while a server quantity differing from preview can (95.919239ms)
react-test-renderer is deprecated. See https://react.dev/warnings/react-test-renderer
✔ crypto amount quote with invalid quantity 0 cannot create (96.647781ms)
react-test-renderer is deprecated. See https://react.dev/warnings/react-test-renderer
✔ crypto amount quote with invalid quantity -1 cannot create (97.440409ms)
react-test-renderer is deprecated. See https://react.dev/warnings/react-test-renderer
✔ crypto amount quote with invalid quantity NaN cannot create (102.387894ms)
✔ crypto amount quote with invalid quantity Infinity cannot create (102.980775ms)
(node:951453) [MODULE_TYPELESS_PACKAGE_JSON] Warning: Module type of file:///home/nayuta/projects/trading-app/frontend/src/screens/order/orderWarningUx.test.ts is not specified and it doesn't parse as CommonJS.
Reparsing as ES module because module syntax was detected. This incurs a performance overhead.
To eliminate this warning, add "type": "module" to /home/nayuta/projects/trading-app/frontend/package.json.
(Use `node --trace-warnings ...` to show where the warning was created)
react-test-renderer is deprecated. See https://react.dev/warnings/react-test-renderer
react-test-renderer is deprecated. See https://react.dev/warnings/react-test-renderer
▶ order screen warning meaning
  ✔ calls an available but stale REST display price old, never absent, and keeps server Quote reachable (373.70438ms)
react-test-renderer is deprecated. See https://react.dev/warnings/react-test-renderer
  ✔ uses the absent-price copy only when the display price is actually absent (154.254467ms)
react-test-renderer is deprecated. See https://react.dev/warnings/react-test-renderer
  ✔ domestic_stock CLOSED market has one session warning and CLOSED limit has no session/price warning (135.494322ms)
react-test-renderer is deprecated. See https://react.dev/warnings/react-test-renderer
  ✔ us_stock CLOSED market has one session warning and CLOSED limit has no session/price warning (141.019849ms)
react-test-renderer is deprecated. See https://react.dev/warnings/react-test-renderer
react-test-renderer is deprecated. See https://react.dev/warnings/react-test-renderer
  ✔ keeps fresh OPEN stock and crypto UX without a new warning (234.351736ms)
react-test-renderer is deprecated. See https://react.dev/warnings/react-test-renderer
  ✔ removes duplicate general account labels from order and holdings while pending remains scoped (103.440603ms)
  ✔ removes duplicate season account labels from order and holdings while pending remains scoped (106.391431ms)
✔ order screen warning meaning (1249.500612ms)
(node:951493) [MODULE_TYPELESS_PACKAGE_JSON] Warning: Module type of file:///home/nayuta/projects/trading-app/frontend/src/screens/order/quantityRatio.test.ts is not specified and it doesn't parse as CommonJS.
Reparsing as ES module because module syntax was detected. This incurs a performance overhead.
To eliminate this warning, add "type": "module" to /home/nayuta/projects/trading-app/frontend/package.json.
(Use `node --trace-warnings ...` to show where the warning was created)
react-test-renderer is deprecated. See https://react.dev/warnings/react-test-renderer
react-test-renderer is deprecated. See https://react.dev/warnings/react-test-renderer
✔ inline general buy market: presets and slider share quantity policy and selection (377.231673ms)
react-test-renderer is deprecated. See https://react.dev/warnings/react-test-renderer
✔ inline general buy limit: presets and slider share quantity policy and selection (168.745674ms)
react-test-renderer is deprecated. See https://react.dev/warnings/react-test-renderer
✔ inline general sell market: presets and slider share quantity policy and selection (130.657276ms)
react-test-renderer is deprecated. See https://react.dev/warnings/react-test-renderer
✔ inline general sell limit: presets and slider share quantity policy and selection (127.651532ms)
react-test-renderer is deprecated. See https://react.dev/warnings/react-test-renderer
✔ inline season buy market: presets and slider share quantity policy and selection (132.29164ms)
react-test-renderer is deprecated. See https://react.dev/warnings/react-test-renderer
✔ inline season buy limit: presets and slider share quantity policy and selection (128.802808ms)
react-test-renderer is deprecated. See https://react.dev/warnings/react-test-renderer
✔ inline season sell market: presets and slider share quantity policy and selection (106.333338ms)
react-test-renderer is deprecated. See https://react.dev/warnings/react-test-renderer
✔ inline season sell limit: presets and slider share quantity policy and selection (120.775628ms)
react-test-renderer is deprecated. See https://react.dev/warnings/react-test-renderer
✔ standalone general buy market: presets and slider share quantity policy and selection (116.36084ms)
react-test-renderer is deprecated. See https://react.dev/warnings/react-test-renderer
✔ standalone general buy limit: presets and slider share quantity policy and selection (113.808292ms)
react-test-renderer is deprecated. See https://react.dev/warnings/react-test-renderer
✔ standalone general sell market: presets and slider share quantity policy and selection (105.501407ms)
react-test-renderer is deprecated. See https://react.dev/warnings/react-test-renderer
✔ standalone general sell limit: presets and slider share quantity policy and selection (116.741212ms)
react-test-renderer is deprecated. See https://react.dev/warnings/react-test-renderer
✔ standalone season buy market: presets and slider share quantity policy and selection (133.607829ms)
react-test-renderer is deprecated. See https://react.dev/warnings/react-test-renderer
✔ standalone season buy limit: presets and slider share quantity policy and selection (117.470417ms)
react-test-renderer is deprecated. See https://react.dev/warnings/react-test-renderer
✔ standalone season sell market: presets and slider share quantity policy and selection (104.84083ms)
react-test-renderer is deprecated. See https://react.dev/warnings/react-test-renderer
✔ standalone season sell limit: presets and slider share quantity policy and selection (115.563937ms)
react-test-renderer is deprecated. See https://react.dev/warnings/react-test-renderer
✔ six-decimal flooring preserves the selected ratio; rejected tiny quantity does not move the controls (94.825651ms)
react-test-renderer is deprecated. See https://react.dev/warnings/react-test-renderer
✔ manual edits, price, reservations, limit changes and side/account changes never retain stale selection (128.633557ms)
react-test-renderer is deprecated. See https://react.dev/warnings/react-test-renderer
✔ balance: slider blocks changes and preset retains the existing explanation (90.982017ms)
react-test-renderer is deprecated. See https://react.dev/warnings/react-test-renderer
✔ wallet-loading: slider blocks changes and preset retains the existing explanation (92.074666ms)
react-test-renderer is deprecated. See https://react.dev/warnings/react-test-renderer
✔ wallet-error: slider blocks changes and preset retains the existing explanation (108.996404ms)
react-test-renderer is deprecated. See https://react.dev/warnings/react-test-renderer
✔ price: slider blocks changes and preset retains the existing explanation (93.645434ms)
react-test-renderer is deprecated. See https://react.dev/warnings/react-test-renderer
✔ limit: slider blocks changes and preset retains the existing explanation (88.859514ms)
react-test-renderer is deprecated. See https://react.dev/warnings/react-test-renderer
✔ holding: slider blocks changes and preset retains the existing explanation (93.918967ms)
react-test-renderer is deprecated. See https://react.dev/warnings/react-test-renderer
✔ position-loading: slider blocks changes and preset retains the existing explanation (90.298649ms)
react-test-renderer is deprecated. See https://react.dev/warnings/react-test-renderer
✔ position-error: slider blocks changes and preset retains the existing explanation (91.316724ms)
react-test-renderer is deprecated. See https://react.dev/warnings/react-test-renderer
✔ unavailable: slider blocks changes and preset retains the existing explanation (87.399285ms)
react-test-renderer is deprecated. See https://react.dev/warnings/react-test-renderer
✔ inactive: slider blocks changes and preset retains the existing explanation (86.546857ms)
react-test-renderer is deprecated. See https://react.dev/warnings/react-test-renderer
✔ account: slider blocks changes and preset retains the existing explanation (85.381499ms)
react-test-renderer is deprecated. See https://react.dev/warnings/react-test-renderer
✔ quote/create pending protects every quantity input, then success resets percentage (106.194583ms)
✔ standalone account binding clears inputs when selection changes and cannot retarget an order (90.107226ms)
(node:951665) [MODULE_TYPELESS_PACKAGE_JSON] Warning: Module type of file:///home/nayuta/projects/trading-app/frontend/src/screens/order/quantityRatioNative.test.ts is not specified and it doesn't parse as CommonJS.
Reparsing as ES module because module syntax was detected. This incurs a performance overhead.
To eliminate this warning, add "type": "module" to /home/nayuta/projects/trading-app/frontend/package.json.
(Use `node --trace-warnings ...` to show where the warning was created)
✔ Android slider: installed RNGH receiver handles taps, horizontal drag, edges and cancellation (152.188243ms)
(node:951681) [MODULE_TYPELESS_PACKAGE_JSON] Warning: Module type of file:///home/nayuta/projects/trading-app/frontend/src/screens/quest/BeginnerLearningScreen.test.ts is not specified and it doesn't parse as CommonJS.
Reparsing as ES module because module syntax was detected. This incurs a performance overhead.
To eliminate this warning, add "type": "module" to /home/nayuta/projects/trading-app/frontend/package.json.
(Use `node --trace-warnings ...` to show where the warning was created)
react-test-renderer is deprecated. See https://react.dev/warnings/react-test-renderer
react-test-renderer is deprecated. See https://react.dev/warnings/react-test-renderer
react-test-renderer is deprecated. See https://react.dev/warnings/react-test-renderer
react-test-renderer is deprecated. See https://react.dev/warnings/react-test-renderer
✔ lists only the decided QUEST 01 with server-proven progress and opens its detail (175.85651ms)
react-test-renderer is deprecated. See https://react.dev/warnings/react-test-renderer
react-test-renderer is deprecated. See https://react.dev/warnings/react-test-renderer
react-test-renderer is deprecated. See https://react.dev/warnings/react-test-renderer
✔ shows loading and error as unknown progress, never as complete (63.149203ms)
✔ keeps the segment switch to the actual existing guide content and navigation (20.423831ms)
(node:951701) [MODULE_TYPELESS_PACKAGE_JSON] Warning: Module type of file:///home/nayuta/projects/trading-app/frontend/src/screens/quest/BeginnerQuestDetailScreen.test.ts is not specified and it doesn't parse as CommonJS.
Reparsing as ES module because module syntax was detected. This incurs a performance overhead.
To eliminate this warning, add "type": "module" to /home/nayuta/projects/trading-app/frontend/package.json.
(Use `node --trace-warnings ...` to show where the warning was created)
react-test-renderer is deprecated. See https://react.dev/warnings/react-test-renderer
react-test-renderer is deprecated. See https://react.dev/warnings/react-test-renderer
✔ teaches the four wallets, FX terms and both practices without invented numbers (116.002095ms)
react-test-renderer is deprecated. See https://react.dev/warnings/react-test-renderer
✔ starts at 0/2 and sends each practice to the existing Wallet screens (34.714865ms)
react-test-renderer is deprecated. See https://react.dev/warnings/react-test-renderer
✔ shows the proven FX at 1/2 and opens the existing transfer screen (35.738292ms)
react-test-renderer is deprecated. See https://react.dev/warnings/react-test-renderer
✔ marks the quest complete only at 2/2 and keeps it reviewable (22.058568ms)
react-test-renderer is deprecated. See https://react.dev/warnings/react-test-renderer
react-test-renderer is deprecated. See https://react.dev/warnings/react-test-renderer
✔ never shows completion while progress is loading, failed or stale (64.642126ms)
(node:951722) [MODULE_TYPELESS_PACKAGE_JSON] Warning: Module type of file:///home/nayuta/projects/trading-app/frontend/src/screens/record/recordPresentation.test.ts is not specified and it doesn't parse as CommonJS.
Reparsing as ES module because module syntax was detected. This incurs a performance overhead.
To eliminate this warning, add "type": "module" to /home/nayuta/projects/trading-app/frontend/package.json.
(Use `node --trace-warnings ...` to show where the warning was created)
react-test-renderer is deprecated. See https://react.dev/warnings/react-test-renderer
react-test-renderer is deprecated. See https://react.dev/warnings/react-test-renderer
✔ detail: canonical results, lean information and scoped history CTA (227.985433ms)
react-test-renderer is deprecated. See https://react.dev/warnings/react-test-renderer
✔ detail: unavailable hides incomplete totals and technical errors (81.563699ms)
react-test-renderer is deprecated. See https://react.dev/warnings/react-test-renderer
✔ detail: partial_unavailable hides incomplete totals and technical errors (65.117614ms)
react-test-renderer is deprecated. See https://react.dev/warnings/react-test-renderer
✔ profit: canonical results, lean information and scoped history CTA (115.290326ms)
react-test-renderer is deprecated. See https://react.dev/warnings/react-test-renderer
✔ profit: unavailable hides incomplete totals and technical errors (67.483541ms)
react-test-renderer is deprecated. See https://react.dev/warnings/react-test-renderer
✔ profit: partial_unavailable hides incomplete totals and technical errors (56.554798ms)
react-test-renderer is deprecated. See https://react.dev/warnings/react-test-renderer
react-test-renderer is deprecated. See https://react.dev/warnings/react-test-renderer
✔ active/ended seasons never label rank/tier or performance as final (98.383992ms)
✔ all displayed signs use semantic financial roles; zero/missing and assets are neutral (0.207051ms)
react-test-renderer is deprecated. See https://react.dev/warnings/react-test-renderer
✔ profit analysis forwards selection diagnostics through the existing admin role gate (99.291456ms)
react-test-renderer is deprecated. See https://react.dev/warnings/react-test-renderer
✔ profit analysis forwards selection diagnostics through the existing user role gate (88.379077ms)
✔ profit analysis forwards selection diagnostics through the existing operator role gate (78.012728ms)
(node:951756) [MODULE_TYPELESS_PACKAGE_JSON] Warning: Module type of file:///home/nayuta/projects/trading-app/frontend/src/screens/wallet/WalletScreen.test.ts is not specified and it doesn't parse as CommonJS.
Reparsing as ES module because module syntax was detected. This incurs a performance overhead.
To eliminate this warning, add "type": "module" to /home/nayuta/projects/trading-app/frontend/package.json.
(Use `node --trace-warnings ...` to show where the warning was created)
▶ selected account Wallet and shared Home holdings
  ✔ general lazily loads daily equity and resets its selected range on account switch (295.714292ms)
  ✔ season lazily loads daily equity and resets its selected range on account switch (121.667379ms)
  ✔ general shares the Hero and name/value/return rows and preserves preview vs full holdings (97.682255ms)
  ✔ general scopes every read and completes offset pagination beyond 100 (88.829743ms)
  ✔ season shares the Hero and name/value/return rows and preserves preview vs full holdings (83.801515ms)
  ✔ season scopes every read and completes offset pagination beyond 100 (78.919598ms)
  ✔ switches immediately discard previous total, cash, holdings and return (66.711363ms)
  ✔ an unavailable total preserves independently known cash and stale/unavailable holdings (70.188571ms)
  ✔ suspended disables exchange while preserving readable holdings and history (71.945597ms)
  ✔ closed disables exchange while preserving readable holdings and history (68.332973ms)
  ✔ fails closed on integrity errors while transient failures stay local and retryable (67.998392ms)
✔ selected account Wallet and shared Home holdings (1112.639504ms)
(node:951806) [MODULE_TYPELESS_PACKAGE_JSON] Warning: Module type of file:///home/nayuta/projects/trading-app/frontend/src/screens/wallet/WalletTransferScreen.test.ts is not specified and it doesn't parse as CommonJS.
Reparsing as ES module because module syntax was detected. This incurs a performance overhead.
To eliminate this warning, add "type": "module" to /home/nayuta/projects/trading-app/frontend/package.json.
(Use `node --trace-warnings ...` to show where the warning was created)
react-test-renderer is deprecated. See https://react.dev/warnings/react-test-renderer
react-test-renderer is deprecated. See https://react.dev/warnings/react-test-renderer
✔ A: compact USD form executes directly and shows its scoped receipt (229.769598ms)
react-test-renderer is deprecated. See https://react.dev/warnings/react-test-renderer
✔ B: compact USD form executes directly and shows its scoped receipt (92.487482ms)
react-test-renderer is deprecated. See https://react.dev/warnings/react-test-renderer
✔ dropdowns are mutually exclusive, exclude opposite wallet and close on selection (169.920854ms)
react-test-renderer is deprecated. See https://react.dev/warnings/react-test-renderer
✔ securities → crypto_spot uses only exact USD wallet IDs (73.675795ms)
react-test-renderer is deprecated. See https://react.dev/warnings/react-test-renderer
✔ securities → crypto_futures uses only exact USD wallet IDs (114.420065ms)
react-test-renderer is deprecated. See https://react.dev/warnings/react-test-renderer
✔ crypto_spot → securities uses only exact USD wallet IDs (214.693022ms)
react-test-renderer is deprecated. See https://react.dev/warnings/react-test-renderer
✔ crypto_spot → crypto_futures uses only exact USD wallet IDs (157.715617ms)
react-test-renderer is deprecated. See https://react.dev/warnings/react-test-renderer
✔ crypto_futures → securities uses only exact USD wallet IDs (161.958736ms)
react-test-renderer is deprecated. See https://react.dev/warnings/react-test-renderer
✔ crypto_futures → crypto_spot uses only exact USD wallet IDs (111.133837ms)
react-test-renderer is deprecated. See https://react.dev/warnings/react-test-renderer
✔ late A success after B cannot affect current form (117.762691ms)
react-test-renderer is deprecated. See https://react.dev/warnings/react-test-renderer
✔ late A failure after B cannot affect current form (117.140411ms)
react-test-renderer is deprecated. See https://react.dev/warnings/react-test-renderer
✔ late A success after B→A cannot affect current form (133.680889ms)
react-test-renderer is deprecated. See https://react.dev/warnings/react-test-renderer
✔ late A failure after B→A cannot affect current form (134.536856ms)
react-test-renderer is deprecated. See https://react.dev/warnings/react-test-renderer
✔ uncertain retry reuses the exact command even when refreshed cash reflects its debit (89.510992ms)
react-test-renderer is deprecated. See https://react.dev/warnings/react-test-renderer
✔ amount intent changed away and back gets a fresh key (96.738594ms)
react-test-renderer is deprecated. See https://react.dev/warnings/react-test-renderer
✔ source intent changed away and back gets a fresh key (176.894694ms)
react-test-renderer is deprecated. See https://react.dev/warnings/react-test-renderer
✔ destination intent changed away and back gets a fresh key (176.101007ms)
react-test-renderer is deprecated. See https://react.dev/warnings/react-test-renderer
✔ account intent changed away and back gets a fresh key (137.727666ms)
react-test-renderer is deprecated. See https://react.dev/warnings/react-test-renderer
✔ canonical-equivalent formatting retains the retry key (87.422887ms)
react-test-renderer is deprecated. See https://react.dev/warnings/react-test-renderer
✔ rapid duplicate and stale input/dropdown handlers cannot replace a pending command (81.689528ms)
react-test-renderer is deprecated. See https://react.dev/warnings/react-test-renderer
✔ loading fails closed (37.762398ms)
react-test-renderer is deprecated. See https://react.dev/warnings/react-test-renderer
✔ offline fails closed (45.129778ms)
react-test-renderer is deprecated. See https://react.dev/warnings/react-test-renderer
✔ integrity fails closed (38.550029ms)
react-test-renderer is deprecated. See https://react.dev/warnings/react-test-renderer
✔ missing fails closed (36.786828ms)
react-test-renderer is deprecated. See https://react.dev/warnings/react-test-renderer
✔ duplicate fails closed (38.129513ms)
react-test-renderer is deprecated. See https://react.dev/warnings/react-test-renderer
✔ wrong-account fails closed (45.445733ms)
react-test-renderer is deprecated. See https://react.dev/warnings/react-test-renderer
✔ reserved fails closed (38.595728ms)
react-test-renderer is deprecated. See https://react.dev/warnings/react-test-renderer
✔ inactive fails closed (38.137461ms)
react-test-renderer is deprecated. See https://react.dev/warnings/react-test-renderer
✔ missing KRW wallet does not block this USD-only screen (61.48981ms)
react-test-renderer is deprecated. See https://react.dev/warnings/react-test-renderer
✔ Futures outgoing availability and validation use margin-aware free collateral, not cash (93.483122ms)
react-test-renderer is deprecated. See https://react.dev/warnings/react-test-renderer
✔ Futures background refresh retains validated collateral until the new 10.00000000 result (126.564778ms)
react-test-renderer is deprecated. See https://react.dev/warnings/react-test-renderer
✔ Futures background refresh retains validated collateral until the new null result (126.173464ms)
react-test-renderer is deprecated. See https://react.dev/warnings/react-test-renderer
✔ Futures background refresh error blocks outgoing transfer even with cached valid collateral (208.984191ms)
react-test-renderer is deprecated. See https://react.dev/warnings/react-test-renderer
✔ Futures null never falls back to cash; incoming remains available (227.116407ms)
react-test-renderer is deprecated. See https://react.dev/warnings/react-test-renderer
✔ Futures stale-mark never falls back to cash; incoming remains available (214.749649ms)
react-test-renderer is deprecated. See https://react.dev/warnings/react-test-renderer
✔ Futures error never falls back to cash; incoming remains available (212.179321ms)
react-test-renderer is deprecated. See https://react.dev/warnings/react-test-renderer
✔ Futures loading never falls back to cash; incoming remains available (231.416348ms)
react-test-renderer is deprecated. See https://react.dev/warnings/react-test-renderer
✔ Futures wrong-wallet never falls back to cash; incoming remains available (221.937772ms)
react-test-renderer is deprecated. See https://react.dev/warnings/react-test-renderer
✔ Futures wrong-account never falls back to cash; incoming remains available (213.816026ms)
react-test-renderer is deprecated. See https://react.dev/warnings/react-test-renderer
✔ Futures malformed never falls back to cash; incoming remains available (213.658952ms)
react-test-renderer is deprecated. See https://react.dev/warnings/react-test-renderer
✔ Futures negative never falls back to cash; incoming remains available (208.011306ms)
react-test-renderer is deprecated. See https://react.dev/warnings/react-test-renderer
✔ late Futures A read never supplies collateral to B (193.046644ms)
react-test-renderer is deprecated. See https://react.dev/warnings/react-test-renderer
✔ Futures none positions use the server collateral result (80.660193ms)
react-test-renderer is deprecated. See https://react.dev/warnings/react-test-renderer
✔ Futures isolated positions use the server collateral result (79.110099ms)
react-test-renderer is deprecated. See https://react.dev/warnings/react-test-renderer
✔ Futures cross positions use the server collateral result (80.200533ms)
react-test-renderer is deprecated. See https://react.dev/warnings/react-test-renderer
✔ Futures zero positions use the server collateral result (87.626574ms)
react-test-renderer is deprecated. See https://react.dev/warnings/react-test-renderer
✔ late wallet A read cannot populate B while B is loading (136.281293ms)
react-test-renderer is deprecated. See https://react.dev/warnings/react-test-renderer
✔ unverifiable response retries with the original key and never shows a false receipt (115.085043ms)
react-test-renderer is deprecated. See https://react.dev/warnings/react-test-renderer
✔ Futures insufficient collateral rejection uses a safe actionable product message (105.879731ms)
react-test-renderer is deprecated. See https://react.dev/warnings/react-test-renderer
✔ web: focus hook measures input/CTA and dropdown blurs before dismiss (83.752239ms)
react-test-renderer is deprecated. See https://react.dev/warnings/react-test-renderer
✔ android: focus hook measures input/CTA and dropdown blurs before dismiss (90.515953ms)
react-test-renderer is deprecated. See https://react.dev/warnings/react-test-renderer
✔ ios: focus hook measures input/CTA and dropdown blurs before dismiss (84.3346ms)
react-test-renderer is deprecated. See https://react.dev/warnings/react-test-renderer
✔ short keyboard viewport prioritizes input while CTA remains scrollable (37.904454ms)
✔ validated success remains visible if the subsequent wallet refresh fails (82.029715ms)
(node:952063) [MODULE_TYPELESS_PACKAGE_JSON] Warning: Module type of file:///home/nayuta/projects/trading-app/frontend/src/screens/wallet/walletRefresh.test.ts is not specified and it doesn't parse as CommonJS.
Reparsing as ES module because module syntax was detected. This incurs a performance overhead.
To eliminate this warning, add "type": "module" to /home/nayuta/projects/trading-app/frontend/package.json.
(Use `node --trace-warnings ...` to show where the warning was created)
react-test-renderer is deprecated. See https://react.dev/warnings/react-test-renderer
react-test-renderer is deprecated. See https://react.dev/warnings/react-test-renderer
✔ general: Wallet refresh includes only expanded account equity and drops delayed outgoing data (493.128021ms)
✔ season: Wallet refresh includes only expanded account equity and drops delayed outgoing data (366.854216ms)
(node:952101) [MODULE_TYPELESS_PACKAGE_JSON] Warning: Module type of file:///home/nayuta/projects/trading-app/frontend/src/services/api/diagnosticSafety.test.ts is not specified and it doesn't parse as CommonJS.
Reparsing as ES module because module syntax was detected. This incurs a performance overhead.
To eliminate this warning, add "type": "module" to /home/nayuta/projects/trading-app/frontend/package.json.
(Use `node --trace-warnings ...` to show where the warning was created)
✔ sanitizes both direct partial diagnostics and HTTP errors without modifying financial responses (1.960286ms)
✔ bounds nested, cyclic and oversized input and rejects malformed optional fields (0.67788ms)
✔ request runtime retains only observed allowlisted facts and never invents a backend stage (0.258755ms)
✔ bounds object reads before inspecting oversized or unreadable evidence (0.466049ms)
(node:952108) [MODULE_TYPELESS_PACKAGE_JSON] Warning: Module type of file:///home/nayuta/projects/trading-app/frontend/src/services/api/errorMapper.test.ts is not specified and it doesn't parse as CommonJS.
Reparsing as ES module because module syntax was detected. This incurs a performance overhead.
To eliminate this warning, add "type": "module" to /home/nayuta/projects/trading-app/frontend/package.json.
(Use `node --trace-warnings ...` to show where the warning was created)
▶ public error presentation
  ✔ never copies unknown code, server message or client exception text (0.800207ms)
  ✔ keeps future Futures consumers safe without adding a Futures UI (0.32041ms)
  ✔ uses safe fixed copy for every known code (0.300705ms)
  ✔ keeps actionable domain guidance and unchanged control-flow information (0.18586ms)
✔ public error presentation (2.306965ms)
(node:952117) [MODULE_TYPELESS_PACKAGE_JSON] Warning: Module type of file:///home/nayuta/projects/trading-app/frontend/src/services/api/sessionExpiry.test.ts is not specified and it doesn't parse as CommonJS.
Reparsing as ES module because module syntax was detected. This incurs a performance overhead.
To eliminate this warning, add "type": "module" to /home/nayuta/projects/trading-app/frontend/package.json.
(Use `node --trace-warnings ...` to show where the warning was created)
▶ session expiry notice
  ✔ runs a registered handler once, immediately (0.58369ms)
  ✔ delivers an expiry that happened BEFORE the handler registered (0.735233ms)
  ✔ delivers a pending expiry exactly once, not on every re-registration (0.168227ms)
  ✔ tears down ONCE for a burst of parallel 401s (0.268597ms)
  ✔ tears down once even when the burst straddles handler registration (0.222932ms)
  ✔ does not re-enter when a handler notifies again while running (0.164608ms)
  ✔ re-arms for the NEXT session after a new session begins (0.159783ms)
  ✔ never delivers the previous session’s expiry into a new session (0.229145ms)
  ✔ keeps remembering an expiry while no handler is registered (0.292593ms)
✔ session expiry notice (3.598893ms)
(node:952126) [MODULE_TYPELESS_PACKAGE_JSON] Warning: Module type of file:///home/nayuta/projects/trading-app/frontend/src/services/ws/realtimeSocketManager.test.ts is not specified and it doesn't parse as CommonJS.
Reparsing as ES module because module syntax was detected. This incurs a performance overhead.
To eliminate this warning, add "type": "module" to /home/nayuta/projects/trading-app/frontend/package.json.
(Use `node --trace-warnings ...` to show where the warning was created)
▶ RealtimeSocketManager
  ✔ shares and restores reference-counted order book subscriptions without disturbing ticker/candle (17.489702ms)
  ✔ shares FX with price channels, isolates pairs and restores the FX subscription (14.858633ms)
  ✔ shares ONE socket between ticker and candle subscriptions (5.94516ms)
  ✔ reference-counts duplicate subscriptions and unsubscribes on the last release (10.644134ms)
  ✔ keeps the socket alive while another hook still subscribes (5.15187ms)
  ✔ routes ticker and candle messages only to their own subscriptions (5.329503ms)
  ✔ restores every active subscription after a reconnect and emits restored (17.229366ms)
  ✔ stops reconnecting after an auth failure (1008) and reports auth_failed (16.943294ms)
  ✔ treats an UNAUTHORIZED error message as terminal auth failure (16.903866ms)
  ✔ routes channel control messages (resync_required) to the matching subscription (5.993141ms)
  ✔ reconnects with a fresh token on demand without dropping subscriptions (11.712009ms)
✔ RealtimeSocketManager (129.248199ms)
▶ shared runtime evidence
  ✔ records connect, close, backoff, restore/re-ACK and last-subscriber teardown (0.833831ms)
  ✔ records close auth failure and stops reconnect (0.158652ms)
  ✔ records auth_failed auth failure and stops reconnect (0.07472ms)
  ✔ records UNAUTHORIZED auth failure and stops reconnect (0.535411ms)
  ✔ preserves token-loader fallback and socket-create retry with safe reasons (0.464608ms)
  ✔ records scoped/unknown subscription errors without secrets or new frames, and isolates throwing listeners (0.369437ms)
  ✔ keeps manual fresh-token restoration and records its cause before opening (0.17399ms)
✔ shared runtime evidence (2.872692ms)
(node:952139) [MODULE_TYPELESS_PACKAGE_JSON] Warning: Module type of file:///home/nayuta/projects/trading-app/frontend/src/theme/appearance.test.ts is not specified and it doesn't parse as CommonJS.
Reparsing as ES module because module syntax was detected. This incurs a performance overhead.
To eliminate this warning, add "type": "module" to /home/nayuta/projects/trading-app/frontend/package.json.
(Use `node --trace-warnings ...` to show where the warning was created)
react-test-renderer is deprecated. See https://react.dev/warnings/react-test-renderer
✔ dark neutral surfaces preserve hierarchy and improve text and secondary accent contrast (58.649709ms)
✔ action colors retain small-label contrast without borrowing financial or error tokens (15.855875ms)
react-test-renderer is deprecated. See https://react.dev/warnings/react-test-renderer
react-test-renderer is deprecated. See https://react.dev/warnings/react-test-renderer
✔ system follows OS changes; explicit light/dark override and persist on this device (29.181001ms)
react-test-renderer is deprecated. See https://react.dev/warnings/react-test-renderer
✔ system → light → dark → system uses non-null native overrides and resumes OS appearance (12.418794ms)
react-test-renderer is deprecated. See https://react.dev/warnings/react-test-renderer
✔ restores stored system before mounting children or applying native appearance (10.009292ms)
react-test-renderer is deprecated. See https://react.dev/warnings/react-test-renderer
✔ restores stored light before mounting children or applying native appearance (10.119729ms)
react-test-renderer is deprecated. See https://react.dev/warnings/react-test-renderer
✔ restores stored dark before mounting children or applying native appearance (9.275276ms)
react-test-renderer is deprecated. See https://react.dev/warnings/react-test-renderer
react-test-renderer is deprecated. See https://react.dev/warnings/react-test-renderer
✔ unset/invalid preference null and read failure fall back to light without writes (19.019547ms)
react-test-renderer is deprecated. See https://react.dev/warnings/react-test-renderer
react-test-renderer is deprecated. See https://react.dev/warnings/react-test-renderer
✔ unset/invalid preference  and read failure fall back to light without writes (17.137471ms)
react-test-renderer is deprecated. See https://react.dev/warnings/react-test-renderer
react-test-renderer is deprecated. See https://react.dev/warnings/react-test-renderer
✔ unset/invalid preference unexpected and read failure fall back to light without writes (12.808213ms)
react-test-renderer is deprecated. See https://react.dev/warnings/react-test-renderer
✔ write failure preserves the explicit in-session choice and existing disk choice (7.347056ms)
react-test-renderer is deprecated. See https://react.dev/warnings/react-test-renderer
✔ stored dark choice is read before navigation children mount (6.423422ms)
react-test-renderer is deprecated. See https://react.dev/warnings/react-test-renderer
react-test-renderer is deprecated. See https://react.dev/warnings/react-test-renderer
✔ financial preference defaults to Red/Blue, applies instantly, survives remount and OS changes (7.470257ms)
react-test-renderer is deprecated. See https://react.dev/warnings/react-test-renderer
react-test-renderer is deprecated. See https://react.dev/warnings/react-test-renderer
react-test-renderer is deprecated. See https://react.dev/warnings/react-test-renderer
✔ financial restore gates children; invalid/read/write failure uses the default (18.890454ms)
✔ rapid financial choices persist the final choice independently of appearance (6.404186ms)
✔ real logout and login leave device financial preference intact (77.328039ms)
(node:952159) [MODULE_TYPELESS_PACKAGE_JSON] Warning: Module type of file:///home/nayuta/projects/trading-app/frontend/src/theme/financialColors.test.ts is not specified and it doesn't parse as CommonJS.
Reparsing as ES module because module syntax was detected. This incurs a performance overhead.
To eliminate this warning, add "type": "module" to /home/nayuta/projects/trading-app/frontend/package.json.
(Use `node --trace-warnings ...` to show where the warning was created)
✔ new, invalid and missing preferences use Red/Blue; Green/Red is explicit (0.402815ms)
✔ light red_blue: text/surfaces retain their theme policy; actions/candles have separate roles (0.411472ms)
✔ light green_red: text/surfaces retain their theme policy; actions/candles have separate roles (0.135232ms)
✔ dark red_blue: text/surfaces retain their theme policy; actions/candles have separate roles (0.082213ms)
✔ dark green_red: text/surfaces retain their theme policy; actions/candles have separate roles (0.17762ms)
✔ only explicit financial tokens resolve; status, brand and cashflow retain their meanings (0.219527ms)
(node:952168) [MODULE_TYPELESS_PACKAGE_JSON] Warning: Module type of file:///home/nayuta/projects/trading-app/frontend/src/theme/native.test.ts is not specified and it doesn't parse as CommonJS.
Reparsing as ES module because module syntax was detected. This incurs a performance overhead.
To eliminate this warning, add "type": "module" to /home/nayuta/projects/trading-app/frontend/package.json.
(Use `node --trace-warnings ...` to show where the warning was created)
react-test-renderer is deprecated. See https://react.dev/warnings/react-test-renderer
✔ secondary action roles resolve exact appearance colors independently of financial and global selection roles (43.861342ms)
✔ explicit semantic tokens resolve in both modes; arbitrary hex is never inferred (13.519418ms)
✔ shared native TextInput keeps value, placeholder, caret and selection visible in both modes (12.449878ms)
react-test-renderer is deprecated. See https://react.dev/warnings/react-test-renderer
✔ 320px Order keeps two columns and native quantity, amount and limit values (274.640084ms)
react-test-renderer is deprecated. See https://react.dev/warnings/react-test-renderer
✔ 360px Order keeps two columns and native quantity, amount and limit values (139.03047ms)
react-test-renderer is deprecated. See https://react.dev/warnings/react-test-renderer
✔ 390px Order keeps two columns and native quantity, amount and limit values (118.63675ms)
✔ wide Order also keeps the trading and quote columns (118.969894ms)
✔ financial roles stay distinct from neutral roles in the actual palettes (5.310586ms)
✔ surface hierarchy uses white light cards and neutral charcoal dark cards with inset controls (6.499027ms)
✔ actual native wrappers resolve both financial presets while UI status colors remain unchanged (11.612183ms)
(node:952204) [MODULE_TYPELESS_PACKAGE_JSON] Warning: Module type of file:///home/nayuta/projects/trading-app/frontend/src/theme/screenLayout.test.ts is not specified and it doesn't parse as CommonJS.
Reparsing as ES module because module syntax was detected. This incurs a performance overhead.
To eliminate this warning, add "type": "module" to /home/nayuta/projects/trading-app/frontend/package.json.
(Use `node --trace-warnings ...` to show where the warning was created)
✔ web root content shares a centered 1120px cap without restricting the scroll viewport (0.665562ms)
✔ native screens keep their existing width and padding policies (0.097157ms)
(node:952213) [MODULE_TYPELESS_PACKAGE_JSON] Warning: Module type of file:///home/nayuta/projects/trading-app/frontend/src/theme/useReducedMotion.test.ts is not specified and it doesn't parse as CommonJS.
Reparsing as ES module because module syntax was detected. This incurs a performance overhead.
To eliminate this warning, add "type": "module" to /home/nayuta/projects/trading-app/frontend/package.json.
(Use `node --trace-warnings ...` to show where the warning was created)
react-test-renderer is deprecated. See https://react.dev/warnings/react-test-renderer
react-test-renderer is deprecated. See https://react.dev/warnings/react-test-renderer
✔ unknown preference is motion-safe; a late initial read cannot override a live change (44.040681ms)
react-test-renderer is deprecated. See https://react.dev/warnings/react-test-renderer
✔ android: resolves OS setting, updates live and removes its subscription (11.29886ms)
react-test-renderer is deprecated. See https://react.dev/warnings/react-test-renderer
✔ ios: resolves OS setting, updates live and removes its subscription (8.372607ms)
react-test-renderer is deprecated. See https://react.dev/warnings/react-test-renderer
✔ web follows prefers-reduced-motion and cleans up on unmount (6.49938ms)
✔ failed native preference read retains static feedback policy (6.311022ms)
(node:952226) [MODULE_TYPELESS_PACKAGE_JSON] Warning: Module type of file:///home/nayuta/projects/trading-app/frontend/src/utils/assetPriceFormat.test.ts is not specified and it doesn't parse as CommonJS.
Reparsing as ES module because module syntax was detected. This incurs a performance overhead.
To eliminate this warning, add "type": "module" to /home/nayuta/projects/trading-app/frontend/package.json.
(Use `node --trace-warnings ...` to show where the warning was created)
▶ formatAssetPrice
  ✔ uses the declared decimals for Binance USD prices (0.802011ms)
  ✔ does not truncate low-priced coins to two decimals (0.19456ms)
  ✔ removes zero padding after applying the declared precision (0.198712ms)
  ✔ keeps thousands separators (0.234385ms)
  ✔ rounds half-up on the decimal string, without float drift (0.154179ms)
  ✔ never shows exponent notation (0.108034ms)
  ✔ falls back to the 2-decimal policy without declared decimals (0.105718ms)
  ✔ keeps KRW asset prices in 원 units even if decimals are sent (0.144103ms)
  ✔ renders missing/invalid values as the shared placeholder (0.115987ms)
  ✔ handles negative values and removes rounded negative zero (0.240373ms)
✔ formatAssetPrice (2.95849ms)
▶ money display keeps its rounding policy
  ✔ rounds wallet/total USD amounts to 2 decimals and trims padding (0.127547ms)
  ✔ keeps KRW amounts as whole 원 (0.038427ms)
✔ money display keeps its rounding policy (0.265875ms)
▶ getAssetPriceText
  ✔ formats a list row with the asset precision (0.19582ms)
  ✔ produces the same string the detail screen shows (0.117759ms)
  ✔ still shows the placeholder when no price is available (0.150593ms)
  ✔ keeps the previous formatting for assets without declared decimals (0.096634ms)
✔ getAssetPriceText (0.760221ms)
(node:952234) [MODULE_TYPELESS_PACKAGE_JSON] Warning: Module type of file:///home/nayuta/projects/trading-app/frontend/src/utils/displayDecimalCoverage.test.ts is not specified and it doesn't parse as CommonJS.
Reparsing as ES module because module syntax was detected. This incurs a performance overhead.
To eliminate this warning, add "type": "module" to /home/nayuta/projects/trading-app/frontend/package.json.
(Use `node --trace-warnings ...` to show where the warning was created)
▶ app-wide decimal display coverage
  ✔ routes direct decimal fields through display formatters (0.667569ms)
  ✔ formats USD wallet balances and generic chart labels consistently (1.007993ms)
✔ app-wide decimal display coverage (2.210994ms)
(node:952242) [MODULE_TYPELESS_PACKAGE_JSON] Warning: Module type of file:///home/nayuta/projects/trading-app/frontend/src/utils/displayPolicyContract.test.ts is not specified and it doesn't parse as CommonJS.
Reparsing as ES module because module syntax was detected. This incurs a performance overhead.
To eliminate this warning, add "type": "module" to /home/nayuta/projects/trading-app/frontend/package.json.
(Use `node --trace-warnings ...` to show where the warning was created)
▶ numeric asset symbol display contract
  ✔ uses shared helpers across market, detail, order and record surfaces (0.442544ms)
  ✔ keeps numeric-symbol search wired to the API query (0.182039ms)
  ✔ does not render raw market-row symbols or dangling separators (0.125807ms)
✔ numeric asset symbol display contract (1.40786ms)
▶ separate asset and account availability display contract
  ✔ keeps market list and search independent of account mode (0.228034ms)
  ✔ sanitizes asset reasons on detail and order surfaces (0.592956ms)
  ✔ uses account-aware capability and API-error messages (0.104725ms)
✔ separate asset and account availability display contract (1.075913ms)
▶ KST timestamp display contract
  ✔ routes every current user-facing timestamp surface through the helper (0.469582ms)
  ✔ keeps date-only fields out of the datetime formatter (0.268949ms)
✔ KST timestamp display contract (1.094497ms)
(node:952251) [MODULE_TYPELESS_PACKAGE_JSON] Warning: Module type of file:///home/nayuta/projects/trading-app/frontend/src/utils/format.test.ts is not specified and it doesn't parse as CommonJS.
Reparsing as ES module because module syntax was detected. This incurs a performance overhead.
To eliminate this warning, add "type": "module" to /home/nayuta/projects/trading-app/frontend/package.json.
(Use `node --trace-warnings ...` to show where the warning was created)
▶ formatDisplayDecimal trims fractional padding without parsing identifiers
  ✔ removes only trailing fractional zeros (0.788273ms)
  ✔ preserves integer zeros, separators and meaningful signs (0.090059ms)
  ✔ does not reinterpret symbols, timestamps, UUIDs or IDs (0.055699ms)
✔ formatDisplayDecimal trims fractional padding without parsing identifiers (1.397582ms)
▶ formatKrw
  ✔ null / undefined / "" render as "-" (0.132585ms)
  ✔ rounds to an integer and adds thousands separators (0.188262ms)
  ✔ handles negative amounts (0.116328ms)
✔ formatKrw (0.709977ms)
▶ formatUsd
  ✔ null / undefined / "" render as "-" (0.16448ms)
  ✔ rounds to 2 decimals, trims padding and adds separators (0.14833ms)
  ✔ handles negative amounts (0.050831ms)
✔ formatUsd (0.686558ms)
✔ normalizeCurrencyCode (0.088191ms)
▶ formatCurrency (bare magnitude, currency shown separately)
  ✔ null / undefined / "" render as "-" (0.051034ms)
  ✔ KRW renders as a bare integer (0.131817ms)
  ✔ USD rounds to 2 places and removes padding (0.115592ms)
  ✔ negative amounts keep their sign (0.11223ms)
  ✔ lower-case / padded currency codes are normalized (0.083974ms)
  ✔ unknown currency falls back to a plain 2-decimal number (0.103637ms)
✔ formatCurrency (bare magnitude, currency shown separately) (1.049494ms)
▶ formatMoney (unit-carrying display)
  ✔ null / undefined / "" render as "-" (0.076802ms)
  ✔ KRW renders as an integer with the 원 unit (0.037114ms)
  ✔ USD renders with a $ prefix and trimmed 2-place rounding (0.035866ms)
  ✔ negative amounts keep their sign (0.025095ms)
  ✔ lower-case / padded currency codes are normalized (0.026963ms)
  ✔ unknown currency falls back to a plain 2-decimal number (0.025917ms)
✔ formatMoney (unit-carrying display) (0.426864ms)
▶ formatPercent
  ✔ null / undefined / "" render as "-" (0.036922ms)
  ✔ rounds to the requested precision and trims padding (0.035204ms)
✔ formatPercent (0.134998ms)
▶ getAssetNameDisplay
  ✔ hides pure numeric stock symbols while keeping the name (0.415047ms)
  ✔ keeps useful non-numeric symbols as secondary text (0.04654ms)
  ✔ falls back to symbol as primary when name is missing (0.149781ms)
  ✔ name-only keeps secondary null (0.128379ms)
  ✔ identical name and symbol are not duplicated (0.103733ms)
  ✔ empty asset renders as "-" (0.084903ms)
✔ getAssetNameDisplay (1.275937ms)
▶ asset symbol display policy
  ✔ hides only pure numeric symbols (0.094276ms)
  ✔ keeps market text without an empty separator (0.117214ms)
✔ asset symbol display policy (0.391895ms)
▶ formatKstDateTime
  ✔ converts UTC instants to fixed KST minute precision (0.269045ms)
  ✔ handles date rollover and explicit KST offsets (0.064579ms)
  ✔ returns a placeholder for missing and invalid values (0.115314ms)
  ✔ does not expose seconds, milliseconds or offsets (0.175933ms)
  ✔ is independent of the process/device timezone (1.739682ms)
✔ formatKstDateTime (2.67416ms)
(node:952258) [MODULE_TYPELESS_PACKAGE_JSON] Warning: Module type of file:///home/nayuta/projects/trading-app/frontend/src/utils/priceDisplay.test.ts is not specified and it doesn't parse as CommonJS.
Reparsing as ES module because module syntax was detected. This incurs a performance overhead.
To eliminate this warning, add "type": "module" to /home/nayuta/projects/trading-app/frontend/package.json.
(Use `node --trace-warnings ...` to show where the warning was created)
▶ getUnavailablePriceText
  ✔ stock + closed market → 휴장시간 (0.925459ms)
  ✔ unknown market status → 시세 준비 중 (never 휴장시간) (0.087903ms)
  ✔ open market with provider outage → 시세 준비 중 (0.050734ms)
  ✔ crypto never shows 휴장시간 (0.095717ms)
  ✔ missing fields fall back to 시세 준비 중 (0.104693ms)
✔ getUnavailablePriceText (2.142742ms)
▶ getAssetPriceText (market list rows)
  ✔ closed stock without price → 휴장시간 (0.122829ms)
  ✔ unknown status without price → 시세 준비 중 (0.170575ms)
  ✔ open market, provider price missing → 시세 준비 중 (0.142341ms)
  ✔ closed stock with carry-forward price keeps the price (0.340573ms)
  ✔ crypto without price keeps 시세 준비 중 (0.055645ms)
  ✔ open market with available price renders it (0.095524ms)
✔ getAssetPriceText (market list rows) (1.485089ms)
ℹ tests 2120
ℹ suites 205
ℹ pass 2119
ℹ fail 1
ℹ cancelled 0
ℹ skipped 0
ℹ todo 0
ℹ duration_ms 157213.70947

✖ failing tests:

test at src/screens/futures/FuturesScreen.test.ts:79:9
✖ B 롱(Long) 격리(Isolated) 37x opens through account API (150.530916ms)
  AssertionError [ERR_ASSERTION]: Expected values to be strictly equal:
  + actual - expected
  
  + 'disabled'
  - 'enabled'
  
      at TestContext.<anonymous> (file:///home/nayuta/projects/trading-app/frontend/src/screens/futures/FuturesScreen.test.ts:87:18)
      at async Test.run (node:internal/test_runner/test:1125:7)
      at async Test.processPendingSubtests (node:internal/test_runner/test:787:7) {
    generatedMessage: true,
    code: 'ERR_ASSERTION',
    actual: 'disabled',
    expected: 'enabled',
    operator: 'strictEqual',
    diff: 'simple'
  }
